ticker,company_name,asset_type,exchange,sector,currency,latest_entry_price,events,recovered_events,recovery_rate_pct,avg_dividend_yield_pct,median_dividend_yield_pct,avg_ex_drop_pct,latest_ex_dividend_date,median_recovery_days,avg_recovery_days,std_recovery_days,avg_annualized_return_pct,median_annualized_return_pct,best_annualized_return_pct,std_annualized_return_pct,risk_adjusted_tae_pct,expected_tae_pct,speed_score,security_score,stability_score,capture_score,speed_cluster,safety_cluster,stability_cluster,capture_cluster
SND,"Smart Sand, Inc.",Stock,Nasdaq,1400,USD,5.039999961853027,6,6,100.0,2.798639409624194,1.984126999144532,0.6707493484077509,2026-04-22,1.0,16.666666666666668,24.270695636233146,1406.0457546658145,2027.776549943111,2127.301794260709,1041.2248739034767,1021.5033845128308,1021.5033845128308,99.0,100.0,75.72930436376686,88.85803506418924,Muy rapida,Alta,Variable,Rapido y rentable
AAME,ATLANTIC AMERICAN CORP,Stock,Nasdaq,6311,USD,1.309999942779541,2,2,100.0,1.5267176239385367,1.5267176239385367,3.053441435840466,2025-04-09,1.0,1.0,0.0,1671.758056819336,1671.758056819336,1671.758056819336,0.0,557.2519327375659,557.2519327375659,99.0,100.0,100.0,91.22671762393854,Muy rapida,Alta,Muy estable,Rapido y rentable
BLCN,Siren NexGen Economy ETF,ETF/Fund,,,USD,24.075000762939453,2,2,100.0,1.5060758317848295,1.5060758317848295,2.3373299153509266,2025-12-19,1.0,1.0,0.0,1402.843097704551,1402.843097704551,1631.5880349391084,323.4941925612935,549.7176786014628,549.7176786014628,99.0,100.0,100.0,91.20607583178483,Muy rapida,Alta,Muy estable,Rapido y rentable
OXSQG,Oxford Square Capital Corp. 5.50% Notes due 2028,Note/Bond,,,USD,23.93000030517578,3,3,100.0,1.466614676529945,1.481042712448733,-0.09261120181794584,2026-04-15,1.0,3.6666666666666665,4.618802153517007,426.37679297522067,541.046774948247,667.963050193266,314.98542220623796,535.31435693343,535.31435693343,99.0,100.0,95.38119784648299,90.4737943535024,Muy rapida,Alta,Muy estable,Rapido y rentable
PFXNZ,PhenixFIN Corporation  5.25% Notes due 2028,Note/Bond,,,USD,23.75,4,4,100.0,1.4115085847124085,1.417358438459646,-0.033241165012844076,2025-10-15,1.0,1.25,0.5,482.9636400326735,510.4652927494949,628.5272851904367,144.91970781216222,515.2006334200291,515.2006334200291,99.0,100.0,99.5,91.03650858471241,Muy rapida,Alta,Muy estable,Rapido y rentable
INTR,Inter & Co. Inc. Class A Common Shares,Other Unmatched,,,USD,9.039999961853027,2,2,100.0,1.3704421394002577,1.3704421394002577,2.092602469009653,2026-02-20,1.0,1.0,0.0,1264.0112820696177,1264.0112820696177,1304.559499129369,57.3438384959485,500.211380881094,500.211380881094,99.0,100.0,100.0,91.07044213940026,Muy rapida,Alta,Muy estable,Rapido y rentable
TSMX,Direxion Daily TSM Bull 2X ETF,ETF/Fund,US Listed,,USD,102.52999877929688,7,7,100.0,1.3044441825688178,0.5662494586447386,0.5865133354329883,2026-06-23,1.0,12.285714285714286,18.652205282613686,1197.5645320259368,962.830523011128,3395.283931440906,1338.569659775588,476.1221266376185,476.1221266376185,99.0,100.0,81.34779471738631,88.20661339017677,Muy rapida,Alta,Variable,Rapido y rentable
CVBF,CVB FINANCIAL CORP,Stock,Nasdaq,6022,USD,19.38999938964844,10,10,100.0,1.0310607549120905,1.0314595476819466,-0.5085955006700777,2026-04-01,1.0,5.2,7.842901957254796,317.0502812801509,385.5024838111152,583.5493880351888,197.54441568370157,376.33717554291303,376.33717554291303,99.0,100.0,92.1570980427452,89.55462546132387,Muy rapida,Alta,Estable,Rapido y rentable
AMZU,Direxion Daily AMZN Bull 2X ETF,ETF/Fund,US Listed,,USD,32.08000183105469,7,7,100.0,1.0271376720096985,0.6113718243162569,-0.2695722782645986,2026-06-23,1.0,10.428571428571429,16.081636969508036,633.9660656698605,389.32364256954565,1520.3330251541004,560.7332242337293,374.90525028353994,374.90525028353994,99.0,100.0,83.91836303049196,88.3148921265835,Muy rapida,Alta,Variable,Rapido y rentable
MSM,MSC INDUSTRIAL DIRECT CO INC,Stock,NYSE,5084,USD,90.70999908447266,6,6,100.0,1.025188566298063,1.0040356005552373,1.798222197320806,2026-04-08,1.0,2.1666666666666665,2.401388487243717,1137.4053464644442,507.45853023659686,3048.16992381043,1226.8742393913662,374.19382669879303,374.19382669879303,99.0,100.0,97.59861151275628,90.36498029321152,Muy rapida,Alta,Muy estable,Rapido y rentable
VSNT,"Versant Media Group, Inc.",Stock,Nasdaq,4833,USD,36.0099983215332,3,3,100.0,1.0224364491145714,1.0129659518179628,0.6121184749072094,2026-07-01,1.0,1.0,0.0,596.6125472679499,527.4849861987716,734.8676694063066,119.73244797513723,373.18930392681864,373.18930392681864,99.0,100.0,100.0,90.72243644911457,Muy rapida,Alta,Muy estable,Rapido y rentable
CVS,CVS HEALTH Corp,Stock,NYSE,5912,USD,76.43000030517578,6,6,100.0,0.9752019661346831,0.9452426916399852,0.7634927717255021,2026-04-23,1.0,1.8333333333333333,1.6020819787597222,704.2305236885454,680.0694336652148,1478.0519519540803,513.1619859766904,355.94871763915927,355.94871763915927,99.0,100.0,98.39791802124027,90.43488966932073,Muy rapida,Alta,Muy estable,Rapido y rentable
OSPN,OneSpan Inc.,Stock,Nasdaq,7373,USD,12.0600004196167,12,12,100.0,0.9125706746512924,0.9138174751457631,-0.10306135764653275,2026-05-14,1.0,4.333333333333333,4.923659639173309,393.5149312254144,390.43115226402233,756.6331264851243,284.4223321441203,333.08829624772176,333.08829624772176,99.0,100.0,95.07634036082669,89.8740217287753,Muy rapida,Alta,Muy estable,Rapido y rentable
RDVT,"Red Violet, Inc.",Stock,Nasdaq,7372,USD,36.369998931884766,2,2,100.0,0.8248556744855902,0.8248556744855902,0.0824926996845139,2025-01-31,1.0,1.0,0.0,331.182156572088,331.182156572088,331.182156572088,0.0,301.0723211872404,301.0723211872404,99.0,100.0,100.0,90.5248556744856,Muy rapida,Alta,Muy estable,Rapido y rentable
CZFS,CITIZENS FINANCIAL SERVICES INC,Stock,Nasdaq,6022,USD,67.72000122070312,11,11,100.0,0.810784465611663,0.8006405026286592,-0.42059494826202287,2026-06-12,1.0,9.909090909090908,13.545881628410502,509.940193050394,638.4523040700432,1315.1212276069612,504.93906575356937,295.93632994825697,295.93632994825697,99.0,100.0,86.4541183715895,88.47890222135008,Muy rapida,Alta,Estable,Rapido y rentable
BANR,BANNER CORP,Stock,Nasdaq,6022,USD,64.79000091552734,12,12,100.0,0.7762890747084886,0.7856800410405915,0.4742223756586419,2026-05-05,1.0,1.8333333333333333,1.2673044646258476,507.78089973642665,457.44246551591596,945.7317936753452,325.79767801127105,283.3455122685983,283.3455122685983,99.0,100.0,98.73269553537415,90.28619340501461,Muy rapida,Alta,Muy estable,Rapido y rentable
ISBA,ISABELLA BANK CORP,Stock,Nasdaq,6022,USD,39.84999847412109,11,11,100.0,0.7530985850876668,0.7026349077072971,1.2830963965270548,2026-06-26,1.0,3.090909090909091,3.935849221058791,1032.6032086308899,907.32458919173,2686.196227498136,899.3910418463347,274.8809835569984,274.8809835569984,99.0,100.0,96.06415077894121,89.86272120192885,Muy rapida,Alta,Muy estable,Rapido y rentable
ADT,ADT Inc.,Stock,NYSE,7381,USD,6.699999809265137,6,6,100.0,0.7297233453007258,0.7051976471396845,-0.28432920779516635,2026-06-11,1.0,2.5,2.345207879911715,439.67473378055206,335.8227732205395,1294.4766867670155,436.40435443861907,266.3490210347649,266.3490210347649,99.0,100.0,97.65479212008829,90.07794216331398,Muy rapida,Alta,Muy estable,Rapido y rentable
EXE,EXPAND ENERGY Corp,Stock,Nasdaq,1311,USD,95.6500015258789,12,12,100.0,0.7053420989742333,0.5616741061453444,0.16229523741120463,2026-05-14,1.0,5.833333333333333,7.145670441645491,383.2376195057721,453.51790173215807,657.510823130779,253.75048253304286,257.4498661255951,257.4498661255951,99.0,100.0,92.85432955835451,89.33349153272741,Muy rapida,Alta,Estable,Rapido y rentable
FGM,First Trust Germany AlphaDEX Fund,ETF/Fund,US Listed,,USD,63.41999816894531,3,3,100.0,0.6912182063567335,0.6821902704611279,0.4023356074146653,2026-06-25,1.0,2.0,1.7320508075688772,441.6340787400921,600.9178590284452,703.4112310657598,368.2328808759976,252.2946453202077,252.2946453202077,99.0,100.0,98.26794919243112,90.1314105852214,Muy rapida,Alta,Muy estable,Rapido y rentable
GOLD,"Gold.com, Inc.",Stock,NYSE,5094,USD,39.68000030517578,6,6,100.0,0.6847560083532062,0.7509403224775862,0.0492772948893212,2026-05-20,1.0,1.8333333333333333,1.6020819787597222,588.196867535912,378.23289289911327,1407.382237085356,515.138071317242,249.93594304892022,249.93594304892022,99.0,100.0,98.39791802124027,90.14444371153925,Muy rapida,Alta,Muy estable,Rapido y rentable
SNA,Snap-on Inc,Stock,NYSE,3420,USD,359.95001220703125,6,6,100.0,0.665282462805547,0.6534311662723383,0.2880974102053624,2026-05-20,1.0,11.0,23.528705871764387,379.3277580672057,403.5644749894152,784.613645638051,293.6422928276773,242.82809892402466,242.82809892402466,99.0,100.0,76.47129412823561,86.8359765820409,Muy rapida,Alta,Variable,Rapido y rentable
DUKX,Ocean Park International ETF,ETF/Fund,US Listed,,USD,28.18899917602539,5,5,100.0,0.6148303948370611,0.3678740041547709,-0.3319029089993522,2026-06-25,1.0,3.2,3.03315017762062,117.47425541205209,122.13879064085364,221.02945096857368,66.8971491918417,224.41309411552731,224.41309411552731,99.0,100.0,96.96684982237937,89.85985786819397,Muy rapida,Alta,Muy estable,Rapido y rentable
SRCE,1ST SOURCE CORP,Stock,Nasdaq,6022,USD,73.05999755859375,12,12,100.0,0.6120956546989219,0.6031715562734357,0.4451138234034085,2026-05-05,1.0,3.6666666666666665,3.9848196795824875,461.4549481921111,349.68320650812933,1341.4798367226715,433.11578139783387,223.4149139651065,223.4149139651065,99.0,100.0,96.01518032041751,89.71437270276155,Muy rapida,Alta,Muy estable,Rapido y rentable
DNUT,"Krispy Kreme, Inc.",Stock,Nasdaq,5400,USD,4.320000171661377,4,4,100.0,0.6083446171206366,0.6083446171206366,2.3744990027751967,2025-04-23,1.0,1.0,0.0,1088.737921261979,1088.737921261979,1647.56808974958,645.2814964152006,222.04578524903235,222.04578524903235,99.0,100.0,100.0,90.30834461712064,Muy rapida,Alta,Muy estable,Rapido y rentable
BOTJ,BANK OF THE JAMES FINANCIAL GROUP INC,Stock,Nasdaq,6022,USD,22.899999618530277,12,12,100.0,0.605155441615607,0.6207912309845169,0.40014838733572805,2026-05-22,1.0,2.5,2.23606797749979,433.05899778856264,360.5973338512915,1228.9552597673908,418.6199817402533,220.88173618969654,220.88173618969654,99.0,100.0,97.76393202250021,89.96974524499065,Muy rapida,Alta,Muy estable,Rapido y rentable
MLI,MUELLER INDUSTRIES INC,Stock,NYSE,3350,USD,66.29000091552734,6,6,100.0,0.5670665950131267,0.5797620390284159,0.26438734705049094,2026-06-05,1.0,1.6666666666666667,1.632993161855452,339.2649769622218,283.27245661612324,835.4863934328667,263.68159944449576,206.97930717979125,206.97930717979125,99.0,100.0,98.36700683814455,90.02211762073482,Muy rapida,Alta,Muy estable,Rapido y rentable
VSH,VISHAY INTERTECHNOLOGY INC,Stock,NYSE,3670,USD,60.33000183105469,6,6,100.0,0.5594313743764115,0.6268193324019822,2.40626430014205,2026-06-18,1.0,1.8333333333333333,2.0412414523193148,1185.6060556131845,631.9177538687609,2825.3768222719127,1203.125844356234,204.19245164739021,204.19245164739021,99.0,100.0,97.95875854768069,89.95324515652852,Muy rapida,Alta,Muy estable,Rapido y rentable
XOMX,Direxion Daily XOM Bull 2X ETF,ETF/Fund,US Listed,,USD,35.98199844360352,5,5,100.0,0.5555460403419293,0.599577592495705,0.692866384180965,2026-06-23,1.0,3.8,6.260990336999411,935.536227833201,781.83598342957,1958.6610520516977,697.6650560472333,202.7743047248042,202.7743047248042,99.0,100.0,93.73900966300059,89.31639748979201,Muy rapida,Alta,Estable,Rapido y rentable
CF,"CF Industries Holdings, Inc.",Stock,NYSE,2870,USD,122.97000122070312,6,6,100.0,0.552048698327447,0.583985472627403,0.9187231410899971,2026-05-15,1.0,1.0,0.0,536.8317213873671,503.7084464572066,822.1914000835344,186.20082031828565,201.49777488951815,201.49777488951815,99.0,100.0,100.0,90.25204869832746,Muy rapida,Alta,Muy estable,Rapido y rentable
HTH,Hilltop Holdings Inc.,Stock,NYSE,6022,USD,38.25,6,6,100.0,0.5513024235371794,0.5490315846458783,0.15556734258036264,2026-05-08,1.0,7.5,14.053469322555197,429.0779777345688,476.0622837651025,822.6703020271856,330.7558165615804,201.22538459107048,201.22538459107048,99.0,100.0,85.9465306774448,88.14328202515391,Muy rapida,Alta,Estable,Rapido y rentable
RELL,"RICHARDSON ELECTRONICS, LTD.",Stock,Nasdaq,5065,USD,14.859999656677246,12,12,100.0,0.5493434934342272,0.567450446646912,1.3803686121510192,2026-05-08,1.0,2.1666666666666665,1.7494587907710375,732.0094606120188,409.1249867411883,1952.9503322200096,740.4483209798777,200.51037510349292,200.51037510349292,99.0,100.0,98.25054120922896,89.98692467481857,Muy rapida,Alta,Muy estable,Rapido y rentable
EQIX,"Equinix, Inc. Common Stock REIT",Other Unmatched,,,USD,1048.4300537109375,6,6,100.0,0.5492109204911283,0.5387645448920901,-0.0772959706186781,2026-05-20,1.0,10.0,19.256167843057455,337.12920865930374,344.7070790678277,758.5963178063741,287.00489672472884,200.46198597926184,200.46198597926184,99.0,100.0,80.74383215694255,87.36078574403251,Muy rapida,Alta,Variable,Rapido y rentable
OBT,"Orange County Bancorp, Inc. /DE/",Stock,Nasdaq,6022,USD,33.41999816894531,12,12,100.0,0.5437717428550732,0.5286773347635063,-0.6353942337918043,2026-06-04,1.0,17.666666666666668,30.550504633038937,337.81474217216083,250.78599590994344,895.5750627906966,326.3435693151539,198.47668614210173,198.47668614210173,99.0,100.0,69.44949536696106,85.66119604789924,Muy rapida,Alta,Variable,Rapido y rentable
OXY,OCCIDENTAL PETROLEUM CORP /DE/,Stock,NYSE,1311,USD,56.54999923706055,6,6,100.0,0.5174512895214182,0.5198616199121626,0.3993489572213848,2026-06-10,1.0,1.5,0.8366600265340756,530.3864161698094,454.66706267389935,1140.1212472048933,376.1342441020772,188.8697206753176,188.8697206753176,99.0,100.0,99.16333997346592,90.09195228554131,Muy rapida,Alta,Muy estable,Rapido y rentable
LBRT,Liberty Energy Inc.,Stock,NYSE,1389,USD,31.059999465942383,6,6,100.0,0.5051012810266434,0.48891056225255314,1.0165098710501923,2026-06-04,1.0,4.666666666666667,8.500980335624043,808.2941074179753,898.5444744159015,1531.040492275158,647.6308806354912,184.36196757472484,184.36196757472484,99.0,100.0,91.49901966437596,88.92995423068304,Muy rapida,Alta,Estable,Rapido y rentable
KR,KROGER CO,Stock,NYSE,5411,USD,66.79000091552734,6,6,100.0,0.50484723151461,0.5022815743688626,0.5588848136738482,2026-05-15,1.0,5.0,8.414273587185052,491.86594184234644,515.0651024198922,869.3108404570921,314.5270265366233,184.26923950283265,184.26923950283265,99.0,100.0,91.58572641281495,88.94270619343686,Muy rapida,Alta,Estable,Rapido y rentable
SLM,SLM Corp,Stock,Nasdaq,6141,USD,21.6200008392334,12,12,100.0,0.4944383725504309,0.43916112039832567,1.1342914066104535,2026-06-04,1.0,4.333333333333333,7.784989441615229,642.2868417260738,528.5864423869807,1333.7184695301069,515.5703776090787,180.47000598090727,180.47000598090727,99.0,100.0,92.21501055838478,89.02668995630815,Muy rapida,Alta,Estable,Rapido y rentable
MGPI,MGP INGREDIENTS INC,Stock,Nasdaq,5180,USD,18.229999542236328,12,12,100.0,0.494129232269566,0.4433015567400306,-0.35142704251915885,2026-05-15,1.0,7.333333333333333,10.263202878893768,290.72820861346287,214.84513826693535,629.5329365743803,237.00692783126948,180.35716977839158,180.35716977839158,99.0,100.0,89.73679712110624,88.65464880043551,Muy rapida,Alta,Estable,Rapido y rentable
AMRZ,Amrize Ltd,Stock,NYSE,3241,USD,52.040000915527344,2,2,100.0,0.49253513312386216,0.49253513312386216,0.8860941134246679,2026-05-12,1.0,1.0,0.0,503.1996749902135,503.1996749902135,718.8326341957466,304.95105540310914,179.7753235902097,179.7753235902097,99.0,100.0,100.0,90.19253513312387,Muy rapida,Alta,Muy estable,Rapido y rentable
FOXA,Fox Corp,Stock,Nasdaq,4833,USD,57.36000061035156,6,6,100.0,0.4756805447235885,0.4802561261784036,0.15752043880059197,2026-03-04,1.0,1.6666666666666667,1.0327955589886444,417.12208103950235,253.20100862167703,852.6832351505461,340.80608617538076,173.6233988241098,173.6233988241098,99.0,100.0,98.96720444101136,90.02076121087529,Muy rapida,Alta,Muy estable,Rapido y rentable
BAFN,BayFirst Financial Corp.,Stock,Nasdaq,6022,USD,16.0,4,4,100.0,0.4709944704805138,0.4709944704805138,1.9319691501117613,2025-05-30,1.0,1.0,0.0,877.0817215161806,877.0817215161806,887.2901834879883,11.787716534870619,171.91298172538754,171.91298172538754,99.0,100.0,100.0,90.17099447048052,Muy rapida,Alta,Muy estable,Rapido y rentable
AMAL,Amalgamated Financial Corp.,Stock,Nasdaq,6022,USD,40.56999969482422,12,12,100.0,0.45136354473008994,0.4482218184387634,0.28294276327189355,2026-05-05,1.0,2.5,2.6798914496333954,597.2654953698401,622.7873385766613,1056.1713187576186,370.95877237902556,164.74769382648282,164.74769382648282,99.0,100.0,97.3201085503666,89.74937982728508,Muy rapida,Alta,Muy estable,Rapido y rentable
ORCS,Direxion Daily ORCL Bear 1X ETF,ETF/Fund,US Listed,,USD,26.05500030517578,3,3,100.0,0.4507735198743336,0.4898996204219424,3.629271346125059,2026-06-23,1.0,1.0,0.0,1489.2163760897784,1740.0873589702196,2101.0989942903257,768.6612923406414,164.53233475413177,164.53233475413177,99.0,100.0,100.0,90.15077351987433,Muy rapida,Alta,Muy estable,Rapido y rentable
RNGR,"Ranger Energy Services, Inc.",Stock,NYSE,1389,USD,15.850000381469728,6,6,100.0,0.4411263471933801,0.45034788402829534,0.884631000710693,2026-05-08,1.0,2.0,1.5491933384829668,591.9008925073417,594.9453602356259,1145.0984760359222,432.3857213031603,161.01111672558375,161.01111672558375,99.0,100.0,98.45080666151703,89.90874734642094,Muy rapida,Alta,Muy estable,Rapido y rentable
EFAS,Global X MSCI SuperDividend EAFE ETF,ETF/Fund,US Listed,,USD,21.69499969482422,17,17,100.0,0.43191931430275,0.4001360439939865,0.15545376531815105,2026-06-03,1.0,3.588235294117647,5.303994055537437,222.47457611847742,147.69404104343812,1057.5337272015745,248.43767105922845,157.65054972050373,157.65054972050373,99.0,100.0,94.69600594446257,89.33632020597213,Muy rapida,Alta,Estable,Rapido y rentable
TMUS,"T-Mobile US, Inc.",Stock,Nasdaq,4812,USD,189.00999450683597,12,12,100.0,0.42720889742332785,0.42313774527225734,0.8092374338897859,2026-05-29,1.0,3.6666666666666665,5.348463387372171,474.17411473702555,456.53153518239105,884.2774998114095,339.52909821837346,155.93124755951467,155.93124755951467,99.0,100.0,94.65153661262782,89.3249393893175,Muy rapida,Alta,Estable,Rapido y rentable
DELL,Dell Technologies Inc.,Stock,NYSE,3571,USD,204.2400054931641,6,6,100.0,0.4237198152663795,0.4030135973874891,-0.192776563277356,2026-04-21,1.0,4.5,7.20416546173115,767.1490428767603,747.9683583027786,1563.723135465903,617.6889844035875,154.6577325722285,154.6577325722285,99.0,100.0,92.79583453826885,89.04309499600672,Muy rapida,Alta,Estable,Rapido y rentable
FLOC,Flowco Holdings Inc.,Stock,NYSE,3533,USD,26.88999938964844,5,5,100.0,0.4174381776786012,0.4004004095740121,0.6702667428891399,2026-05-15,1.0,2.4,3.1304951684997055,528.973825900367,692.2649017201179,895.1448869022424,349.29738717278036,152.36493485268943,152.36493485268943,99.0,100.0,96.8695048315003,89.64786390240366,Muy rapida,Alta,Muy estable,Rapido y rentable
MCY,MERCURY GENERAL CORP,Stock,NYSE,6331,USD,101.37999725341795,6,6,100.0,0.4172871540611027,0.383644699786886,0.00749081400555703,2026-06-11,1.0,2.0,2.0,357.3308610077932,283.746307901328,692.7809591795565,255.8644805820424,152.3098112323025,152.3098112323025,99.0,100.0,98.0,89.8172871540611,Muy rapida,Alta,Muy estable,Rapido y rentable
TKR,TIMKEN CO,Stock,NYSE,3562,USD,112.7300033569336,6,6,100.0,0.40726468615563355,0.43128499139059784,0.09396660669330936,2026-05-19,1.0,1.3333333333333333,0.5163977794943223,501.1478472721305,555.8141976667354,781.933650461124,288.2582775799975,148.65161044680625,148.65161044680625,99.0,100.0,99.48360222050567,90.02980501923147,Muy rapida,Alta,Muy estable,Rapido y rentable
FDIG,Fidelity Crypto Industry and Digital Payments ETF,ETF/Fund,US Listed,,USD,45.26900100708008,4,4,100.0,0.3857147479038967,0.21397153923089224,1.0986177598607694,2026-06-18,1.0,1.75,1.5,791.9686041796259,563.0246540826307,1895.8265082076107,819.3883945468509,140.7858829849223,140.7858829849223,99.0,100.0,98.5,89.86071474790388,Muy rapida,Alta,Muy estable,Rapido y rentable
TEL,TE Connectivity plc,Stock,NYSE,5065,USD,202.57000732421875,5,5,100.0,0.3796320385453989,0.3850520668400772,0.11248939011435308,2026-05-22,1.0,20.2,34.68717342188608,338.23179021796886,178.3812351475953,985.8456595221052,406.5142877083666,138.5656940690706,138.5656940690706,99.0,100.0,65.31282657811391,84.87655602526249,Muy rapida,Alta,Variable,Rapido y rentable
ST,Sensata Technologies Holding plc,Stock,NYSE,3823,USD,44.5099983215332,6,6,100.0,0.37611164216410353,0.38314649237937476,4.163292544110168,2026-05-13,1.0,5.5,11.022703842524301,1727.5327598975557,1721.6006156710405,3296.3193300918265,1397.1972785578093,137.28074938989778,137.28074938989778,99.0,100.0,88.9772961574757,88.42270606578546,Muy rapida,Alta,Estable,Rapido y rentable
WSM,WILLIAMS SONOMA INC,Stock,NYSE,5700,USD,191.5,6,6,100.0,0.3694597130092907,0.36988954519215,1.0762270241962881,2026-04-17,1.0,1.5,1.224744871391589,599.945654129407,486.96036718741766,1515.2746167693376,510.2563817345548,134.85279524839112,134.85279524839112,99.0,100.0,98.7752551286084,89.88574798230056,Muy rapida,Alta,Muy estable,Rapido y rentable
BFH,"BREAD FINANCIAL HOLDINGS, INC.",Stock,NYSE,6141,USD,88.45999908447266,6,6,100.0,0.3387137126262599,0.3514540381468164,-1.303863232494091,2026-05-29,1.0,8.666666666666666,16.451950239004088,286.76870936994277,249.2349916636661,804.2268215117048,296.9907170104277,123.63050510858486,123.63050510858486,99.0,100.0,83.54804976099591,87.57092117677564,Muy rapida,Alta,Variable,Rapido y rentable
ATR,"APTARGROUP, INC.",Stock,NYSE,3089,USD,122.02999877929688,6,6,100.0,0.3352267221696395,0.33458024001290987,0.6844903957577012,2026-05-06,1.0,1.1666666666666667,0.408248290463863,472.40236179906856,313.6516664955259,1487.763366698901,502.6371886010705,122.35775359191842,122.35775359191842,99.0,100.0,99.59175170953614,89.97398947860006,Muy rapida,Alta,Muy estable,Rapido y rentable
PPI,Astoria Real Assets ETF,ETF/Fund,US Listed,,USD,21.17099952697754,6,6,100.0,0.334477258411465,0.2918644107422075,0.14323594830053413,2026-06-25,1.0,9.0,19.110206696946005,312.4971110375088,331.80459525452636,579.7132461472161,210.52590259501633,122.08419932018471,122.08419932018471,99.0,100.0,80.88979330305399,87.16794625386957,Muy rapida,Alta,Variable,Rapido y rentable
SEI,"Solaris Energy Infrastructure, Inc.",Stock,NYSE,3533,USD,68.69999694824219,6,6,100.0,0.33362176413315026,0.30767007893616827,2.610704581823396,2026-06-02,1.0,7.833333333333333,16.253204812179863,1360.7729998406078,1162.387520105373,3469.159250764154,1234.1586779668057,121.77194390859984,121.77194390859984,99.0,100.0,83.74679518782014,87.59564104230618,Muy rapida,Alta,Variable,Rapido y rentable
LIN,LINDE PLC,Stock,Nasdaq,2810,USD,507.5700073242188,12,12,100.0,0.3308776035096977,0.3252068549330654,0.3042618987522124,2026-06-04,1.0,1.1666666666666667,0.38924947208076155,225.65339597808676,216.48239706740287,397.8835509909944,110.71811465964483,120.77032528103966,120.77032528103966,99.0,100.0,99.61075052791924,89.97249018269758,Muy rapida,Alta,Muy estable,Rapido y rentable
BRC,BRADY CORP,Stock,NYSE,3990,USD,83.33999633789062,6,6,100.0,0.32922058202848253,0.33194257071998645,0.45510442406805235,2026-04-09,1.0,3.5,4.806245936279167,509.3642631891539,214.19373388983007,2176.396599138234,824.4480971249061,120.16551244039613,120.16551244039613,99.0,100.0,95.19375406372083,89.30828369158661,Muy rapida,Alta,Muy estable,Rapido y rentable
ODC,Oil-Dri Corp of America,Stock,NYSE,3990,USD,75.68000030517578,6,6,100.0,0.322319497044973,0.3222313257803847,0.7285560489346642,2026-05-08,1.0,2.3333333333333335,2.065591117977289,429.4466260777088,388.0868824286521,870.539693971357,369.60507608649755,117.64661642141513,117.64661642141513,99.0,100.0,97.93440888202271,89.71248082934838,Muy rapida,Alta,Muy estable,Rapido y rentable
HTB,"HomeTrust Bancshares, Inc.",Stock,NYSE,6035,USD,45.709999084472656,6,6,100.0,0.31676715269213,0.32372948757715525,0.2093820047452635,2026-05-14,1.0,10.5,19.613770672667712,222.38050399772973,202.64557903881382,483.25050152294136,157.1329622241637,115.62001073262745,115.62001073262745,99.0,100.0,80.38622932733229,87.07470155179197,Muy rapida,Alta,Variable,Rapido y rentable
ETN,Eaton Corp plc,Stock,NYSE,3590,USD,399.1499938964844,6,6,100.0,0.3106805790972497,0.3006108178447941,0.3770241025141467,2026-05-08,1.0,2.3333333333333335,2.065591117977289,436.8745437011792,313.10223530600126,855.0741608118658,331.38794794928964,113.39841137049615,113.39841137049615,99.0,100.0,97.93440888202271,89.70084191140066,Muy rapida,Alta,Muy estable,Rapido y rentable
TJX,TJX COMPANIES INC /DE/,Stock,NYSE,5651,USD,147.02999877929688,6,6,100.0,0.30640490722797903,0.30917517891964863,0.5539082095344763,2026-05-14,1.0,3.0,3.1622776601683795,391.67574488184823,365.5462881074312,933.3813112173508,362.1363672479169,111.83779113821234,111.83779113821234,99.0,100.0,96.83772233983161,89.53206325820273,Muy rapida,Alta,Muy estable,Rapido y rentable
0P000026O3.L,0P000026O3.L,ETF/Fund,London Stock Exchange,Europe,GBP,1.0,3,3,100.0,0.30036666666666667,0.3032,0.0,2026-05-29,1.0,1.0,0.0,109.63383333333333,110.668,114.099,5.062108314065719,109.63383333333333,109.63383333333333,99.0,100.0,100.0,90.00036666666666,Muy rapida,Alta,Muy estable,Rapido y rentable
PYPL,"PayPal Holdings, Inc.",Stock,Nasdaq,7389,USD,42.61000061035156,6,6,100.0,0.2870193692174937,0.301854240568885,0.05144053896553794,2026-06-04,1.0,3.0,3.0983866769659336,232.63416675092265,239.84927424960316,401.357494288441,154.23871362863082,104.7620697643852,104.7620697643852,99.0,100.0,96.90161332303407,89.5222613676726,Muy rapida,Alta,Muy estable,Rapido y rentable
ODTE,VegaShares SPX NDX RTY Premium Income ETF,ETF/Fund,,,USD,26.71999931335449,11,11,100.0,0.27023329549065706,0.2725131936671205,0.29747116476768276,2026-06-25,1.0,1.7272727272727273,2.101947149236112,264.03739678585424,231.80035174980804,651.5395810042457,204.41338021870516,98.63515285408982,98.63515285408982,99.0,100.0,97.89805285076389,89.65494122310524,Muy rapida,Alta,Muy estable,Rapido y rentable
LFUS,LITTELFUSE INC /DE,Stock,Nasdaq,3613,USD,441.260009765625,12,12,100.0,0.267631293677011,0.28792792588212335,0.34989105809856563,2026-05-21,1.0,2.0,1.9069251784911847,420.2029733468084,208.9382154413886,1610.1253063246268,560.5352208320958,97.68542219210902,97.68542219210902,99.0,100.0,98.09307482150882,89.68159251690334,Muy rapida,Alta,Muy estable,Rapido y rentable
AGCO,AGCO CORP /DE,Stock,NYSE,3523,USD,117.33999633789062,6,6,100.0,0.26385591686279947,0.2668613671677721,0.3312776672055639,2026-05-15,1.0,5.666666666666667,7.659416862050705,502.45173637354554,414.9057465035843,1628.4271793170306,586.9905507510202,96.3074096549218,96.3074096549218,99.0,100.0,92.3405831379493,88.81494338755519,Muy rapida,Alta,Estable,Rapido y rentable
ELFY,ALPS Electrification Infrastructure ETF,ETF/Fund,US Listed,,USD,44.040000915527344,5,5,100.0,0.25755723695197397,0.2638948388168462,0.2460965775058154,2026-06-18,1.0,2.4,3.1304951684997055,363.05514614927586,389.22995348947495,709.8437636266718,266.44425437133805,94.0083914874705,94.0083914874705,99.0,100.0,96.8695048315003,89.48798296167702,Muy rapida,Alta,Muy estable,Rapido y rentable
XAIX,Xtrackers Artificial Intelligence and Big Data ETF,ETF/Fund,US Listed,,USD,56.56999969482422,3,3,100.0,0.25376005488129977,0.2915714285714286,1.3149620588374018,2026-06-18,1.0,2.3333333333333335,2.3094010767585034,653.9420968567664,532.2583634294782,1386.0445921106098,679.4821775909843,92.62242003167441,92.62242003167441,99.0,100.0,97.6905989232415,89.60734989336753,Muy rapida,Alta,Muy estable,Rapido y rentable
ZBH,"ZIMMER BIOMET HOLDINGS, INC.",Stock,NYSE,3842,USD,90.55999755859376,6,6,100.0,0.25293010125545634,0.26183311685225635,0.44530365987231285,2026-06-25,1.0,2.1666666666666665,2.0412414523193148,282.5519737648298,186.21518663020134,840.2147439465249,278.8966091318248,92.31948695824158,92.31948695824158,99.0,100.0,97.95875854768069,89.64674388340757,Muy rapida,Alta,Muy estable,Rapido y rentable
LII,LENNOX INTERNATIONAL INC,Stock,NYSE,3585,USD,443.989990234375,5,5,100.0,0.249942709138364,0.2496878784290877,1.5462564111068933,2026-03-31,1.0,1.8,1.0954451150103321,730.9573228982155,701.7450438611402,1762.5634628719172,663.2304994010544,91.22908883550286,91.22908883550286,99.0,100.0,98.90455488498966,89.78562594188682,Muy rapida,Alta,Muy estable,Rapido y rentable
GM,General Motors Co,Stock,NYSE,3711,USD,83.22000122070312,6,6,100.0,0.2468992408017201,0.24522888296376122,-0.07385823598592978,2026-06-05,1.0,4.5,7.20416546173115,211.4592015262135,223.9314967862939,441.1618749968966,155.466010057265,90.11822289262784,90.11822289262784,99.0,100.0,92.79583453826885,88.86627442154206,Muy rapida,Alta,Estable,Rapido y rentable
IDCC,"InterDigital, Inc. Common Stock",Other Unmatched,,,USD,315.4200134277344,6,6,100.0,0.24520024056255574,0.23173236495013416,3.7858628834999144,2026-04-08,1.0,2.0,2.449489742783178,1520.1225765253766,957.1465722149651,3499.3315294209388,1444.722683326772,89.49808780533286,89.49808780533286,99.0,100.0,97.55051025721683,89.57777677914508,Muy rapida,Alta,Muy estable,Rapido y rentable
RRC,RANGE RESOURCES CORP,Stock,NYSE,1311,USD,38.0,6,6,100.0,0.24410715216616108,0.24406093580907368,1.516605399348957,2026-06-12,1.0,1.0,0.0,642.660081303018,642.0731061248518,1237.2885849935394,404.71441548646095,89.0991105406488,89.0991105406488,99.0,100.0,100.0,89.94410715216617,Muy rapida,Alta,Muy estable,Rapido y rentable
FRD,FRIEDMAN INDUSTRIES INC,Stock,Nasdaq,3310,USD,19.709999084472656,12,12,100.0,0.22976765687078501,0.21877339709623955,0.8416293655777194,2026-04-24,1.0,4.333333333333333,6.485414871895711,789.8498616947255,288.0220850076529,2472.402396005,955.8048837321068,83.86519475783652,83.86519475783652,99.0,100.0,93.51458512810429,88.95695542608644,Muy rapida,Alta,Estable,Rapido y rentable
BBSI,BARRETT BUSINESS SERVICES INC,Stock,Nasdaq,7363,USD,31.020000457763672,12,12,100.0,0.22615868989680454,0.2179263176839233,1.8098669073142124,2026-05-22,1.0,1.6666666666666667,1.556997888323046,795.7541409741515,725.2170924448972,2035.2279893742505,643.0402736694965,82.54792181233366,82.54792181233366,99.0,100.0,98.44300211167696,89.69260900664835,Muy rapida,Alta,Muy estable,Rapido y rentable
BMI,BADGER METER INC,Stock,NYSE,3824,USD,120.23999786376952,6,6,100.0,0.22461233244484125,0.22795587921580954,1.9984953540936765,2026-05-22,1.0,7.333333333333333,13.647954669717608,971.7164064343988,851.4818485311325,2105.4359162632227,880.5521638758007,81.98350134236705,81.98350134236705,99.0,100.0,86.3520453302824,87.8774191319872,Muy rapida,Alta,Estable,Rapido y rentable
FTAI,FTAI Aviation Ltd.,Stock,Nasdaq,7350,USD,266.2099914550781,12,12,100.0,0.21997474541364195,0.2153872151724996,0.22106606417310345,2026-05-13,1.0,2.1666666666666665,1.9462473604038073,513.3202725693378,179.5529880466902,1279.9576110366525,551.6267020942304,80.29078207597931,80.29078207597931,99.0,100.0,98.0537526395962,89.62803764135307,Muy rapida,Alta,Muy estable,Rapido y rentable
A,"AGILENT TECHNOLOGIES, INC.",Stock,NYSE,3826,USD,112.01000213623048,5,5,100.0,0.2057250050427788,0.2101516782566526,1.6612415145354487,2026-03-31,1.0,15.0,31.304951684997057,852.1392353393572,831.3855509058264,1429.9169517440023,550.6670693308055,75.08962684061426,75.08962684061426,99.0,100.0,68.69504831500294,85.20998225229323,Muy rapida,Alta,Variable,Rapido y rentable
SPGI,S&P Global Inc.,Stock,NYSE,7320,USD,417.6799926757813,6,6,100.0,0.20002583778065355,0.19100858858980496,0.35488953787208816,2026-05-29,1.0,2.8333333333333335,3.6009258068817065,298.2480287878746,273.0573780537227,637.0553342269608,276.5377539064383,73.00943078993855,73.00943078993855,99.0,100.0,96.3990741931183,89.3598869667484,Muy rapida,Alta,Muy estable,Rapido y rentable
ESQ,"Esquire Financial Holdings, Inc.",Stock,Nasdaq,6029,USD,105.05500030517578,12,12,100.0,0.1894044600773597,0.1891202285023595,0.07941673732116498,2026-05-15,1.0,2.8333333333333335,2.8550858396053793,327.9416407039925,213.20152887078214,915.414666482728,311.2998611381904,69.13262792823629,69.13262792823629,99.0,100.0,97.14491416039462,89.46114158413656,Muy rapida,Alta,Muy estable,Rapido y rentable
V,VISA INC.,Stock,NYSE,7389,USD,323.8599853515625,6,6,100.0,0.18663028212925656,0.18666713961986145,0.2934241125282833,2026-05-12,1.0,6.0,11.764352935882194,174.30293903089822,122.82586972306044,365.4738777937697,154.10918018912648,68.12005297717864,68.12005297717864,99.0,100.0,88.23564706411781,88.12197734174693,Muy rapida,Alta,Estable,Rapido y rentable
WBI,WaterBridge Infrastructure LLC,Stock,NYSE,1389,USD,29.93000030517578,2,2,100.0,0.186239816913904,0.186239816913904,2.6204641331858833,2026-06-04,1.0,1.0,0.0,1024.4469417864225,1024.4469417864225,1134.1453064439452,155.13691506881807,67.97753317357497,67.97753317357497,99.0,100.0,100.0,89.8862398169139,Muy rapida,Alta,Muy estable,Rapido y rentable
WCN,"Waste Connections, Inc.",Stock,NYSE,4953,USD,157.66000366210938,5,5,100.0,0.18571388332847716,0.1686114910879593,-0.4475533432978015,2026-05-06,1.0,3.6,5.272570530585627,178.32754442820925,214.19726357038945,324.24087568558747,128.92802589583943,67.78556741489416,67.78556741489416,99.0,100.0,94.72742946941437,89.09482830374063,Muy rapida,Alta,Estable,Rapido y rentable
AZZ,AZZ INC,Stock,NYSE,3470,USD,134.91000366210938,6,6,100.0,0.1850340072546962,0.19774368623686212,3.266199988131431,2026-04-23,1.0,2.1666666666666665,2.8577380332470415,1299.045308272012,1095.320703726548,3214.140693021132,1184.3614751668467,67.53741264796412,67.53741264796412,99.0,100.0,97.14226196675295,89.45637330226765,Muy rapida,Alta,Muy estable,Rapido y rentable
LRCX,LAM RESEARCH CORP,Stock,Nasdaq,3559,USD,369.3399963378906,12,12,100.0,0.18343416772359436,0.18071676458528635,0.8590245132513653,2026-06-17,1.0,3.0,2.9541957835039856,592.142404662896,461.97213517852487,1356.096532797612,470.00848467600275,66.95347121911195,66.95347121911195,99.0,100.0,97.04580421649601,89.44030480019799,Muy rapida,Alta,Muy estable,Rapido y rentable
ELE,Elemental Royalty Corporation Common Stock,Other Unmatched,,,USD,16.34000015258789,2,2,100.0,0.18108498308907783,0.18108498308907783,9.498600854143554,2026-06-30,1.0,1.0,0.0,3533.085330589911,3533.085330589911,4497.323621900814,1363.638868931338,66.0960188275134,66.0960188275134,99.0,100.0,100.0,89.88108498308908,Muy rapida,Alta,Muy estable,Rapido y rentable
LLY,ELI LILLY & Co,Stock,NYSE,2834,USD,1006.7000122070312,6,6,100.0,0.18014702164347673,0.17194729288723448,0.4670135858624043,2026-05-15,1.0,2.6666666666666665,2.6583202716502514,441.1765292688022,130.5798215605116,1274.258976215108,539.8302783170702,65.75366289986901,65.75366289986901,99.0,100.0,97.34167972834975,89.48139898089595,Muy rapida,Alta,Muy estable,Rapido y rentable
ICFI,"ICF International, Inc.",Stock,Nasdaq,8742,USD,68.80000305175781,12,12,100.0,0.17683025765655938,0.16671101206819133,0.4560444434533288,2026-06-05,1.0,2.3333333333333335,2.059714602177749,342.47868625260077,267.20977617645275,759.7733138118821,295.0367975611779,64.54304404464418,64.54304404464418,99.0,100.0,97.94028539782225,89.5678730673299,Muy rapida,Alta,Muy estable,Rapido y rentable
MMLP,MARTIN MIDSTREAM PARTNERS L.P.,Stock,Nasdaq,5171,USD,2.569999933242798,12,12,100.0,0.17156510814121542,0.17308796206206317,0.7153217495575733,2026-05-08,1.0,5.166666666666667,7.2967406588438,411.46870828276457,457.28232265690474,859.6006955257385,325.93936370685515,62.62126447154364,62.62126447154364,99.0,100.0,92.7032593411562,88.77705400931464,Muy rapida,Alta,Estable,Rapido y rentable
PSET,Principal Quality ETF,ETF/Fund,US Listed,,USD,75.7969970703125,6,6,100.0,0.17006232717199965,0.1780582995411365,0.09866234723226917,2026-07-01,1.0,2.8333333333333335,4.020779360604939,126.32482060503428,118.10167011016497,248.64592815666012,89.47600665889604,62.072749417779875,62.072749417779875,99.0,100.0,95.97922063939507,89.26694542308127,Muy rapida,Alta,Muy estable,Rapido y rentable
ODFL,"OLD DOMINION FREIGHT LINE, INC.",Stock,Nasdaq,4213,USD,229.0800018310547,12,12,100.0,0.16375519515243733,0.16587376620760824,2.0754839555801916,2026-06-03,1.0,2.3333333333333335,2.309401076758503,967.7618720948955,766.8897835106972,2520.886657923012,904.5523308655927,59.770646230639635,59.770646230639635,99.0,100.0,97.6905989232415,89.51734503363866,Muy rapida,Alta,Muy estable,Rapido y rentable
ULVM,VictoryShares US Value Momentum ETF,ETF/Fund,US Listed,,USD,103.85700225830078,18,18,100.0,0.1508732265285983,0.16292994297561714,-0.14542351306691506,2026-06-09,1.0,6.055555555555555,8.206684665723083,133.19345717368552,92.25341195875706,389.0142720155182,122.6707170794224,55.06872768293838,55.06872768293838,99.0,100.0,91.79331533427691,88.61987052667014,Muy rapida,Alta,Estable,Rapido y rentable
ALCO,"ALICO, INC.",Stock,Nasdaq,100,USD,41.209999084472656,10,10,100.0,0.14666125568261804,0.1492982905168043,0.4637865949367138,2026-04-02,1.0,2.2,2.043961295567452,334.54818513824983,217.5524543715821,885.708048002426,294.1413405226601,53.53135832415558,53.53135832415558,99.0,100.0,97.95603870443254,89.5400670613475,Muy rapida,Alta,Muy estable,Rapido y rentable
ONEQ,Fidelity Nasdaq Composite Index ETF,ETF/Fund,US Listed,,USD,102.5199966430664,6,6,100.0,0.14466499887524017,0.14649544835373107,0.14990022936145483,2026-06-18,1.0,4.833333333333333,7.600438583836242,267.3805926379103,180.8008748478806,666.8418334629333,255.02401089419374,52.802724589462656,52.802724589462656,99.0,100.0,92.39956141616376,88.70459921129981,Muy rapida,Alta,Estable,Rapido y rentable
JHAI,Janus Henderson Global Artificial Intelligence ETF,ETF/Fund,US Listed,,USD,24.415000915527344,3,3,100.0,0.14401661814377084,0.0994142907631987,2.4152987626643836,2026-03-31,1.0,1.0,0.0,934.1501139949763,783.8646994725435,1861.6580455863727,862.2446027729444,52.566065622476366,52.566065622476366,99.0,100.0,100.0,89.84401661814377,Muy rapida,Alta,Muy estable,Rapido y rentable
NPO,Enpro Inc.,Stock,NYSE,3050,USD,316.20001220703125,6,6,100.0,0.14227097509608508,0.1423615041427875,0.9572800991221725,2026-06-03,1.0,1.1666666666666667,0.408248290463863,517.633204377565,514.2080862370974,890.0014775580568,331.72829983319235,51.92890591007105,51.92890591007105,99.0,100.0,99.59175170953614,89.7810337315265,Muy rapida,Alta,Muy estable,Rapido y rentable
REGN,"REGENERON PHARMACEUTICALS, INC.",Stock,Nasdaq,2834,USD,630.2999877929688,12,12,100.0,0.1369969529404489,0.13793042718617454,1.8441868946145525,2026-05-20,1.0,2.1666666666666665,1.7494587907710375,830.7487472446968,884.418619514991,1824.61045891142,651.8639971285411,50.00388782326385,50.00388782326385,99.0,100.0,98.25054120922896,89.5745781343248,Muy rapida,Alta,Muy estable,Rapido y rentable
TRUD,VanEck Consumer Discretionary TruSector ETF,ETF/Fund,US Listed,,USD,25.95499992370605,4,4,100.0,0.12388046991098432,0.128650104194385,0.24723002025127205,2026-07-01,1.0,4.0,6.0,233.5657010996839,272.17000799470804,356.08007745780725,140.2587836369759,45.21637151750928,45.21637151750928,99.0,100.0,94.0,88.92388046991098,Muy rapida,Alta,Estable,Rapido y rentable
ENTG,ENTEGRIS INC,Stock,Nasdaq,3089,USD,144.72000122070312,12,12,100.0,0.09978016957574276,0.1052060896730868,-1.1413867423647852,2026-04-29,1.0,9.333333333333334,19.462473604038074,502.5448840475461,261.63099783211857,1198.0014908739329,509.612862228272,36.41976189514611,36.41976189514611,99.0,100.0,80.53752639596192,86.88040912897003,Muy rapida,Alta,Variable,Rapido y rentable
CSW,"CSW INDUSTRIALS, INC.",Stock,NYSE,2891,USD,295.70001220703125,6,6,100.0,0.09389014856050888,0.09684463770243784,-0.05630109626421829,2026-04-24,1.0,2.6666666666666665,2.6583202716502514,152.85784590096387,74.54225145865962,488.3772033276471,178.73446123413447,34.269904224585744,34.269904224585744,99.0,100.0,97.34167972834975,89.39514210781297,Muy rapida,Alta,Muy estable,Rapido y rentable
SOLS,Solstice Advanced Materials Inc.,Stock,Nasdaq,2800,USD,84.63999938964844,4,4,100.0,0.0920455842775271,0.0920455842775271,1.2062016571244565,2026-05-27,1.0,1.0,0.0,473.86024311172406,473.86024311172406,661.9502243298004,217.18760257625613,33.59663826129739,33.59663826129739,99.0,100.0,100.0,89.79204558427753,Muy rapida,Alta,Muy estable,Rapido y rentable
WDC,WESTERN DIGITAL CORP,Stock,Nasdaq,3572,USD,575.5,10,10,100.0,0.09129955256636825,0.0803393553198245,-0.40515968956926773,2026-06-05,1.0,3.8,4.131182235954578,847.5866536754895,515.9009520993357,1948.0804886928825,724.0256377207132,33.32433668672441,33.32433668672441,99.0,100.0,95.86881776404542,89.17162221717318,Muy rapida,Alta,Muy estable,Rapido y rentable
FCTE,SMI 3Fourteen Full-Cycle Trend ETF,ETF/Fund,,,USD,25.290000915527344,2,2,100.0,0.09065203313320015,0.09065203313320015,0.8468699112964246,2025-12-24,1.0,1.0,0.0,342.19550971681304,342.19550971681304,464.5378297657989,173.0181682654656,33.087992093618055,33.087992093618055,99.0,100.0,100.0,89.7906520331332,Muy rapida,Alta,Muy estable,Rapido y rentable
CNQQ,Rayliant-ChinaAMC Transformative China Tech ETF,ETF/Fund,US Listed,,USD,25.733999252319336,4,4,100.0,0.0885998619154521,0.0918329038386607,0.6521118792118719,2026-06-29,1.0,1.5,1.0,151.76127442538274,153.61671925777108,237.19702217218116,72.68367074838757,32.338949599140015,32.338949599140015,99.0,100.0,99.0,89.63859986191545,Muy rapida,Alta,Muy estable,Rapido y rentable
TER,"TERADYNE, INC",Stock,Nasdaq,3825,USD,344.3399963378906,12,12,100.0,0.08564297175053902,0.08801268573717536,1.4456623453744835,2026-05-21,1.0,2.1666666666666665,1.9462473604038073,441.1556307989676,362.7818672889408,978.3795851810808,284.7155361575493,31.25968468894674,31.25968468894674,99.0,100.0,98.0537526395962,89.49370586768998,Muy rapida,Alta,Muy estable,Rapido y rentable
CRS,CARPENTER TECHNOLOGY CORP,Stock,NYSE,3312,USD,428.4400024414063,6,6,100.0,0.08153976323786115,0.08274721265510279,2.0764422439956944,2026-04-28,1.0,1.5,1.224744871391589,793.236292122961,600.659965722868,2173.4483423547736,880.4452489144697,29.762013581819318,29.762013581819318,99.0,100.0,98.7752551286084,89.59782803252912,Muy rapida,Alta,Muy estable,Rapido y rentable
AAMI,Acadian Asset Management Inc.,Stock,NYSE,6282,USD,77.69999694824219,6,6,100.0,0.0736437055014501,0.036647267884477155,-0.050185497346394214,2026-06-12,1.0,6.666666666666667,9.83192080250175,316.9966068340145,192.89190287650598,1006.685573302922,370.1180504495115,26.879952508029284,26.879952508029284,99.0,100.0,90.16807919749824,88.29885558512619,Muy rapida,Alta,Estable,Rapido y rentable
VSEC,VSE CORP,Stock,Nasdaq,8711,USD,222.3300018310547,12,12,100.0,0.06953297790228231,0.07121615780896315,1.1888413636741453,2026-04-15,1.0,1.8333333333333333,1.9462473604038073,581.428726179039,457.66160568499777,1080.1207692294115,296.52750447963905,25.379536934333046,25.379536934333046,99.0,100.0,98.0537526395962,89.47759587384172,Muy rapida,Alta,Muy estable,Rapido y rentable
USLM,UNITED STATES LIME & MINERALS INC,Stock,Nasdaq,1400,USD,105.87999725341795,12,12,100.0,0.05551654701951227,0.056248730306577746,0.3276345736195094,2026-05-22,1.0,15.166666666666666,31.25506019637121,616.5775185993631,285.8508304085767,2328.1550610174654,846.7530313380552,20.26353966212198,20.26353966212198,99.0,100.0,68.7449398036288,85.06725751756383,Muy rapida,Alta,Variable,Rapido defensivo
KNSL,"Kinsale Capital Group, Inc.",Stock,NYSE,6331,USD,306.07000732421875,6,6,100.0,0.051269513861091465,0.0426860139304853,1.1306456834182899,2026-05-28,1.0,1.3333333333333333,0.5163977794943222,444.26031934271896,219.9816719744137,998.225709280751,407.08546526690293,18.713372559298385,18.713372559298385,99.0,100.0,99.48360222050567,89.67380984693693,Muy rapida,Alta,Muy estable,Rapido defensivo
BBB,CYBER HORNET S&P 500 and Bitcoin 75/25 Strategy ETF,ETF/Fund,US Listed,,USD,28.50200080871582,5,5,100.0,0.047269147704542276,0.0560143004808786,-0.15627729161479822,2026-06-26,1.0,2.2,1.7888543819998317,60.02050518962725,41.88941281276084,161.17378105359526,57.60902051395873,17.25323891215793,17.25323891215793,99.0,100.0,98.21114561800017,89.47894099040457,Muy rapida,Alta,Muy estable,Rapido defensivo
NVDA,NVIDIA CORP,Stock,Nasdaq,3674,USD,214.75,12,12,100.0,0.024862490357614717,0.00629278867751005,1.6926067218558627,2026-06-04,1.0,1.3333333333333333,0.4923659639173309,710.111549259726,478.96685902722356,2345.851774953069,815.4391998762889,9.074808980529372,9.074808980529372,99.0,100.0,99.50763403608266,89.65100759577003,Muy rapida,Alta,Muy estable,Rapido defensivo
RILYN,"BRC Group Holdings, Inc. 6.50% Senior Notes Due 2026",Note/Bond,,,USD,10.550000190734863,2,2,100.0,3.636602272701726,3.636602272701726,-0.584448937769828,2025-04-15,1.5,1.5,0.7071067811865476,1124.6055329716007,1124.6055329716007,1440.1074009012627,446.18702058017305,884.9065530240867,884.9065530240867,98.5,100.0,99.29289321881345,93.08053625552374,Muy rapida,Alta,Muy estable,Rapido y rentable
FTGC,First Trust Global Tactical Commodity Strategy Fund,ETF/Fund,US Listed,,USD,26.76099967956543,6,6,100.0,2.939977433359608,0.6314004401198985,-2.5140409792301903,2026-06-25,1.5,15.0,31.881028841616768,267.7144186525235,248.1245959287586,597.5369735770096,200.49498973085764,715.3945087841713,715.3945087841713,98.5,100.0,68.11897115838323,87.70782310711708,Muy rapida,Alta,Variable,Rapido y rentable
NE,Noble Corp plc,Stock,NYSE,1381,USD,46.650001525878906,6,6,100.0,1.573397908741694,1.6257503934586697,-0.8935699309789555,2026-06-04,1.5,9.5,19.367498547824912,695.6149483843107,694.5913665644747,1262.17300984593,463.23415076584683,382.8601577938123,382.8601577938123,98.5,100.0,80.63250145217509,88.21827312656796,Muy rapida,Alta,Variable,Rapido y rentable
QQDN,ProShares UltraShort QQQ Mega,ETF/Fund,US Listed,,USD,24.597999572753903,4,4,100.0,1.1738418899439937,0.8686418372292416,-0.9080004078361935,2026-06-24,1.5,3.0,3.366501646120693,422.3290231751689,471.4157613647434,617.536729218522,220.09270269609505,285.6348598863718,285.6348598863718,98.5,100.0,96.6334983538793,90.21886664302589,Muy rapida,Alta,Muy estable,Rapido y rentable
CCOI,"COGENT COMMUNICATIONS HOLDINGS, INC.",Stock,Nasdaq,4899,USD,16.479999542236328,12,12,100.0,1.110996493861151,0.7791525650934223,0.7370343056409453,2026-05-18,1.5,2.1666666666666665,1.5275252316519465,645.6942326044078,647.127264253156,1007.4004455566404,269.55083234644775,270.3424801728801,270.3424801728801,98.5,100.0,98.47247476834805,90.43186770911335,Muy rapida,Alta,Muy estable,Rapido y rentable
NFBK,"Northfield Bancorp, Inc.",Stock,Nasdaq,6035,USD,14.18000030517578,12,12,100.0,1.101034212527354,1.121439734133475,0.043772093137572576,2026-05-06,1.5,4.5,5.385164807134504,474.91723011062777,430.08679420130744,920.1683307349048,317.23436483901634,267.9183250483228,267.9183250483228,98.5,100.0,94.6148351928655,89.84325949145718,Muy rapida,Alta,Estable,Rapido y rentable
RMBI,"Richmond Mutual Bancorporation, Inc.",Stock,Nasdaq,6022,USD,14.6899995803833,12,12,100.0,1.0860883737596936,1.0628995739369547,-0.21633742893460028,2026-06-03,1.5,3.3333333333333335,4.119429204355498,587.1680765209738,687.7734954600916,1022.1976225499152,398.1349061253093,264.28150428152543,264.28150428152543,98.5,100.0,95.8805707956445,90.01817399310637,Muy rapida,Alta,Muy estable,Rapido y rentable
CIVB,"CIVISTA BANCSHARES, INC.",Stock,Nasdaq,6022,USD,24.63999938964844,12,12,100.0,0.7819297855052115,0.7753801660865762,-0.26320915716525556,2026-05-05,1.5,14.333333333333334,27.958844212466467,399.74654998158485,449.32310026043683,721.1502639540921,293.365738802132,190.26958113960146,190.26958113960146,98.5,100.0,72.04115578753354,86.13810315363524,Muy rapida,Alta,Variable,Rapido y rentable
EIG,"Employers Holdings, Inc.",Stock,NYSE,6331,USD,41.33000183105469,6,6,100.0,0.7337080917483642,0.7620972457009338,-0.39690879089751263,2026-05-13,1.5,6.0,10.807404868885037,312.9329904803063,308.1670353175385,628.2552069749042,231.61159660570556,178.5356356587686,178.5356356587686,98.5,100.0,89.19259513111496,88.6625973614156,Muy rapida,Alta,Estable,Rapido y rentable
GAP,GAP INC,Stock,NYSE,5651,USD,24.729999542236328,6,6,100.0,0.7325415804795797,0.7177383460565299,2.416872616801712,2026-04-08,1.5,2.5,2.7386127875258306,1494.6406161365446,753.2854471636856,5824.6915674427255,2171.6958013215576,178.25178458336438,178.25178458336438,98.5,100.0,97.26138721247418,89.8717496623507,Muy rapida,Alta,Muy estable,Rapido y rentable
SLB,SLB LIMITED/NV,Stock,NYSE,1389,USD,56.560001373291016,6,6,100.0,0.7020770370896421,0.7376201425791908,0.032930270330254086,2026-06-03,1.5,3.0,2.756809750418044,555.3204365820809,289.15838322436355,1480.6779144979057,596.4682415701022,170.83874569181296,170.83874569181296,98.5,100.0,97.24319024958196,89.83855557452692,Muy rapida,Alta,Muy estable,Rapido y rentable
CBAN,COLONY BANKCORP INC,Stock,NYSE,6022,USD,19.68000030517578,6,6,100.0,0.6724352742758285,0.6988803645799739,-0.32141657627090514,2026-05-06,1.5,11.5,22.412050330123748,277.4981155829084,284.56734091552045,553.7175973642449,196.8473125485827,163.6259167404516,163.6259167404516,98.5,100.0,77.58794966987625,86.86062772475726,Muy rapida,Alta,Variable,Rapido y rentable
GBX,GREENBRIER COMPANIES INC,Stock,NYSE,3743,USD,50.31999969482422,6,6,100.0,0.653137028878345,0.6605485984405548,-0.2846236286736467,2026-04-20,1.5,5.166666666666667,7.1670542530852,390.98167803462474,340.7769053725969,1004.9060842000576,393.0286475438668,158.9300103603973,158.9300103603973,98.5,100.0,92.8329457469148,89.12807889091556,Muy rapida,Alta,Estable,Rapido y rentable
FMBH,"FIRST MID BANCSHARES, INC.",Stock,Nasdaq,6022,USD,42.43999862670898,12,12,100.0,0.6258009627210604,0.6348157102649958,-0.7643058602855564,2026-05-15,1.5,2.8333333333333335,2.6571800956288345,261.2681773910304,219.15944744020624,505.4881940254486,156.3567166228256,152.2782342621247,152.2782342621247,98.5,100.0,97.34281990437117,89.77722394837673,Muy rapida,Alta,Muy estable,Rapido y rentable
WINA,WINMARK CORP,Stock,Nasdaq,5900,USD,360.3599853515625,12,12,100.0,0.6213123365368202,0.2350181780637967,-0.898103453819127,2026-05-13,1.5,20.333333333333332,33.01606587800258,294.5171077974006,126.71022675813893,1019.8300665194628,369.2149279631112,151.18600189062624,151.18600189062624,98.5,100.0,66.98393412199742,85.21890245483642,Muy rapida,Alta,Variable,Rapido y rentable
SIMO,Silicon Motion Technology Corporation American Depositary Shares,Preferred,,,USD,244.9499969482422,6,6,100.0,0.6121806747887306,0.6150969933568342,0.639602782206795,2026-05-07,1.5,2.1666666666666665,1.9407902170679516,803.4210433613295,475.36068913545364,2534.875138679285,910.5408183096122,148.96396419859113,148.96396419859113,98.5,100.0,98.05920978293204,89.87106214222854,Muy rapida,Alta,Muy estable,Rapido y rentable
AVT,AVNET INC,Stock,Nasdaq,5065,USD,92.93000030517578,12,12,100.0,0.6053213116242995,0.6505099769799558,-0.05981343269697457,2026-06-03,1.5,7.833333333333333,13.285900478144171,363.60678718854155,148.86794326391833,1105.6021044465676,401.1230256371379,147.2948524952462,147.2948524952462,98.5,100.0,86.71409952185583,88.16243623990266,Muy rapida,Alta,Estable,Rapido y rentable
PEBK,PEOPLES BANCORP OF NORTH CAROLINA INC,Stock,Nasdaq,6022,USD,42.15999984741211,16,16,100.0,0.6005807224489674,0.5915522999973069,-0.07775683033176442,2026-06-03,1.5,2.0,1.1547005383792515,414.6608907953571,330.84416366756545,1304.3824564706065,359.67724346634566,146.14130912924875,146.14130912924875,98.5,100.0,98.84529946162075,89.97737564169208,Muy rapida,Alta,Muy estable,Rapido y rentable
CNP,CENTERPOINT ENERGY INC,Stock,NYSE,4911,USD,42.2400016784668,6,6,100.0,0.5778035376944349,0.5634219310185196,0.27288925420334514,2026-05-21,1.5,7.333333333333333,13.155480480266263,399.0395599935943,311.1682611373558,878.3154142352361,373.6490375008575,140.59886083897916,140.59886083897916,98.5,100.0,86.84451951973374,88.1544814656545,Muy rapida,Alta,Estable,Rapido y rentable
BRKU,Direxion Daily BRKB Bull 2X ETF,ETF/Fund,US Listed,,USD,22.13999938964844,6,6,100.0,0.5597917314232578,0.5548791221448324,0.2646822110945979,2026-06-23,1.5,5.0,6.4807406984078595,358.02177094740415,331.94803827479063,878.1019750007981,321.31227066512923,136.2159879796594,136.2159879796594,98.5,100.0,93.51925930159214,89.13768062666207,Muy rapida,Alta,Estable,Rapido y rentable
AAP,ADVANCE AUTO PARTS INC,Stock,NYSE,5531,USD,56.52999877929688,6,6,100.0,0.5457729187848331,0.5229544402822459,0.8436120560719695,2026-04-10,1.5,2.5,2.073644135332772,829.9056399580869,553.7470859509231,1965.85753052622,736.3401009742164,132.80474357097606,132.80474357097606,98.5,100.0,97.92635586466723,89.78472629848491,Muy rapida,Alta,Muy estable,Rapido y rentable
WWW,WOLVERINE WORLD WIDE INC /DE/,Stock,NYSE,3140,USD,16.31999969482422,6,6,100.0,0.5417659732464722,0.55203077318724,1.0882495596264492,2026-04-01,1.5,5.0,8.831760866327848,643.2357941424785,388.5492832130525,2220.6858500788103,805.535729306103,131.82972015664157,131.82972015664157,98.5,100.0,91.16823913367216,88.7670018432973,Muy rapida,Alta,Estable,Rapido y rentable
UTMD,UTAH MEDICAL PRODUCTS INC,Stock,Nasdaq,3841,USD,67.47000122070312,12,12,100.0,0.5096138069614454,0.5108416376698508,-0.31950424844314923,2026-06-17,1.5,4.333333333333333,4.5792681696639,345.584252693514,327.06652753730225,793.6153860292374,237.5810865672784,124.00602636061838,124.00602636061838,98.5,100.0,95.4207318303361,89.37272358151185,Muy rapida,Alta,Muy estable,Rapido y rentable
GNTX,GENTEX CORP,Stock,Nasdaq,3714,USD,21.36000061035156,12,12,100.0,0.5056474465375422,0.5060810824998218,1.084118960891887,2026-04-08,1.5,4.833333333333333,5.441145155760927,700.6080584013722,254.23222042404285,1909.9844014958812,820.0876836027082,123.0408786574686,123.0408786574686,98.5,100.0,94.55885484423908,89.2394756731734,Muy rapida,Alta,Estable,Rapido y rentable
MGYR,"Magyar Bancorp, Inc.",Stock,Nasdaq,6035,USD,17.399999618530273,12,12,100.0,0.4809578580185934,0.46887019094456295,0.40006135986988434,2026-05-07,1.5,3.0,2.76339711883103,453.43834138744575,321.73143927891016,1176.11018286811,435.36093726237647,117.03307878452439,117.03307878452439,98.5,100.0,97.23660288116898,89.61644829019394,Muy rapida,Alta,Muy estable,Rapido y rentable
MRSH,"MARSH & MCLENNAN COMPANIES, INC.",Stock,NYSE,6411,USD,175.80999755859375,6,6,100.0,0.4332082676122881,0.4380480453775325,0.5565755721020795,2026-04-09,1.5,3.0,2.898275349237888,524.7351473689959,207.63260525447896,2179.5948841863174,819.0441591134692,105.41401178565677,105.41401178565677,98.5,100.0,97.10172465076211,89.5484669652266,Muy rapida,Alta,Muy estable,Rapido y rentable
SEM,SELECT MEDICAL HOLDINGS CORP,Stock,NYSE,8060,USD,16.469999313354492,6,6,100.0,0.42503097668190026,0.4222567507909397,0.5579309544773668,2026-05-14,1.5,11.333333333333334,23.855118248851056,405.33528282920474,164.23112169171355,1038.2977530291346,473.35231834297184,103.42420432592908,103.42420432592908,98.5,100.0,76.14488175114894,86.39676323935423,Muy rapida,Alta,Variable,Rapido y rentable
WTFC,WINTRUST FINANCIAL CORP,Stock,Nasdaq,6022,USD,146.6300048828125,12,12,100.0,0.3886292297065823,0.3855348761290034,0.15478669365781947,2026-05-14,1.5,2.6666666666666665,2.1461734799546393,353.9212001222808,175.8728557826426,1008.4799547452905,354.5268592518733,94.56644589526836,94.56644589526836,98.5,100.0,97.85382652004536,89.61670320771339,Muy rapida,Alta,Muy estable,Rapido y rentable
BY,"BYLINE BANCORP, INC.",Stock,NYSE,6022,USD,32.040000915527344,6,6,100.0,0.3718773820935611,0.37313952083579904,0.8790790790326365,2026-05-05,1.5,1.6666666666666667,0.816496580927726,547.6677451488395,474.738319526451,1184.7669189081585,387.5456863083161,90.49016297609985,90.49016297609985,98.5,100.0,99.18350341907228,89.7994028949544,Muy rapida,Alta,Muy estable,Rapido y rentable
CSX,CSX CORP,Stock,Nasdaq,4011,USD,45.810001373291016,12,12,100.0,0.37000800397707817,0.3831561904524252,-0.14251460509289196,2026-05-29,1.5,2.6666666666666665,2.309401076758503,134.6021245233297,123.23255411261688,348.50422527499177,112.78591202732032,90.03528096775568,90.03528096775568,98.5,100.0,97.6905989232415,89.5735978424633,Muy rapida,Alta,Muy estable,Rapido y rentable
NBBK,"NB Bancorp, Inc.",Stock,Nasdaq,6036,USD,20.149999618530277,8,8,100.0,0.36480629818320887,0.370326495670836,0.5696968104814633,2026-05-06,1.5,2.5,2.2038926600773587,486.0323000385557,407.2339293642458,1066.2937449891913,456.43525030932165,88.76953255791415,88.76953255791415,98.5,100.0,97.79610733992264,89.58422239917161,Muy rapida,Alta,Muy estable,Rapido y rentable
TCBS,"Texas Community Bancshares, Inc.",Stock,Nasdaq,6036,USD,17.0,12,12,100.0,0.3166453553807572,0.2768938954027108,0.24235756727649893,2026-06-02,1.5,3.0,3.3574882386580707,152.91888239864454,106.59778838394843,390.53461723792543,116.49159838305232,77.05036980931759,77.05036980931759,98.5,100.0,96.64251176134194,89.36302211958204,Muy rapida,Alta,Muy estable,Rapido y rentable
TQQQ,ProShares UltraPro QQQ,ETF/Fund,US Listed,,USD,74.44000244140625,6,6,100.0,0.31449133375637356,0.2103354567441016,-0.9419164985401881,2026-06-24,1.5,10.166666666666666,19.166811593654973,269.43640324256,228.00160991826405,704.2412072577896,253.20667307199622,76.52622454738423,76.52622454738423,98.5,100.0,80.83318840634503,86.98946959470813,Muy rapida,Alta,Variable,Rapido y rentable
PFSI,"PennyMac Financial Services, Inc.",Stock,NYSE,6162,USD,85.69000244140625,6,6,100.0,0.3013212233618873,0.30082783091327847,0.883516727307264,2026-05-18,1.5,3.0,3.5213633723318014,569.7568847965824,298.26090923178276,2103.788357280887,770.8104069850874,73.32149768472591,73.32149768472591,98.5,100.0,96.4786366276682,89.32311671751211,Muy rapida,Alta,Muy estable,Rapido y rentable
NYT,NEW YORK TIMES CO,Stock,NYSE,2711,USD,83.7300033569336,6,6,100.0,0.2984504913417792,0.2968924066163815,-0.12362924286400805,2026-04-01,1.5,6.833333333333333,11.107054815146393,355.3867313231463,307.74780417925314,823.8964818861342,289.36384709503017,72.62295289316627,72.62295289316627,98.5,100.0,88.8929451848536,88.18239226906982,Muy rapida,Alta,Estable,Rapido y rentable
AA,Alcoa Corp,Stock,NYSE,3334,USD,62.59000015258789,6,6,100.0,0.2653739701208058,0.29400004568106736,0.2463154865858352,2026-05-19,1.5,7.833333333333333,14.824529222429517,734.7729083251215,409.54274809409515,2675.5871925278234,1009.8446086396481,64.57433272939609,64.57433272939609,98.5,100.0,85.17547077757048,87.59169458675638,Muy rapida,Alta,Estable,Rapido y rentable
TR,TOOTSIE ROLL INDUSTRIES INC,Stock,NYSE,2060,USD,37.18000030517578,6,6,100.0,0.24085219077349318,0.24151523992546692,-0.6031829475435724,2026-06-18,1.5,3.6666666666666665,3.8815804341359033,149.87874449785048,137.78405301819913,281.59536956291697,104.1471450765462,58.60736642155001,58.60736642155001,98.5,100.0,96.1184195658641,89.20861512565311,Muy rapida,Alta,Muy estable,Rapido y rentable
AMAT,APPLIED MATERIALS INC /DE,Stock,Nasdaq,3674,USD,426.8500061035156,12,12,100.0,0.20725016348658173,0.21272113483804655,-1.1172529929635104,2026-05-21,1.5,4.333333333333333,5.314360191257669,190.5064194091586,149.69587002779886,492.7892095480783,156.91011153898512,50.430873115068216,50.430873115068216,98.5,100.0,94.68563980874234,88.96009613479792,Muy rapida,Alta,Estable,Rapido y rentable
TSLS,Direxion Daily TSLA Bear 1X ETF,ETF/Fund,US Listed,,USD,53.900001525878906,6,6,100.0,0.20598960774867825,0.0089255307855626,0.4412487706164992,2026-06-23,1.5,2.0,1.2649110640673518,641.771905856578,367.17406822165,2120.8579024884143,743.2743802237311,50.12413788551171,50.12413788551171,98.5,100.0,98.73508893593265,89.56625294813857,Muy rapida,Alta,Muy estable,Rapido y rentable
COSO,"CoastalSouth Bancshares, Inc.",Stock,NYSE,6022,USD,25.32999992370605,2,2,100.0,0.19917951579881504,0.19917951579881504,0.1769450246052914,2026-05-14,1.5,1.5,0.7071067811865476,188.63141833313904,188.63141833313904,230.5575323893476,59.29247911589141,48.46701551104499,48.46701551104499,98.5,100.0,99.29289321881345,89.64311349862083,Muy rapida,Alta,Muy estable,Rapido y rentable
BWXT,"BWX Technologies, Inc.",Stock,NYSE,3510,USD,201.94000244140625,6,6,100.0,0.17407880166842293,0.14310517232501416,-0.15185835185801852,2026-05-19,1.5,6.5,12.02913130695646,215.60909733061922,76.4068439612147,861.0924567578019,323.4589239222493,42.359175072649585,42.359175072649585,98.5,100.0,87.97086869304354,87.91970910562496,Muy rapida,Alta,Estable,Rapido y rentable
PGC,PEAPACK GLADSTONE FINANCIAL CORP,Stock,Nasdaq,6029,USD,43.18999862670898,12,12,100.0,0.16421196838223023,0.1640384594736139,0.1266303901117618,2026-05-07,1.5,5.166666666666667,7.1710698242481525,340.2341687664086,79.77536269816865,1240.0802439846543,464.2847546521784,39.95824563967602,39.95824563967602,98.5,100.0,92.82893017575185,88.638551494745,Muy rapida,Alta,Estable,Rapido y rentable
PJT,PJT Partners Inc.,Stock,NYSE,6282,USD,156.77999877929688,6,6,100.0,0.15908289243300122,0.162085600263849,-0.16920269760071535,2026-06-03,1.5,1.6666666666666667,0.816496580927726,391.2929048013723,322.72847132256925,769.5596051464514,196.7328503371683,38.710170492030294,38.710170492030294,98.5,100.0,99.18350341907228,89.58660840529384,Muy rapida,Alta,Muy estable,Rapido y rentable
FGBI,"First Guaranty Bancshares, Inc.",Stock,Nasdaq,6035,USD,9.710000038146973,12,12,100.0,0.1331892694862497,0.1224138746771051,2.0547804091657818,2026-06-26,1.5,2.3333333333333335,1.874873733122184,876.1795656416895,316.41998727148217,3834.192400404138,1387.6856129649127,32.40938890832076,32.40938890832076,98.5,100.0,98.12512626687781,89.40195820951791,Muy rapida,Alta,Muy estable,Rapido y rentable
HQGO,Hartford US Quality Growth ETF,ETF/Fund,US Listed,,USD,63.810001373291016,6,6,100.0,0.12484570707847104,0.11376942659765779,-0.11529972410014978,2026-06-25,1.5,2.0,1.5491933384829668,95.370069157162,94.0376699778775,196.19352081554555,61.33593739607585,30.379122055761286,30.379122055761286,98.5,100.0,98.45080666151703,89.44246670630604,Muy rapida,Alta,Muy estable,Rapido y rentable
FTI,TechnipFMC plc,Stock,NYSE,3533,USD,73.45999908447266,6,6,100.0,0.12390914739636277,0.12987430630036334,0.44662729629759174,2026-05-19,1.5,3.6666666666666665,5.125101625008685,442.3337745530586,323.3432306992415,956.6042154678908,411.4470930628568,30.151225866448275,30.151225866448275,98.5,100.0,94.87489837499132,88.90514390364505,Muy rapida,Alta,Estable,Rapido y rentable
CASH,"PATHWARD FINANCIAL, INC.",Stock,Nasdaq,6021,USD,81.55000305175781,12,12,100.0,0.0644923157401095,0.0655451044387228,0.17914941876124454,2026-06-11,1.5,4.166666666666667,4.36584540044721,370.02775211570315,236.80202929928305,1077.9330453342925,397.30940672879774,15.693130163426645,15.693130163426645,98.5,100.0,95.63415459955279,88.95961550567303,Muy rapida,Alta,Muy estable,Rapido defensivo
L,LOEWS CORP,Stock,NYSE,6331,USD,109.08999633789062,6,6,100.0,0.06404095533465808,0.0620097766258548,-0.46388249804870324,2026-05-27,1.5,6.0,10.807404868885037,122.61172746220916,91.93579429334054,309.27046319769204,110.33389988138721,15.583299131433467,15.583299131433467,98.5,100.0,89.19259513111496,87.9929302250019,Muy rapida,Alta,Estable,Rapido defensivo
BELFB,Bel Fuse Inc. Class B Common Stock,Other Unmatched,,,USD,237.33999633789065,6,6,100.0,0.061863906281152015,0.0582153556203126,0.2468316130441075,2026-04-15,1.5,3.3333333333333335,3.9327683210007005,487.10817599667877,514.0804868741571,923.8125027855629,418.246967740084,15.053550528413657,15.053550528413657,98.5,100.0,96.0672316789993,89.02194865813104,Muy rapida,Alta,Muy estable,Rapido defensivo
PVH,PVH CORP. /DE/,Stock,NYSE,2320,USD,97.20999908447266,6,6,100.0,0.047827899373014515,0.0461814000340171,0.2633612858959279,2026-06-03,1.5,18.833333333333332,33.93768799825154,443.22485384283146,469.9871205862206,978.0218805420768,398.48766595599983,11.638122180766866,11.638122180766866,98.5,100.0,66.06231200174847,84.50717469963529,Muy rapida,Alta,Variable,Rapido defensivo
QQQA,ProShares Nasdaq-100 Dorsey Wright Momentum ETF,ETF/Fund,US Listed,,USD,82.11599731445312,4,4,100.0,0.03350623418550395,0.012251278988182599,-0.4271130877216002,2026-06-24,1.5,1.75,0.9574271077563382,91.7231221046157,90.9737032490069,168.92545843009754,69.30799916299998,8.15318365180596,8.15318365180596,98.5,100.0,99.04257289224365,89.43989216802206,Muy rapida,Alta,Muy estable,Rapido defensivo
IR,Ingersoll Rand Inc.,Stock,NYSE,3560,USD,71.38999938964844,6,6,100.0,0.024823956255835666,0.024658306283828348,0.2752641039646735,2026-05-14,1.5,4.5,5.205766033928147,322.1377013772426,150.3987986551977,1344.3846117963465,507.16667322434074,6.040496022253347,6.040496022253347,98.5,100.0,94.79423396607186,88.79395905116661,Muy rapida,Alta,Estable,Rapido defensivo
JVA,COFFEE HOLDING CO INC,Stock,Nasdaq,2090,USD,3.0799999237060547,2,2,100.0,2.597402661742239,2.597402661742239,-0.9740250692497616,2026-02-10,2.0,2.0,0.0,1125.8125073151157,1125.8125073151157,1125.8125073151157,0.0,474.0259857679586,474.0259857679586,98.0,100.0,100.0,91.99740266174224,Muy rapida,Alta,Muy estable,Rapido y rentable
FAAR,First Trust Alternative Absolute Return Strategy ETF,ETF/Fund,US Listed,,USD,31.711000442504883,6,6,100.0,1.902926620220627,0.5510158117596348,-1.8041401711969407,2026-06-25,2.0,9.666666666666666,17.45470328211473,215.09469900422673,196.53628541710745,509.17509615985546,167.48545476280353,347.2841081902645,347.2841081902645,98.0,100.0,82.54529671788526,88.68472112790342,Muy rapida,Alta,Variable,Rapido y rentable
RLI,RLI CORP,Stock,NYSE,6331,USD,51.5,6,6,100.0,1.4188891050196883,0.2467304160374139,-0.711537399003773,2026-05-29,2.0,5.0,6.0332412515993425,202.83278962670093,191.78562915772036,349.21347045044627,97.01580851920784,258.94726166609314,258.94726166609314,98.0,100.0,93.96675874840065,89.91390291727978,Muy rapida,Alta,Estable,Rapido y rentable
NWFL,NORWOOD FINANCIAL CORP,Stock,Nasdaq,6022,USD,31.1200008392334,12,12,100.0,1.1905183880111478,1.190234043167587,-0.8722493486112987,2026-04-15,2.0,9.5,15.860184568454887,451.1565115595611,367.0850023849405,884.8483921520407,338.8206662830356,217.26960581203448,217.26960581203448,98.0,100.0,84.13981543154512,88.21149070274292,Muy rapida,Alta,Variable,Rapido y rentable
GEL,GENESIS ENERGY LP,Stock,NYSE,4610,USD,17.170000076293945,6,6,100.0,1.13107709033886,1.044100753687175,-0.4468434793013438,2026-04-30,2.0,4.333333333333333,5.125101625008686,737.0452244290136,547.7022334702135,1872.076745667361,707.474634764499,206.42156898684195,206.42156898684195,98.0,100.0,94.87489837499132,89.76231184658756,Muy rapida,Alta,Estable,Rapido y rentable
MEI,METHODE ELECTRONICS INC,Stock,NYSE,3678,USD,7.059999942779541,6,6,100.0,1.1274880559516813,0.8828085670793546,-0.34007186386492494,2026-04-17,2.0,5.166666666666667,7.440878084384037,617.3190516080642,621.2159974512315,1229.6111925520063,435.66744692814683,205.76657021118186,205.76657021118186,98.0,100.0,92.55912191561596,89.41135634329409,Muy rapida,Alta,Estable,Rapido y rentable
QVOL,Infrastructure Capital Nasdaq Option Income ETF,ETF/Fund,,,USD,100.25,2,2,100.0,1.0037633807372133,1.0037633807372133,0.5152804539261207,2026-06-29,2.0,2.0,1.4142135623730951,332.3561254484659,332.3561254484659,442.61737669328073,155.93295691464445,183.18681698454145,183.18681698454145,98.0,100.0,98.58578643762691,90.19163134638126,Muy rapida,Alta,Muy estable,Rapido y rentable
PBF,PBF Energy Inc.,Stock,NYSE,2911,USD,40.93000030517578,6,6,100.0,0.9737319412445097,0.987603429526029,-0.3924971713246848,2026-05-14,2.0,9.833333333333334,13.287839051804724,606.723028289726,515.5089935694004,1799.6427416562924,653.9746993442407,177.70607927712302,177.70607927712302,98.0,100.0,86.71216094819528,88.3805560834738,Muy rapida,Alta,Estable,Rapido y rentable
JEPQ.L,JPMORGAN ETFS (IRELAND) ICAV JP,ETF/Fund,London Stock Exchange,Europe,USD,26.645000457763672,3,3,100.0,0.959070975417024,0.9446425058201152,-0.692626278117134,2026-06-11,2.0,3.6666666666666665,2.8867513459481287,240.58209115746342,196.61968637168832,453.21906578359057,194.42001764675413,175.0304530136069,175.0304530136069,98.0,100.0,97.11324865405187,89.9260582735248,Muy rapida,Alta,Muy estable,Rapido y rentable
LMTL,Direxion Daily LMT Bull 2X ETF,ETF/Fund,US Listed,,USD,29.12299919128418,5,5,100.0,0.8767119171729287,0.6719379130017322,-0.13820067112235454,2026-06-23,2.0,1.6,0.5477225575051662,659.9068468670837,576.125363900302,1412.6754547559249,450.9325744017913,159.99992488405948,159.99992488405948,98.0,100.0,99.45227744249483,90.19455353354715,Muy rapida,Alta,Muy estable,Rapido y rentable
SBLK,Star Bulk Carriers Corp. Common Shares,Other Unmatched,,,USD,27.149999618530277,6,6,100.0,0.850051099101324,0.5637621599626266,0.5476477163939111,2026-06-12,2.0,8.0,13.023056476879765,422.49656328902785,446.65494487621015,910.7047822479062,383.3309933790317,155.13432558599163,155.13432558599163,98.0,100.0,86.97694352312024,88.29659262756937,Muy rapida,Alta,Estable,Rapido y rentable
CTRA,Coterra Energy Inc.,Stock,NYSE,1311,USD,30.40999984741211,5,5,100.0,0.8324735304561812,0.8419441525674569,-0.33438453887893094,2026-03-11,2.0,7.8,8.526429498916883,434.1905778413713,300.3259989583672,1392.3058107711947,561.4346850457503,151.92641930825306,151.92641930825306,98.0,100.0,91.47357050108312,88.95350910561865,Muy rapida,Alta,Estable,Rapido y rentable
IBCP,INDEPENDENT BANK CORP /MI/,Stock,Nasdaq,6022,USD,33.61000061035156,12,12,100.0,0.8125032164472544,0.8292411007603742,-0.18625756922586512,2026-05-04,2.0,2.8333333333333335,2.037526724122938,365.177009553804,344.8695230553534,788.5824481965387,241.58926310322695,148.28183700162393,148.28183700162393,98.0,100.0,97.96247327587706,89.90687420782882,Muy rapida,Alta,Muy estable,Rapido y rentable
CVGW,CALAVO GROWERS INC,Stock,Nasdaq,700,USD,27.979999542236328,6,6,100.0,0.8006900878807791,0.802642822123067,-0.42864695594437324,2026-04-24,2.0,2.6666666666666665,2.065591117977289,318.7144819068728,315.0608043029637,578.1580354833634,182.69496559884047,146.1259410382422,146.1259410382422,98.0,100.0,97.93440888202271,89.89085142018419,Muy rapida,Alta,Muy estable,Rapido y rentable
AROC,"Archrock, Inc.",Stock,NYSE,4922,USD,36.709999084472656,6,6,100.0,0.7481330056566583,0.7373542261673999,-1.2988359358780042,2026-05-12,2.0,8.5,14.20915198032592,235.26509839159735,157.34795547519414,735.7672945243559,266.003749495742,136.53427353234014,136.53427353234014,98.0,100.0,85.79084801967409,88.01676020860778,Muy rapida,Alta,Estable,Rapido y rentable
GBCI,"GLACIER BANCORP, INC.",Stock,NYSE,6022,USD,46.36000061035156,5,5,100.0,0.7458289718266258,0.7217847576315637,-1.3144698220235624,2026-04-07,2.0,3.0,2.8284271247461903,614.5630620850482,523.5655668775008,1352.7174448280232,464.2964440117158,136.11378735835922,136.11378735835922,98.0,100.0,97.17157287525382,89.72156490311471,Muy rapida,Alta,Muy estable,Rapido y rentable
STT,STATE STREET CORP,Stock,NYSE,6022,USD,126.55999755859376,6,6,100.0,0.7294659852218704,0.7193821281297353,-0.21649344783877525,2026-04-01,2.0,2.5,1.8708286933869707,281.52520326736163,147.23385546054882,729.6546372685802,262.91755626760147,133.12754230299134,133.12754230299134,98.0,100.0,98.12917130661303,89.84884168121383,Muy rapida,Alta,Muy estable,Rapido y rentable
MET,METLIFE INC,Stock,NYSE,6311,USD,77.9800033569336,6,6,100.0,0.7198925175906817,0.7254182394818637,-0.785502777270357,2026-05-12,2.0,19.666666666666668,34.30840518978792,235.46692060771952,211.9415613359681,586.4882434635766,228.69080676656958,131.3803844602994,131.3803844602994,98.0,100.0,65.69159481021208,84.9736317391225,Muy rapida,Alta,Variable,Rapido y rentable
FSZ,First Trust Switzerland AlphaDEX Fund,ETF/Fund,US Listed,,USD,81.97000122070312,5,5,100.0,0.7118255654162063,0.6860274425572552,-0.3607459144128736,2026-06-25,2.0,3.0,2.5495097567963922,175.98395159110916,96.7815796811424,377.7800775355706,146.04417672060308,129.90816568845764,129.90816568845764,98.0,100.0,97.4504902432036,89.72939910189675,Muy rapida,Alta,Muy estable,Rapido y rentable
METD,Direxion Daily META Bear 1X ETF,ETF/Fund,US Listed,,USD,17.59000015258789,6,6,100.0,0.7110615026309581,0.7237148510328834,-0.7344434182461165,2026-06-23,2.0,9.0,14.24078649513432,285.8976512157265,221.91420295214397,695.8987957235116,264.88642416626004,129.76872423014987,129.76872423014987,98.0,100.0,85.75921350486568,87.97494352836081,Muy rapida,Alta,Estable,Rapido y rentable
UVSP,UNIVEST FINANCIAL Corp,Stock,Nasdaq,6022,USD,38.790000915527344,12,12,100.0,0.6924058187544783,0.7078534643129339,0.04531472567334551,2026-05-06,2.0,2.6666666666666665,2.229281716090851,313.67394888181656,287.9029412759969,570.3130566398737,194.1852961907789,126.36406192269229,126.36406192269229,98.0,100.0,97.77071828390915,89.75801356134086,Muy rapida,Alta,Muy estable,Rapido y rentable
AVXC,Avantis Emerging Markets ex-China Equity ETF,ETF/Fund,US Listed,,USD,80.8479995727539,4,4,100.0,0.6659997835927278,0.6204847983328532,-0.19658324494046742,2026-06-09,2.0,3.25,3.304037933599835,360.2899834097626,244.06345239911573,867.2196045534282,361.9832805960185,121.54496050567282,121.54496050567282,98.0,100.0,96.69596206640017,89.57039409355275,Muy rapida,Alta,Muy estable,Rapido y rentable
FANG,"Diamondback Energy, Inc.",Stock,Nasdaq,1311,USD,201.1000061035156,12,12,100.0,0.6551652139865504,0.6873236226117229,-0.6172223461998065,2026-05-14,2.0,6.5,9.737462801889505,355.5375441774275,394.90990218276795,698.1467104319564,241.37947442643676,119.56765155254544,119.56765155254544,98.0,100.0,90.2625371981105,88.59454579370313,Muy rapida,Alta,Estable,Rapido y rentable
LUCK,Lucky Strike Entertainment Corp,Stock,NYSE,7900,USD,8.869999885559082,6,6,100.0,0.6443540193271334,0.6475550401447148,1.018484404986953,2026-05-22,2.0,4.833333333333333,6.645800679125629,511.5982777265576,396.0134872066115,1252.2496704245436,462.0951740383571,117.59460852720186,117.59460852720186,98.0,100.0,93.35419932087437,89.0474839174583,Muy rapida,Alta,Estable,Rapido y rentable
HAL,HALLIBURTON CO,Stock,NYSE,1389,USD,40.130001068115234,6,6,100.0,0.6371272481167924,0.6678345882287406,-0.8380775324261257,2026-06-03,2.0,5.666666666666667,7.8655366420014,418.6116725450409,236.11521933778096,973.2099531181038,410.1626047338574,116.27572278131464,116.27572278131464,98.0,100.0,92.1344633579986,88.85729675181659,Muy rapida,Alta,Estable,Rapido y rentable
HWBK,"HAWTHORN BANCSHARES, INC.",Stock,Nasdaq,6021,USD,37.70000076293945,12,12,100.0,0.6347898087164184,0.6317518790440324,0.8558879095607876,2026-06-15,2.0,2.8333333333333335,2.124888588879783,608.7489643120408,508.12755133170026,1676.0199696061495,548.6995022278969,115.84914009074637,115.84914009074637,98.0,100.0,97.87511141112022,89.71605652038446,Muy rapida,Alta,Muy estable,Rapido y rentable
AWK,"American Water Works Company, Inc.",Stock,NYSE,4941,USD,126.01000213623048,6,6,100.0,0.6341498987730778,0.6275434529882071,-0.45761276651750177,2026-05-12,2.0,3.3333333333333335,3.204163957519444,444.18799753283906,466.35665418698864,863.294586970818,364.7751524987527,115.73235652608669,115.73235652608669,98.0,100.0,96.79583604248056,89.55352530514516,Muy rapida,Alta,Muy estable,Rapido y rentable
BCPC,BALCHEM CORP,Stock,Nasdaq,2800,USD,157.0,2,2,100.0,0.6114649681528662,0.6114649681528662,-0.2356656797372611,2025-12-23,2.0,2.0,0.0,113.91769409179686,113.91769409179686,113.91769409179686,0.0,111.59235668789808,111.59235668789808,98.0,100.0,100.0,90.01146496815288,Muy rapida,Alta,Muy estable,Rapido y rentable
OPPJ,WisdomTree Japan Opportunities Fund,ETF/Fund,US Listed,,USD,57.83000183105469,5,5,100.0,0.5629376562352837,0.520986327090368,-0.6241668292166341,2026-06-25,2.0,2.8,2.3874672772626644,187.81106260647894,119.72068364216592,334.51408027605663,135.822050693591,102.73612226293928,102.73612226293928,98.0,100.0,97.61253272273734,89.60481756464588,Muy rapida,Alta,Muy estable,Rapido y rentable
VHI,VALHI INC /DE/,Stock,NYSE,2810,USD,14.010000228881836,6,6,100.0,0.5519260917398868,0.560802848424467,2.9369924649590846,2026-06-04,2.0,2.3333333333333335,1.632993161855452,950.5326954056382,729.7740015959895,2211.2021290125845,759.2780710236807,100.72651174252934,100.72651174252934,98.0,100.0,98.36700683814455,89.70697711746158,Muy rapida,Alta,Muy estable,Rapido y rentable
LVS,LAS VEGAS SANDS CORP,Stock,NYSE,7011,USD,51.86000061035156,6,6,100.0,0.535639561098887,0.5487558332001425,-0.5258021646652898,2026-05-05,2.0,4.166666666666667,4.445971959725642,311.21644608733953,255.95107036141684,714.5653620123678,253.30367465151167,97.75421990054687,97.75421990054687,98.0,100.0,95.55402804027436,89.26874376714005,Muy rapida,Alta,Muy estable,Rapido y rentable
BCAL,California BanCorp \ CA,Stock,Nasdaq,6021,USD,19.700000762939453,6,6,100.0,0.5333109377550086,0.5221932218903867,0.7456550007045921,2026-06-23,2.0,16.0,22.46775467197379,478.1966134535008,114.4509272062716,1315.4797794911426,650.4127210194279,97.32924614028907,97.32924614028907,98.0,100.0,77.5322453280262,86.56314773695894,Muy rapida,Alta,Variable,Rapido y rentable
LSTR,LANDSTAR SYSTEM INC,Stock,Nasdaq,4213,USD,179.11000061035156,16,16,100.0,0.5181254373944573,0.29678252763074386,0.6805375863727885,2026-05-19,2.0,3.125,2.6044833140823407,479.71364397361367,393.4710701366488,1173.6714601979672,400.10458691801347,94.55789232448846,94.55789232448846,98.0,100.0,97.39551668591766,89.52745294028212,Muy rapida,Alta,Muy estable,Rapido y rentable
COLM,COLUMBIA SPORTSWEAR CO,Stock,Nasdaq,2300,USD,60.41999816894531,12,12,100.0,0.49730462622492694,0.5054638198061867,-0.0584962253083634,2026-05-21,2.0,7.166666666666667,12.554125242567107,573.0288635636467,510.03614397558823,1269.786186826016,470.6878827793511,90.75809428604916,90.75809428604916,98.0,100.0,87.44587475743289,88.01418583983987,Muy rapida,Alta,Estable,Rapido y rentable
PHIN,PHINIA INC.,Stock,NYSE,3714,USD,80.4800033569336,6,6,100.0,0.49308579155976195,0.49227891060957074,0.011793806786448738,2026-06-09,2.0,7.333333333333333,10.385887861259944,406.4946110743104,166.2613616004109,1425.5258173664138,541.8846676689868,89.98815695965655,89.98815695965655,98.0,100.0,89.61411213874005,88.33520261237078,Muy rapida,Alta,Estable,Rapido y rentable
TTC,TORO CO,Stock,NYSE,3524,USD,88.83999633789062,6,6,100.0,0.4882362655937786,0.4991039724889419,0.3596385308006856,2026-06-16,2.0,2.5,1.7606816861659011,333.727000018295,207.01956656895723,932.6337419863014,312.37570131985007,89.10311847086459,89.10311847086459,98.0,100.0,98.2393183138341,89.6241340126689,Muy rapida,Alta,Muy estable,Rapido y rentable
CXSE,WisdomTree China ex-State-Owned Enterprises Fund,ETF/Fund,US Listed,,USD,38.41999816894531,5,5,100.0,0.46264874064014155,0.3198537777834718,-0.6172031802215217,2026-06-25,2.0,6.4,6.9498201415576215,134.87264423597753,125.08427413074884,285.01057630328216,103.46331830627022,84.43339516682583,84.43339516682583,98.0,100.0,93.05017985844238,88.8201757194065,Muy rapida,Alta,Estable,Rapido y rentable
NWSA,NEWS CORP,Stock,Nasdaq,2711,USD,24.030000686645508,6,6,100.0,0.3757488462601204,0.3711952413422552,-0.6555028279196239,2026-03-11,2.0,2.0,0.8944271909999159,219.386771652793,124.06549804068878,470.8683420695931,196.6877360289292,68.57416444247197,68.57416444247197,98.0,100.0,99.10557280900008,89.64158476761014,Muy rapida,Alta,Muy estable,Rapido y rentable
LDRX,SGI Enhanced Market Leaders ETF,ETF/Fund,US Listed,,USD,34.5890007019043,5,5,100.0,0.2944187123810329,0.2356184652099792,0.21463872296269287,2026-06-29,2.0,2.2,1.3038404810405297,193.37232954443394,176.6055614403626,273.52049059804176,68.44262737335235,53.7314150095385,53.7314150095385,98.0,100.0,98.69615951895948,89.49884264022495,Muy rapida,Alta,Muy estable,Rapido y rentable
RBA,RB GLOBAL INC.,Stock,NYSE,7389,USD,105.19000244140624,3,3,100.0,0.29114705682815206,0.2947048130098472,-0.5944631985301668,2026-05-27,2.0,1.6666666666666667,0.5773502691896257,183.97686300765622,180.43465716392805,254.95390627075477,69.27389548158826,53.13433787113775,53.13433787113775,98.0,100.0,99.42264973081038,89.60454451644972,Muy rapida,Alta,Muy estable,Rapido y rentable
AMKR,"AMKOR TECHNOLOGY, INC.",Stock,Nasdaq,3674,USD,74.73999786376953,12,12,100.0,0.2860807421227855,0.27631266389226683,-0.20674916030494903,2026-06-03,2.0,2.1666666666666665,1.403458930534474,716.0694660093773,263.34722706330325,3020.564596194837,1078.5673533597803,52.209735437408355,52.209735437408355,98.0,100.0,98.59654106946553,89.47556190254262,Muy rapida,Alta,Muy estable,Rapido y rentable
FTCS,First Trust Capital Strength ETF,ETF/Fund,US Listed,,USD,93.88999938964844,6,6,100.0,0.27396624453106966,0.2763810623548446,-0.2800693404102743,2026-06-25,2.0,3.6666666666666665,4.226897995772629,94.47895211298851,91.80911132531543,176.27888857045426,62.68116296303488,49.998839626920216,49.998839626920216,98.0,100.0,95.77310200422737,89.03993154516517,Muy rapida,Alta,Muy estable,Rapido y rentable
JOE,ST JOE Co,Stock,NYSE,6552,USD,64.70999908447266,6,6,100.0,0.27231574496764654,0.27665202332289285,0.9758076606357916,2026-06-09,2.0,6.333333333333333,7.7631608682718065,661.592607028883,359.3802567736453,1846.970183014408,757.8176830124663,49.697623456595494,49.697623456595494,98.0,100.0,92.23683913172819,88.50784161472687,Muy rapida,Alta,Estable,Rapido y rentable
ACM,AECOM,Stock,NYSE,8711,USD,84.81999969482422,6,6,100.0,0.27046683334906246,0.25982159944764743,0.23251858174929155,2026-04-01,2.0,7.5,11.827933040053955,293.43295208790875,189.47915871818327,767.8470460455671,289.9398452623949,49.3601970862039,49.3601970862039,98.0,100.0,88.17206695994605,87.89627687734098,Muy rapida,Alta,Estable,Rapido y rentable
OEC,Orion S.A.,Stock,NYSE,2890,USD,7.25,5,5,100.0,0.25235404811803674,0.1866666666666666,-0.7425258498059051,2026-06-10,2.0,2.4,2.073644135332772,491.25170328657043,218.1403145503646,1330.8109605035484,535.2994799921509,46.054613781541704,46.054613781541704,98.0,100.0,97.92635586466723,89.34130742781812,Muy rapida,Alta,Muy estable,Rapido y rentable
RYAN,"RYAN SPECIALTY HOLDINGS, INC.",Stock,NYSE,6411,USD,31.290000915527344,6,6,100.0,0.2507859806051563,0.20488139198165806,-0.199879842303897,2026-05-12,2.0,4.5,6.685805860178712,227.3879439974402,241.1828125759977,408.2765919990599,160.7716241180321,45.76844146044102,45.76844146044102,98.0,100.0,93.31419413982128,88.64791510157836,Muy rapida,Alta,Estable,Rapido y rentable
WT,"WisdomTree, Inc.",Stock,NYSE,6211,USD,18.71999931335449,6,6,100.0,0.24023138008357392,0.2369575491050359,-0.030520601819781668,2026-05-13,2.0,7.5,14.46029045351441,341.96148835707646,121.1424694467606,1559.830009584631,598.3318239860048,43.84222686525224,43.84222686525224,98.0,100.0,85.5397095464856,87.47118781205641,Muy rapida,Alta,Estable,Rapido y rentable
JSML,Janus Henderson Small Cap Growth Alpha ETF,ETF/Fund,US Listed,,USD,91.83000183105467,6,6,100.0,0.19311278258142062,0.14340278917668794,1.5107295627312485,2026-06-30,2.0,4.166666666666667,5.879342366852494,513.3898520236227,427.5204929046281,1550.4519212523296,554.6435606634462,35.24308282110926,35.24308282110926,98.0,100.0,94.1206576331475,88.71121142755355,Muy rapida,Alta,Estable,Rapido y rentable
GHC,Graham Holdings Co,Stock,NYSE,8200,USD,1125.280029296875,6,6,100.0,0.1845641954167346,0.19007352302385755,-0.5617925871853663,2026-04-16,2.0,2.8333333333333335,2.3166067138525404,218.33523139236922,187.48308847144864,478.9234070859533,163.9329029977258,33.682965663554064,33.682965663554064,98.0,100.0,97.68339328614746,89.23707318833887,Muy rapida,Alta,Muy estable,Rapido y rentable
FSV,FirstService Corporation Common Shares,Other Unmatched,,,USD,141.97999572753906,6,6,100.0,0.18080748088659512,0.17101525795904335,0.5434141188446621,2026-06-30,2.0,3.1666666666666665,3.125166662222459,243.61227966389254,147.9264053068394,816.0257194625636,288.1435709902654,32.99736526180361,32.99736526180361,98.0,100.0,96.87483333777755,89.11203248155324,Muy rapida,Alta,Muy estable,Rapido y rentable
JMID,Janus Henderson Mid Cap Growth Alpha ETF,ETF/Fund,US Listed,,USD,31.49799919128418,6,6,100.0,0.16837617000245828,0.15298972591166732,0.7904348414129813,2026-06-30,2.0,2.1666666666666665,1.3291601358251257,339.6451240802083,194.0828780254559,1243.8891437265297,457.6539224215225,30.728651025448634,30.728651025448634,98.0,100.0,98.67083986417488,89.3690021496287,Muy rapida,Alta,Muy estable,Rapido y rentable
LRND,NYLI U.S. Large Cap R&D Leaders ETF,ETF/Fund,US Listed,,USD,43.51599884033203,6,6,100.0,0.16107887231849416,0.1551492614960777,0.8988283061045078,2026-06-30,2.0,4.166666666666667,5.076087732365021,374.898683256409,152.80465528695657,1367.8899512107969,523.8232646206683,29.39689419812519,29.39689419812519,98.0,100.0,94.92391226763498,88.79966571246375,Muy rapida,Alta,Estable,Rapido y rentable
ORA,"ORMAT TECHNOLOGIES, INC.",Stock,NYSE,4911,USD,130.67999267578125,6,6,100.0,0.12868714198888373,0.11991584814504941,-0.19735600503817521,2026-05-20,2.0,3.5,3.5637059362410923,186.66127123458253,173.7228187613201,368.8204150237887,161.60899825356748,23.48540341297128,23.48540341297128,98.0,100.0,96.43629406375891,88.99413125155272,Muy rapida,Alta,Muy estable,Rapido defensivo
JSMD,Janus Henderson Small/Mid Cap Growth Alpha ETF,ETF/Fund,US Listed,,USD,99.8479995727539,6,6,100.0,0.12334985043527087,0.124339306573819,1.4148790243995786,2026-06-30,2.0,5.666666666666667,9.521904571390467,527.0668151741639,344.10469924695434,1849.9896573147705,684.8421158995768,22.511347704436936,22.511347704436936,98.0,100.0,90.47809542860954,88.09506416472671,Muy rapida,Alta,Estable,Rapido defensivo
WWD,"Woodward, Inc.",Stock,Nasdaq,3620,USD,356.3800048828125,12,12,100.0,0.1123080758720596,0.11082141221802455,-0.3241165081867518,2026-05-21,2.0,7.666666666666667,11.949388218142332,163.08117103083023,171.39176121138365,277.1771221644988,110.29013519450669,20.496223846650878,20.496223846650878,98.0,100.0,88.05061178185767,87.71989984315071,Muy rapida,Alta,Estable,Rapido defensivo
EA,ELECTRONIC ARTS INC.,Stock,Nasdaq,7372,USD,201.1300048828125,12,12,100.0,0.11106034379972841,0.1024224822403811,0.005591453371138662,2026-05-27,2.0,3.5,3.0,75.05639679965202,44.52908914436071,212.4619107222676,73.92480958128557,20.268512743450437,20.268512743450437,98.0,100.0,97.0,89.06106034379974,Muy rapida,Alta,Muy estable,Rapido defensivo
H,Hyatt Hotels Corp,Stock,NYSE,7011,USD,185.4600067138672,6,6,100.0,0.09932989372945823,0.09999682326424225,0.31903611039680646,2026-05-29,2.0,2.6666666666666665,2.0655911179772892,282.84358725293515,198.41756877212438,651.0989403719869,242.89469046759905,18.127705605626126,18.127705605626126,98.0,100.0,97.93440888202271,89.18949122603287,Muy rapida,Alta,Muy estable,Rapido defensivo
DBRG,"DigitalBridge Group, Inc.",Stock,NYSE,6282,USD,15.399999618530272,5,5,100.0,0.08504728147166458,0.0847457613420363,-0.021929551221569997,2026-03-31,2.0,2.4,1.6733200530681511,154.23795849471637,154.66125044319588,271.58938030414146,76.02358538125014,15.521128868578787,15.521128868578787,98.0,100.0,98.32667994693185,89.23404927351145,Muy rapida,Alta,Muy estable,Rapido defensivo
GRIN,VictoryShares International Free Cash Flow Growth ETF,ETF/Fund,US Listed,,USD,31.6299991607666,9,9,100.0,0.0654843158866157,0.0515157242821221,0.5028732292690943,2026-06-09,2.0,8.777777777777779,20.729072445347004,272.9931251449864,275.0319359209637,830.6302314887259,235.0150248720822,11.950887649307365,11.950887649307365,98.0,100.0,79.270927554653,86.35612344908458,Muy rapida,Alta,Variable,Rapido defensivo
Q,"Qnity Electronics, Inc.",Stock,NYSE,3674,USD,158.9600067138672,3,3,100.0,0.06338961692725158,0.0641128392231346,0.69075809712935,2026-05-29,2.0,7.0,9.539392014169456,357.378517938171,442.25508542023056,602.5815296012928,296.8847227501456,11.568605089223412,11.568605089223412,98.0,100.0,90.46060798583055,88.03248081480184,Muy rapida,Alta,Estable,Rapido defensivo
PEGA,PEGASYSTEMS INC,Stock,Nasdaq,7374,USD,29.96999931335449,13,13,100.0,0.060212627940689004,0.0554221308110618,-1.140619569523536,2026-07-01,2.0,3.3076923076923075,2.323238235187235,246.78841816475745,55.87071266257277,1400.5682880785107,398.49293177263564,10.988804599175744,10.988804599175744,98.0,100.0,97.67676176481277,89.1117268926626,Muy rapida,Alta,Muy estable,Rapido defensivo
BELFA,BEL FUSE INC /NJ,Stock,Nasdaq,3677,USD,222.72999572753903,12,12,100.0,0.05630524412712385,0.05851271004723325,-0.35030782687055684,2026-04-15,2.0,6.833333333333333,10.133951336816738,498.5127519785515,613.8710682527205,874.7219045674267,346.66076273054307,10.275707053200103,10.275707053200103,98.0,100.0,89.86604866318326,87.93621254360461,Muy rapida,Alta,Estable,Rapido defensivo
EME,"EMCOR Group, Inc.",Stock,NYSE,1731,USD,803.6400146484375,6,6,100.0,0.051096718612815374,0.0497861717076868,-0.1435396217764616,2026-04-16,2.0,2.6666666666666665,2.250925735484551,341.9656043199606,194.9329383875523,906.8961739629574,370.0347292752226,9.325151146838806,9.325151146838806,98.0,100.0,97.74907426451544,89.11345785829013,Muy rapida,Alta,Muy estable,Rapido defensivo
FAD,First Trust Multi Cap Growth AlphaDEX Fund,ETF/Fund,US Listed,,USD,193.3500061035156,5,5,100.0,0.030170463982513784,0.0367726908484991,-0.5174920979690448,2026-06-25,2.0,8.4,10.876580344942983,196.377982705343,32.694983478177164,491.02716548923695,244.6978621431749,5.506109676808766,5.506109676808766,98.0,100.0,89.12341965505702,87.79868341224108,Muy rapida,Alta,Estable,Rapido defensivo
F,FORD MOTOR CO,Stock,NYSE,3711,USD,12.050000190734863,6,6,100.0,1.5645565211019532,1.284950816625142,-0.23309986231578694,2026-05-12,2.5,4.333333333333333,4.96655480858378,748.6154935399505,491.32003483416963,2529.252320930634,907.2762504586839,228.42525208088517,228.42525208088517,97.5,100.0,95.03344519141622,90.06957329981438,Muy rapida,Alta,Muy estable,Rapido y rentable
AM,Antero Midstream Corp,Stock,NYSE,4922,USD,21.86000061035156,6,6,100.0,1.2565359879999227,1.2712695436010182,-0.7333036403162788,2026-04-29,2.5,10.333333333333334,17.224014243685083,371.4640571488399,369.1927134018423,767.6307412956712,260.83422482460145,183.45425424798867,183.45425424798867,97.5,100.0,82.77598575631492,87.92293385144717,Muy rapida,Alta,Variable,Rapido y rentable
SIRI,SIRIUS XM HOLDINGS INC.,Stock,Nasdaq,4832,USD,27.100000381469727,12,12,100.0,1.1750905171207782,1.2399620083312435,0.14435629174268974,2026-05-11,2.5,4.166666666666667,4.448356863818233,589.6194928028243,437.32783896279994,1419.6335656175297,497.44450134912995,171.5632154996336,171.5632154996336,97.5,100.0,95.55164313618177,89.75783698754805,Muy rapida,Alta,Muy estable,Rapido y rentable
DINO,HF Sinclair Corp,Stock,NYSE,4610,USD,72.43000030517578,6,6,100.0,1.1008712025502434,1.0364958710328538,0.8386644800924513,2026-05-11,2.5,14.666666666666666,31.039759449239725,643.1471428124936,717.2629699815179,1220.5775991289242,497.8128733210836,160.72719557233555,160.72719557233555,97.5,100.0,68.96024055076028,85.69490728516428,Muy rapida,Alta,Variable,Rapido y rentable
HFWA,HERITAGE FINANCIAL CORP /WA/,Stock,Nasdaq,6036,USD,27.520000457763672,12,12,100.0,0.9792991495117015,0.9811703722403473,-1.0702096359123099,2026-05-06,2.5,3.3333333333333335,2.4618298195866544,281.2583807058142,272.3248158861709,483.4442495816576,139.75556841037547,142.9776758287084,142.9776758287084,97.5,100.0,97.53817018041335,89.8600246765737,Muy rapida,Alta,Muy estable,Rapido y rentable
HERD,Pacer Cash Cows Fund of Funds ETF,ETF/Fund,,,USD,44.94100189208984,4,4,100.0,0.9388084600863227,0.42853470584283426,-0.5650438173574281,2025-12-31,2.5,7.0,10.099504938362077,198.28087463280747,196.09288888388403,357.38395022715497,170.68106272629873,137.0660351726031,137.0660351726031,97.5,100.0,89.90049506163793,88.67388271933201,Muy rapida,Alta,Estable,Rapido y rentable
BBWI,"Bath & Body Works, Inc.",Stock,NYSE,5990,USD,17.940000534057617,6,6,100.0,0.8558846773838603,0.7903314489872213,-1.0818953668233802,2026-06-05,2.5,2.8333333333333335,2.0412414523193148,713.1509424039597,460.0452634459044,2320.020482927447,814.8601235823602,124.95916289804362,124.95916289804362,97.5,100.0,97.95875854768069,89.79969845953596,Muy rapida,Alta,Muy estable,Rapido y rentable
LKFN,LAKELAND FINANCIAL CORP,Stock,Nasdaq,6022,USD,60.02999877929688,12,12,100.0,0.830325150292223,0.8395493413579092,0.27643245479202316,2026-04-24,2.5,2.5,1.5666989036012806,698.2522335854993,669.6827979421851,1295.633081090048,538.2826816353206,121.22747194266454,121.22747194266454,97.5,100.0,98.43330109639872,89.84532031475203,Muy rapida,Alta,Muy estable,Rapido y rentable
SRE,SEMPRA,Stock,NYSE,4932,USD,92.7300033569336,6,6,100.0,0.7683289846938349,0.7204877411821404,-0.2627511216716107,2026-06-25,2.5,6.5,7.816648898345122,240.817742251468,262.12417086954946,534.5291363793921,194.4410083929556,112.17603176529991,112.17603176529991,97.5,100.0,92.18335110165488,88.84583164994207,Muy rapida,Alta,Estable,Rapido y rentable
NEE,NEXTERA ENERGY INC,Stock,NYSE,4911,USD,85.68000030517578,6,6,100.0,0.7440377116387825,0.7472405343033183,-0.14034039646167576,2026-06-05,2.5,6.833333333333333,10.998484744121194,371.96913198053363,223.42318104286312,953.467306024153,380.0581015635855,108.62950589926224,108.62950589926224,97.5,100.0,89.0015152558788,88.3442650000206,Muy rapida,Alta,Estable,Rapido y rentable
FHI,"FEDERATED HERMES, INC.",Stock,NYSE,6282,USD,54.34000015258789,6,6,100.0,0.714763358376862,0.6906734283146609,0.2648147068367644,2026-05-08,2.5,8.5,15.043270920913443,461.0039205804467,373.34914905198275,1336.6768876310512,492.0213667263104,104.35545032302183,104.35545032302183,97.5,100.0,84.95672907908656,87.70827272023983,Muy rapida,Alta,Variable,Rapido y rentable
NI,NISOURCE INC.,Stock,NYSE,4931,USD,48.18000030517578,6,6,100.0,0.6805869727308904,0.6729815832322884,-0.13851180943629374,2026-04-30,2.5,3.3333333333333335,2.503331114069145,176.58311501111348,164.99876566700976,303.0291451420251,66.90346098747445,99.36569801870999,99.36569801870999,97.5,100.0,97.49666888593086,89.55508730562052,Muy rapida,Alta,Muy estable,Rapido y rentable
EG,"EVEREST GROUP, LTD.",Stock,NYSE,6331,USD,336.25,4,4,100.0,0.5886727071462089,0.5882983895981041,-0.06742610013590761,2026-06-12,2.5,2.75,1.707825127659933,284.1448693579299,264.3146534645964,559.0327947113151,210.18515603353723,85.9462152433465,85.9462152433465,97.5,100.0,98.29217487234007,89.58249893799722,Muy rapida,Alta,Muy estable,Rapido y rentable
EQH,"Equitable Holdings, Inc.",Stock,NYSE,6411,USD,41.34999847412109,6,6,100.0,0.5864346390288205,0.5639599216735395,0.3906206221757737,2026-06-01,2.5,2.5,1.378404875209022,410.0100809227844,178.84111255826758,1040.4668707774,399.5222779208267,85.6194572982078,85.6194572982078,97.5,100.0,98.62159512479097,89.62967390774747,Muy rapida,Alta,Muy estable,Rapido y rentable
DIS,Walt Disney Co,Stock,NYSE,7990,USD,111.5999984741211,2,2,100.0,0.5483357350237608,0.5483357350237608,-0.11514585518447817,2025-12-15,2.5,2.5,2.1213203435596424,248.4651642944162,248.4651642944162,433.9707489985569,262.34451378454673,80.05701731346906,80.05701731346906,97.5,100.0,97.87867965644035,89.4801376834898,Muy rapida,Alta,Muy estable,Rapido y rentable
DAN,DANA Inc,Stock,NYSE,3714,USD,34.560001373291016,6,6,100.0,0.5089269095523777,0.517784936144762,0.31574296576542044,2026-05-08,2.5,19.666666666666668,29.255198968160627,414.22015958006403,228.18358170329486,1373.268004647636,521.9145337831834,74.30332879464716,74.30332879464716,97.5,100.0,70.74480103183937,85.37064706432828,Muy rapida,Alta,Variable,Rapido y rentable
PRDO,PERDOCEO EDUCATION Corp,Stock,Nasdaq,8200,USD,32.380001068115234,12,12,100.0,0.4694721590172231,0.46070202109908825,1.087637514497125,2026-06-01,2.5,2.3333333333333335,1.1547005383792515,415.8309243323553,170.59559547293452,1351.4417158843644,487.4687236928393,68.54293521651456,68.54293521651456,97.5,100.0,98.84529946162075,89.54626707826034,Muy rapida,Alta,Muy estable,Rapido y rentable
WDFC,WD 40 CO,Stock,Nasdaq,2890,USD,203.63999938964844,12,12,100.0,0.45728534186902464,0.45758337436639185,0.8084617262539234,2026-04-17,2.5,6.5,9.718772836862968,583.738054220758,233.4555042344353,1928.6004796582824,714.5222311529882,66.7636599128776,66.7636599128776,97.5,100.0,90.28122716313703,88.24946941633958,Muy rapida,Alta,Estable,Rapido y rentable
MMS,"MAXIMUS, INC.",Stock,NYSE,7389,USD,59.93000030517578,6,6,100.0,0.42850720808909193,0.42252525493831494,0.07866562030381767,2026-05-15,2.5,3.3333333333333335,2.7325202042558927,271.65592378603304,210.42354236166676,648.6924857139041,228.55276062095683,62.562052381007426,62.562052381007426,97.5,100.0,97.26747979574411,89.2686291774507,Muy rapida,Alta,Muy estable,Rapido y rentable
KWR,QUAKER CHEMICAL CORP,Stock,NYSE,2990,USD,129.89999389648438,6,6,100.0,0.39082965970665584,0.3894577787524832,0.5146444350958671,2026-04-16,2.5,5.5,7.035623639735144,535.2948131533418,251.67919534382216,1526.150501793178,626.3423247731008,57.06113031717175,57.06113031717175,97.5,100.0,92.96437636026485,88.58548611374638,Muy rapida,Alta,Estable,Rapido y rentable
CB,Chubb Ltd,Stock,NYSE,6331,USD,327.92999267578125,4,4,100.0,0.314011866837379,0.31320598208588046,0.22393190836728083,2026-06-12,2.5,6.0,8.12403840463596,247.1322869672935,89.63495068572823,799.4460004361619,372.1338546297169,45.845732558257325,45.845732558257325,97.5,100.0,91.87596159536403,88.34540610614198,Muy rapida,Alta,Estable,Rapido y rentable
UNTY,UNITY BANCORP INC /NJ/,Stock,Nasdaq,6022,USD,52.7599983215332,12,12,100.0,0.3073498169274222,0.30503366641637386,0.08222420842145917,2026-06-04,2.5,6.833333333333333,9.693796829400592,335.188989640958,243.00791793817564,774.8314465547953,332.05472820581014,44.873073271403634,44.873073271403634,97.5,100.0,90.3062031705994,88.10328029251734,Muy rapida,Alta,Estable,Rapido y rentable
GOLF,Acushnet Holdings Corp.,Stock,NYSE,3949,USD,88.98999786376953,6,6,100.0,0.3020159657065406,0.29749423759834803,-0.022059973228203928,2026-06-05,2.5,7.833333333333333,12.983322635853531,252.8978010765633,295.8247696075861,518.8513212810216,182.84741758806442,44.09433099315493,44.09433099315493,97.5,100.0,87.01667736414647,87.60451757032851,Muy rapida,Alta,Estable,Rapido y rentable
LNN,LINDSAY CORP,Stock,NYSE,3523,USD,106.47000122070312,6,6,100.0,0.291063398877756,0.2753567442799322,-0.2979742288954985,2026-05-15,2.5,3.3333333333333335,2.875181153713043,242.5429634317511,176.00402134430018,833.8089786717333,298.56325698473444,42.49525623615237,42.49525623615237,97.5,100.0,97.12481884628696,89.1097862258208,Muy rapida,Alta,Muy estable,Rapido y rentable
ARMK,Aramark,Stock,NYSE,5812,USD,51.540000915527344,6,6,100.0,0.27764109932005193,0.27135128954172827,0.08675440592219487,2026-05-20,2.5,3.1666666666666665,2.3166067138525404,290.2139751872963,100.75270196104482,938.7567428683278,355.25564392160805,40.53560050072758,40.53560050072758,97.5,100.0,97.68339328614746,89.18015009224217,Muy rapida,Alta,Muy estable,Rapido y rentable
HCI,"HCI Group, Inc.",Stock,NYSE,6331,USD,156.44000244140625,6,6,100.0,0.26412037080381195,0.2547239362419105,0.4392680683089942,2026-05-15,2.5,2.6666666666666665,1.8618986725025255,326.2333568365705,218.3387668570383,816.1578388704467,315.236527245324,38.561574137356544,38.561574137356544,97.5,100.0,98.13810132749748,89.23483556992844,Muy rapida,Alta,Muy estable,Rapido y rentable
AVBC,"Avidia Bancorp, Inc.",Stock,NYSE,6036,USD,18.950000762939453,2,2,100.0,0.26302208040288133,0.26302208040288133,0.6302562019282568,2026-05-19,2.5,2.5,2.1213203435596424,160.9637609128066,160.9637609128066,211.87231373357395,71.99556583991627,38.401223738820676,38.401223738820676,97.5,100.0,97.87867965644035,89.19482402886892,Muy rapida,Alta,Muy estable,Rapido y rentable
JBHT,"J.B. Hunt Transport Services, Inc. Common Stock",Other Unmatched,,,USD,242.19000244140625,6,6,100.0,0.2566322333194661,0.2603088227992652,-0.01805326673833796,2026-05-08,2.5,3.3333333333333335,2.8751811537130436,422.16933877756793,507.86326694809657,775.2404236056627,274.43286518596295,37.46830606464205,37.46830606464205,97.5,100.0,97.12481884628696,89.07535506026251,Muy rapida,Alta,Muy estable,Rapido y rentable
DRS,"Leonardo DRS, Inc.",Stock,Nasdaq,3812,USD,42.84000015258789,12,12,100.0,0.23177284297130785,0.2199495686029489,-0.4750780348000975,2026-05-19,2.5,9.0,11.42564897699271,201.60026914821572,79.07790470303313,771.0672773150444,280.9045577697591,33.83883507381095,33.83883507381095,97.5,100.0,88.5743510230073,87.76792549642241,Muy rapida,Alta,Estable,Rapido y rentable
ENS,EnerSys,Stock,NYSE,3690,USD,227.67999267578125,6,6,100.0,0.20423136855487892,0.2094333884713944,-0.47134195810475754,2026-06-18,2.5,8.5,10.691117808723277,203.0788768202757,66.64050463897887,691.3146693248586,268.76003528559994,29.817779809012325,29.817779809012325,97.5,100.0,89.30888219127672,87.85056369724639,Muy rapida,Alta,Estable,Rapido y rentable
TRS,TRIMAS CORP,Stock,Nasdaq,3460,USD,41.61000061035156,12,12,100.0,0.13258336592895822,0.1183709104579868,0.39010270379479217,2026-05-07,2.5,6.0,6.928203230275509,376.08981085029046,244.9665617514508,1075.7912324604235,395.751577346763,19.3571714256279,19.3571714256279,97.5,100.0,93.07179676972449,88.34335288138763,Muy rapida,Alta,Estable,Rapido defensivo
SYZ,Lazard US Systematic Small Cap Equity ETF,ETF/Fund,US Listed,,USD,29.84499931335449,2,2,100.0,0.13127351830747394,0.13127351830747394,-0.3373307855695533,2026-06-18,2.5,2.5,2.1213203435596424,297.17761008689155,297.17761008689155,547.0411691162255,353.36043392209456,19.165933672891196,19.165933672891196,97.5,100.0,97.87867965644035,89.06307546677353,Muy rapida,Alta,Muy estable,Rapido defensivo
VSMV,VictoryShares US Multi-Factor Minimum Volatility ETF,ETF/Fund,US Listed,,USD,59.51399993896485,18,18,100.0,0.11590830616483624,0.10966918570244055,-0.17368005890575922,2026-06-09,2.5,10.722222222222221,17.97974532161302,103.75527845583755,68.96152887778707,375.1873946181493,110.88209916673729,16.92261270006609,16.92261270006609,97.5,100.0,82.02025467838698,86.66894650792288,Muy rapida,Alta,Variable,Rapido defensivo
TPB,"Turning Point Brands, Inc.",Stock,NYSE,2100,USD,79.55999755859375,6,6,100.0,0.09448202281496913,0.09708752466450295,0.2785546574345185,2026-06-18,2.5,2.6666666666666665,1.8618986725025255,301.82105270803396,147.78914445431204,1165.2836780817345,427.5445489633457,13.794375330985496,13.794375330985496,97.5,100.0,98.13810132749748,89.0651972219396,Muy rapida,Alta,Muy estable,Rapido defensivo
MODL,VictoryShares WestEnd U.S. Sector ETF,ETF/Fund,US Listed,,USD,50.060001373291016,18,18,100.0,0.060605276758882796,0.06221183738942655,-0.2779959140251152,2026-06-09,2.5,8.61111111111111,16.201448333546455,74.33914240912831,42.96907860020608,259.05344083709514,80.1387429518354,8.848370406796889,8.848370406796889,97.5,100.0,83.79855166645355,86.8803880267269,Muy rapida,Alta,Variable,Rapido defensivo
VRT,Vertiv Holdings Co,Stock,NYSE,3679,USD,302.8699951171875,6,6,100.0,0.03116320470684147,0.031212519060971902,1.213528540099794,2026-06-15,2.5,2.1666666666666665,0.9831920802501751,330.1033575335485,339.2493907009676,604.9888613728648,216.26502094248298,4.5498278871988544,4.5498278871988544,97.5,100.0,99.01680791974982,89.13368439266932,Muy rapida,Alta,Muy estable,Rapido defensivo
PWR,"QUANTA SERVICES, INC.",Stock,NYSE,1731,USD,560.1199951171875,6,6,100.0,0.02761928682414405,0.02625603745200665,-0.11325145394967913,2026-04-02,2.5,2.8333333333333335,2.228601953392904,357.7781372157374,340.7001571176164,766.6502695360296,276.85152753228556,4.0324158763250315,4.0324158763250315,97.5,100.0,97.77139804660709,88.94332899381521,Muy rapida,Alta,Muy estable,Rapido defensivo
MSIF,"MSC INCOME FUND, INC.",Stock,NYSE,0,USD,12.210000038146973,5,5,100.0,2.540203110431243,2.6805658363333005,-0.8356925213007887,2026-03-31,3.0,16.6,28.79756934187328,319.56663338577647,350.38853346859304,538.0835364024358,205.1591743417914,309.0580451024679,309.0580451024679,97.0,100.0,71.20243065812672,87.32056770915025,Muy rapida,Alta,Variable,Rapido y rentable
KSPI,Joint Stock Company Kaspi.kz American Depository Shares,Other Unmatched,,,USD,82.33000183105469,2,2,100.0,2.163093254609528,2.163093254609528,-1.6168344036147948,2026-06-12,3.0,3.0,1.4142135623730951,653.3698867167715,653.3698867167715,1011.0617259061136,505.8526501317437,263.1763459774926,263.1763459774926,97.0,100.0,98.58578643762691,91.05096122025355,Muy rapida,Alta,Muy estable,Rapido y rentable
TSOL,21Shares Solana ETF,Stock,CBOE,6221,USD,8.0,2,2,100.0,2.151411290322581,2.151411290322581,2.6157245520622503,2026-03-30,3.0,3.0,2.8284271247461903,1859.5422652183038,1859.5422652183038,3612.3216823454823,2478.804423549664,261.75504032258067,261.75504032258067,97.0,100.0,97.17157287525382,90.82714722161066,Muy rapida,Alta,Muy estable,Rapido y rentable
PFX,PhenixFIN Corp,Stock,Nasdaq,0,USD,41.619998931884766,4,4,100.0,1.545514941815068,1.545665110007293,-1.1306428423290105,2026-05-18,3.0,3.0,2.309401076758503,784.3907717896593,784.4017340676917,1212.178130680857,493.96629394787595,188.0376512541666,188.0376512541666,97.0,100.0,97.6905989232415,90.29910478030129,Muy rapida,Alta,Muy estable,Rapido y rentable
EMXF,iShares ESG Advanced MSCI EM ETF,ETF/Fund,US Listed,,USD,57.63199996948242,3,3,100.0,1.452160659393849,1.2680024338554734,-0.35228090942451856,2026-06-15,3.0,8.0,8.660254037844387,197.59946555207924,178.68124084454172,343.0467998796831,136.9716063100988,176.6795468929183,176.6795468929183,97.0,100.0,91.33974596215562,89.25312255371719,Muy rapida,Alta,Estable,Rapido y rentable
LDEM,iShares ESG MSCI EM Leaders ETF,ETF/Fund,US Listed,,USD,61.3650016784668,3,3,100.0,1.386300369160838,1.1777673803896054,0.6114734286372586,2026-06-15,3.0,8.0,8.660254037844387,286.8194498395372,304.2172560283539,486.6060100277929,209.02918730484691,168.66654491456862,168.66654491456862,97.0,100.0,91.33974596215562,89.18726226348417,Muy rapida,Alta,Estable,Rapido y rentable
DIN,"Dine Brands Global, Inc.",Stock,NYSE,5812,USD,33.279998779296875,6,6,100.0,1.3070887060890917,1.2830807014507095,-1.32507694172499,2026-06-24,3.0,3.0,1.5491933384829668,436.1900373341266,406.0279545079037,833.5333497169696,260.03716448470635,159.02912590750614,159.02912590750614,97.0,100.0,98.45080666151703,90.17470970531664,Muy rapida,Alta,Muy estable,Rapido y rentable
GIS,GENERAL MILLS INC,Stock,NYSE,2040,USD,36.75,6,6,100.0,1.2495414666549272,1.2154958527101474,-1.1025988538364293,2026-04-10,3.0,18.333333333333332,32.43866006275023,403.9046632393631,371.25004388981586,1072.063139843403,403.12680083182954,152.0275451096828,152.0275451096828,97.0,100.0,67.56133993724977,85.48374245724239,Muy rapida,Alta,Variable,Rapido y rentable
HNNAZ,"Hennessy Advisors, Inc. 4.875% Notes due 2026",Note/Bond,,,USD,25.1200008392334,5,5,100.0,1.2253647139078674,1.21875,-0.4520708822194813,2026-03-13,3.0,3.2,1.4832396974191326,204.0664840033085,148.28125,447.70908541405055,137.01270718443476,149.08604019212387,149.08604019212387,97.0,100.0,98.51676030258086,90.102878759295,Muy rapida,Alta,Muy estable,Rapido y rentable
EMXC,iShares MSCI Emerging Markets ex China ETF,ETF/Fund,US Listed,,USD,99.75,3,3,100.0,1.2060372365839145,1.160717881176881,0.19013285680241157,2026-06-15,3.0,4.666666666666667,2.886751345948129,236.37271727148695,149.1612498344724,463.2489844051862,198.22327930310584,146.73453045104293,146.73453045104293,97.0,100.0,97.11324865405187,89.87302453469168,Muy rapida,Alta,Muy estable,Rapido y rentable
ESGE,iShares ESG Aware MSCI EM ETF,ETF/Fund,US Listed,,USD,54.72999954223633,3,3,100.0,1.1276954478283512,0.9775787262373224,0.09889440941325904,2026-06-15,3.0,4.666666666666667,2.886751345948129,199.3487609858432,160.43086743863253,356.1927330315264,141.458817320178,137.20294615244939,137.20294615244939,97.0,100.0,97.11324865405187,89.79468274593611,Muy rapida,Alta,Muy estable,Rapido y rentable
FMC,FMC CORP,Stock,NYSE,2800,USD,16.809999465942383,5,5,100.0,1.1009456574680418,1.3516662830633397,-0.14808350201519574,2026-03-31,3.0,2.8,1.7888543819998317,501.01727646612414,382.92853609214,1063.9497322279865,402.8871012552831,133.94838832527844,133.94838832527844,97.0,100.0,98.21114561800017,89.93261750016806,Muy rapida,Alta,Muy estable,Rapido y rentable
KGS,"Kodiak Gas Services, Inc.",Stock,NYSE,4922,USD,73.48999786376953,6,6,100.0,1.0969750142887527,1.1179113067479076,0.049545067843371614,2026-05-18,3.0,9.5,14.82902559172382,320.51490670311114,336.34821385327507,650.1887735777979,230.2110381057994,133.46529340513158,133.46529340513158,97.0,100.0,85.17097440827618,87.97262117553018,Muy rapida,Alta,Estable,Rapido y rentable
DK,"Delek US Holdings, Inc.",Stock,NYSE,2911,USD,46.59000015258789,6,6,100.0,1.0480239356299017,0.951991278921084,1.9787092578835743,2026-05-01,3.0,5.333333333333333,6.742897497861485,460.647597479109,241.6322029422932,1112.5905821255294,449.132377164363,127.50957883497138,127.50957883497138,97.0,100.0,93.25710250213851,89.13658931095067,Muy rapida,Alta,Estable,Rapido y rentable
AIA,iShares Asia 50 ETF,ETF/Fund,US Listed,,USD,140.9600067138672,3,3,100.0,1.037662498839379,1.0348307112114947,0.4103453883601628,2026-06-15,3.0,4.333333333333333,2.309401076758503,244.76069986299865,176.8241540601684,466.4813701912743,196.75490700678557,126.24893735879112,126.24893735879112,97.0,100.0,97.6905989232415,89.7912523373256,Muy rapida,Alta,Muy estable,Rapido y rentable
FE,FIRSTENERGY CORP,Stock,NYSE,4911,USD,45.54999923706055,6,6,100.0,1.0087112014640975,1.0226288623780537,-0.3283029091134476,2026-05-07,3.0,18.5,34.05730464966363,234.13462754397824,273.56198241147393,413.84139053839135,178.21809636972537,122.7265295114652,122.7265295114652,97.0,100.0,65.94269535033638,85.00011550401454,Muy rapida,Alta,Variable,Rapido y rentable
CMTV,COMMUNITY BANCORP /VT,Stock,Nasdaq,6021,USD,39.95000076293945,8,8,100.0,1.0012826132545154,0.9997707544992523,0.21101508823068327,2026-04-24,3.0,3.5,2.7774602993176543,506.5193613542599,193.37701932516012,2498.223707411024,818.6307420904184,121.82271794596603,121.82271794596603,97.0,100.0,97.22253970068235,89.68466356835687,Muy rapida,Alta,Muy estable,Rapido y rentable
WGO,WINNEBAGO INDUSTRIES INC,Stock,NYSE,3716,USD,28.799999237060547,7,7,100.0,0.9796480211957793,0.9931895100160154,-2.3078021965584954,2026-06-10,3.0,16.714285714285715,25.86319318848239,327.59297556582936,293.1412372006431,689.9792158693969,233.6387225840841,119.1905092454865,119.1905092454865,97.0,100.0,74.1368068115176,86.20016904292342,Muy rapida,Alta,Variable,Rapido y rentable
KSS,KOHLS Corp,Stock,NYSE,5311,USD,16.049999237060547,6,6,100.0,0.9738995144520516,0.8819219248710017,-3.0854471950079465,2026-06-10,3.0,7.666666666666667,11.147495981908522,613.9393222323688,473.8906119913514,1586.2155491821457,604.0385857784019,118.49110759166628,118.49110759166628,97.0,100.0,88.85250401809148,88.40177511716577,Muy rapida,Alta,Estable,Rapido y rentable
OZK,Bank OZK Common Stock,Other Unmatched,,,USD,47.93999862670898,6,6,100.0,0.9683885484537478,0.9695624997148262,0.6645377631962233,2026-04-13,3.0,2.5,1.224744871391589,626.3909739154723,260.10079961509825,1775.023055684133,662.3390000170183,117.82060672853932,117.82060672853932,97.0,100.0,98.7752551286084,89.884676817745,Muy rapida,Alta,Muy estable,Rapido y rentable
NJR,NEW JERSEY RESOURCES CORP,Stock,NYSE,4924,USD,54.93999862670898,6,6,100.0,0.9556535340247261,0.9739771061253797,0.14654538448024687,2026-06-10,3.0,4.333333333333333,4.926120853842978,360.42186323215736,166.45727144019946,1051.4073112408682,384.3005017225488,116.27117997300833,116.27117997300833,97.0,100.0,95.07387914615703,89.31673540594826,Muy rapida,Alta,Muy estable,Rapido y rentable
MCHI,iShares MSCI China ETF,ETF/Fund,US Listed,,USD,54.83000183105469,3,3,100.0,0.948091995420068,0.977836398619354,-0.43385161527251515,2026-06-15,3.0,4.333333333333333,2.309401076758503,113.10650389679851,102.3600902373345,172.28347812666627,54.60274206807884,115.35119277610828,115.35119277610828,97.0,100.0,97.6905989232415,89.70168183390629,Muy rapida,Alta,Muy estable,Rapido y rentable
TCHI,iShares MSCI China Multisector Tech ETF,ETF/Fund,US Listed,,USD,24.58799934387207,3,3,100.0,0.9472909457994355,0.5730423396083759,0.7292525353968596,2026-06-15,3.0,5.666666666666667,4.618802153517007,270.6171966626163,237.0924360761512,510.1269368464708,224.63151719544416,115.25373173893132,115.25373173893132,97.0,100.0,95.38119784648299,89.35447062277188,Muy rapida,Alta,Muy estable,Rapido y rentable
PALD,Direxion Daily PANW Bear 1X ETF,ETF/Fund,US Listed,,USD,14.196000099182127,4,4,100.0,0.9234821346826707,0.8834465429365439,-0.4160467101758112,2026-06-23,3.0,4.0,3.559026084010437,303.45609816530987,130.7948154389369,844.6839664387419,361.0574654273458,112.35699305305826,112.35699305305826,97.0,100.0,96.44097391598956,89.4896282220811,Muy rapida,Alta,Muy estable,Rapido y rentable
HFBL,"Home Federal Bancorp, Inc. of Louisiana",Stock,Nasdaq,6035,USD,19.100000381469727,12,12,100.0,0.9007333528133205,0.9438102365250143,-0.19428059325128796,2026-04-27,3.0,6.666666666666667,5.416025603090642,121.99810052384056,88.04675164310439,298.7142428497345,87.15409999023194,109.58922459228732,109.58922459228732,97.0,100.0,94.58397439690935,89.18832951234971,Muy rapida,Alta,Estable,Rapido y rentable
FITB,FIFTH THIRD BANCORP,Stock,Nasdaq,6022,USD,44.68000030517578,5,5,100.0,0.892520032906582,0.8913515176127181,0.1372524419345626,2026-03-31,3.0,15.4,28.307242889409064,491.7971013613411,238.2545455689212,1780.8852932151494,728.4807630877691,108.58993733696748,108.58993733696748,97.0,100.0,71.69275711059093,85.74643359949522,Muy rapida,Alta,Variable,Rapido y rentable
WTRG,"Essential Utilities, Inc.",Stock,NYSE,4941,USD,37.56999969482422,6,6,100.0,0.8897298446216663,0.8959994293766936,-1.154648556206556,2026-05-12,3.0,3.3333333333333335,2.1602468994692865,281.0830337502655,190.03372680181056,731.5542894275924,248.00242771407596,108.2504644289694,108.2504644289694,97.0,100.0,97.83975310053071,89.66569280970127,Muy rapida,Alta,Muy estable,Rapido y rentable
WAFD,WAFD INC,Stock,Nasdaq,6021,USD,35.45000076293945,12,12,100.0,0.8615274485743237,0.8707105777236372,0.2191647252679683,2026-05-22,3.0,15.666666666666666,30.57430095338042,515.6643611058356,311.3222924005226,1870.5638239005943,661.1160913146213,104.81917290987604,104.81917290987604,97.0,100.0,69.42569904661958,85.37538230556726,Muy rapida,Alta,Variable,Rapido y rentable
KROP,Global X AgTech & Food Innovation ETF,ETF/Fund,US Listed,,USD,34.95800018310547,3,3,100.0,0.8614540503672302,0.3866153649868016,-0.3675567565225934,2026-06-29,3.0,4.0,3.605551275463989,135.82344701865134,135.31988605806745,150.6321563466018,14.563459675041512,104.81024279467967,104.81024279467967,97.0,100.0,96.394448724536,89.42062135904763,Muy rapida,Alta,Muy estable,Rapido y rentable
NFXS,Direxion Daily NFLX Bear 1X ETF,ETF/Fund,US Listed,,USD,21.32999992370605,6,6,100.0,0.8529898143842553,0.7821469608304408,-1.133135658488437,2026-06-23,3.0,6.333333333333333,6.772493386240157,332.1312889009393,304.03196561659286,924.3462542300342,321.22286845070437,103.78042741675107,103.78042741675107,97.0,100.0,93.22750661375984,88.93711580644823,Muy rapida,Alta,Estable,Rapido y rentable
MOS,MOSAIC CO,Stock,NYSE,2870,USD,21.86000061035156,6,6,100.0,0.8230832336281434,0.8724497093327213,0.6558591559715578,2026-05-21,3.0,7.333333333333333,10.443498775155128,418.3646562500401,304.98394982654366,1225.238566005766,428.82823447383987,100.14179342475745,100.14179342475745,97.0,100.0,89.55650122484488,88.35655841735486,Muy rapida,Alta,Estable,Rapido y rentable
XOM,EXXON MOBIL CORP,Stock,NYSE,2911,USD,152.77999877929688,6,6,100.0,0.8207471733072369,0.8768085306799802,-0.7398585854202606,2026-05-15,3.0,7.833333333333333,11.321071798494465,406.8848325340166,218.38576053630936,1474.0475161771328,555.401428097628,99.85757275238048,99.85757275238048,97.0,100.0,88.67892820150553,88.22258640353306,Muy rapida,Alta,Estable,Rapido y rentable
PLTD,Direxion Daily PLTR Bear 1X ETF,ETF/Fund,US Listed,,USD,8.75,6,6,100.0,0.8077066560639198,0.8191409113995394,-0.43494698464052134,2026-06-23,3.0,3.8333333333333335,3.7638632635454052,651.9777231184199,667.6078523287395,1352.9182940580524,449.2038434102433,98.27097648777689,98.27097648777689,97.0,100.0,96.2361367364546,89.3431271665321,Muy rapida,Alta,Muy estable,Rapido y rentable
PPL,PPL Corp,Stock,NYSE,4911,USD,35.75,6,6,100.0,0.7865027369507899,0.7992471315707962,-0.5175500760814126,2026-06-10,3.0,2.8333333333333335,0.9831920802501751,198.13127400095573,169.5727079285473,340.17772966255467,86.42971044587576,95.69116632901277,95.69116632901277,97.0,100.0,99.01680791974982,89.73902392491327,Muy rapida,Alta,Muy estable,Rapido y rentable
MYE,MYERS INDUSTRIES INC,Stock,NYSE,3089,USD,26.799999237060547,6,6,100.0,0.7846693114533573,0.7837231323969462,-0.6271367999360363,2026-06-17,3.0,3.6666666666666665,3.011090610836324,352.067110270981,225.90336959169997,1001.7901112240718,366.28585202945123,95.46809956015846,95.46809956015846,97.0,100.0,96.98890938916368,89.4330057198279,Muy rapida,Alta,Muy estable,Rapido y rentable
LSBK,"Lake Shore Bancorp, Inc. /MD/",Stock,Nasdaq,6035,USD,15.979999542236328,10,10,100.0,0.7797505824548039,0.6512301156830433,0.5498304716510135,2026-05-04,3.0,10.4,15.079050957463398,190.71521926052938,222.25155839305984,325.73626051088974,110.28232672813725,94.86965419866782,94.86965419866782,97.0,100.0,84.9209490425366,87.6178929388353,Muy rapida,Alta,Variable,Rapido y rentable
ACWI,iShares MSCI ACWI ETF,ETF/Fund,,,USD,156.47000122070312,3,3,100.0,0.7610002959429246,0.7665356126314395,-0.05646248590071212,2026-06-15,3.0,4.666666666666667,2.886751345948129,122.4830044719467,105.8755441518988,200.5910678374921,71.27061623122768,92.58836933972249,92.58836933972249,97.0,100.0,97.11324865405187,89.42798759405069,Muy rapida,Alta,Muy estable,Rapido y rentable
AAXJ,iShares MSCI All Country Asia ex Japan ETF,ETF/Fund,US Listed,,USD,117.76000213623048,3,3,100.0,0.7593611648507731,0.6934865182245111,0.5689618403787734,2026-06-15,3.0,4.333333333333333,2.309401076758503,211.00556046805738,144.65020692592938,411.2844224209605,176.7061990903287,92.38894172351074,92.38894172351074,97.0,100.0,97.6905989232415,89.512951003337,Muy rapida,Alta,Muy estable,Rapido y rentable
RES,RPC INC,Stock,NYSE,1389,USD,6.800000190734863,6,6,100.0,0.7363833669986434,0.7139491026177736,0.1144734346045891,2026-05-11,3.0,2.8333333333333335,1.1690451944500122,320.13814473840233,382.8437635572715,465.1956899905946,150.3476590578801,89.59330965150163,89.59330965150163,97.0,100.0,98.83095480555,89.66102658783113,Muy rapida,Alta,Muy estable,Rapido y rentable
GENK,"GEN Restaurant Group, Inc.",Stock,Nasdaq,5812,USD,4.239999771118164,2,2,100.0,0.7075472080058264,0.7075472080058264,0.9434066238083006,2025-06-09,3.0,3.0,0.0,200.86604953738544,200.86604953738544,200.86604953738544,0.0,86.08491030737554,86.08491030737554,97.0,100.0,100.0,89.80754720800581,Muy rapida,Alta,Muy estable,Rapido y rentable
ICLN,iShares Global Clean Energy ETF,ETF/Fund,US Listed,,USD,20.920000076293945,3,3,100.0,0.6970769817107048,0.7732509082626275,-0.3826946988842355,2026-06-15,3.0,4.333333333333333,2.309401076758503,98.6034770746963,96.57937787964892,136.89716230210092,37.32282262105521,84.81103277480241,84.81103277480241,97.0,100.0,97.6905989232415,89.45066682019693,Muy rapida,Alta,Muy estable,Rapido y rentable
LEVI,LEVI STRAUSS & CO,Stock,NYSE,2300,USD,23.36000061035156,6,6,100.0,0.6916015778423984,0.6673205213026294,-0.6019316670958862,2026-04-22,3.0,11.166666666666666,14.824529222429515,491.8457477223811,392.17411191255025,1214.9549439183163,502.9615699065255,84.14485863749182,84.14485863749182,97.0,100.0,85.17547077757048,87.56792219447797,Muy rapida,Alta,Estable,Rapido y rentable
ILPT,Industrial Logistics Properties Trust Common Shares of Beneficial Interest,ETF/Fund,,,USD,6.340000152587891,6,6,100.0,0.6851092551670354,0.8089154408215578,-0.5887249303995087,2026-04-21,3.0,16.666666666666668,29.937713116847565,653.4925603511003,229.60428177149967,2993.690120836851,1157.0978120855166,83.35495937865599,83.35495937865599,97.0,100.0,70.06228688315244,85.2944522876399,Muy rapida,Alta,Variable,Rapido y rentable
CFFI,C & F FINANCIAL CORP,Stock,Nasdaq,6022,USD,77.19999694824219,12,12,100.0,0.6550057873086162,0.6498675007978159,-0.5091063734738911,2026-06-15,3.0,5.666666666666667,6.919449969382528,243.36505709081916,230.68998337393106,450.6163589283721,157.32650112609556,79.69237078921498,79.69237078921498,97.0,100.0,93.08055003061747,88.71708829190122,Muy rapida,Alta,Estable,Rapido y rentable
OTTR,Otter Tail Corp,Stock,Nasdaq,4911,USD,90.18000030517578,12,12,100.0,0.648422568338587,0.6457489923947698,-1.0888277959985884,2026-05-15,3.0,14.166666666666666,18.234997985060254,337.4732789232732,222.10884737774225,817.9729796048207,340.52718990625294,78.89141248119476,78.89141248119476,97.0,100.0,81.76500201493974,87.01317287057954,Muy rapida,Alta,Variable,Rapido y rentable
MGY,Magnolia Oil & Gas Corp,Stock,NYSE,1311,USD,28.209999084472656,6,6,100.0,0.6400473010158716,0.6425679671237117,0.8664474960776228,2026-05-12,3.0,4.333333333333333,4.88535225614967,428.323497686278,456.6427783743631,769.8515364670736,329.23832386637343,77.8724216235977,77.8724216235977,97.0,100.0,95.11464774385033,89.0072444625934,Muy rapida,Alta,Muy estable,Rapido y rentable
FTXG,First Trust Nasdaq Food & Beverage ETF,ETF/Fund,US Listed,,USD,22.36899948120117,6,6,100.0,0.6296594732393722,0.6542146636709885,-0.48448982159042636,2026-06-25,3.0,6.166666666666667,8.376554582086042,188.5317768133867,119.8780544917741,432.4597457500968,164.41129238335193,76.60856924412361,76.60856924412361,97.0,100.0,91.62344541791396,88.47317628592646,Muy rapida,Alta,Estable,Rapido y rentable
EEMA,iShares MSCI Emerging Markets Asia ETF,ETF/Fund,US Listed,,USD,116.3000030517578,3,3,100.0,0.6099948407116795,0.2913508092078065,0.782477643749559,2026-06-15,3.0,4.333333333333333,2.309401076758503,210.30353163779327,139.90605052715097,399.5056947480422,165.6318452734077,74.21603895325434,74.21603895325434,97.0,100.0,97.6905989232415,89.3635846791979,Muy rapida,Alta,Muy estable,Rapido y rentable
GLNG,Golar Lng Ltd,Other Unmatched,,,USD,49.75,6,6,100.0,0.6078356312915215,0.5821184395978873,0.08262976559422974,2026-06-01,3.0,6.666666666666667,7.711463328491335,467.81526013823395,187.25976247264634,1269.7093479900889,549.7882183919529,73.95333514046845,73.95333514046845,97.0,100.0,92.28853667150867,88.55111613201781,Muy rapida,Alta,Estable,Rapido y rentable
WRB,BERKLEY W R CORP,Stock,NYSE,6331,USD,67.13999938964844,6,6,100.0,0.6069865781533766,0.46341153905976545,0.592441203002086,2026-06-23,3.0,3.3333333333333335,1.632993161855452,299.52155891349133,120.16188157210935,1315.609020912541,499.6774381915267,73.8500336753275,73.8500336753275,97.0,100.0,98.36700683814455,89.46203760387506,Muy rapida,Alta,Muy estable,Rapido y rentable
IBAT,iShares Energy Storage & Materials ETF,ETF/Fund,US Listed,,USD,43.4900016784668,3,3,100.0,0.5998672465607111,0.4213704137214015,0.48720963993835226,2026-06-15,3.0,9.0,10.392304845413264,191.72264574880842,118.0755480235155,437.3317126359745,218.31013212694947,72.98384833155318,72.98384833155318,97.0,100.0,89.60769515458674,88.1410215197487,Muy rapida,Alta,Estable,Rapido y rentable
PATN,Pacer Nasdaq International Patent Leaders ETF,ETF/Fund,US Listed,,USD,37.875,4,4,100.0,0.5990066183697395,0.21981260728447277,-0.5671283493868233,2026-06-04,3.0,5.5,6.454972243679028,114.39415821050822,100.64811356088552,234.88720742659265,92.16184022125591,72.8791385683183,72.8791385683183,97.0,100.0,93.54502775632098,88.73076078181788,Muy rapida,Alta,Estable,Rapido y rentable
FCCO,FIRST COMMUNITY CORP /SC/,Stock,Nasdaq,6022,USD,29.61000061035156,12,12,100.0,0.5851993432783994,0.5943324654313951,-0.028332738124327295,2026-05-05,3.0,20.5,27.361220068490432,410.4689593149283,169.3772149875308,1622.5406438959856,590.5830789701881,71.19925343220525,71.19925343220525,97.0,100.0,72.63877993150956,85.58101633300483,Muy rapida,Alta,Variable,Rapido y rentable
FTRI,First Trust Indxx Global Natural Resources Income ETF,ETF/Fund,US Listed,,USD,15.800000190734863,6,6,100.0,0.5812964280916083,0.550216514878433,-0.5027872915618768,2026-06-25,3.0,4.166666666666667,4.02077936060494,220.22873631096863,103.93690051212758,617.9097577171221,223.70039133878637,70.72439875114567,70.72439875114567,97.0,100.0,95.97922063939507,89.07817952400086,Muy rapida,Alta,Muy estable,Rapido y rentable
KBWB,Invesco KBW Bank ETF,ETF/Fund,US Listed,,USD,92.63999938964844,6,6,100.0,0.5810278754922598,0.5854567409590343,0.6626724314950719,2026-06-22,3.0,15.166666666666666,29.31495636474096,160.79705842389788,159.08098602357003,299.1536054119696,94.63296129819723,70.69172485155828,70.69172485155828,97.0,100.0,70.68504363525903,85.2837844207811,Muy rapida,Alta,Variable,Rapido y rentable
THO,THOR INDUSTRIES INC,Stock,NYSE,3716,USD,77.36000061035156,6,6,100.0,0.5728630651043791,0.5402454328081027,-0.9984041400200822,2026-04-06,3.0,4.166666666666667,3.8686776379877745,440.6439311001258,407.16117077846616,1031.5851873767665,354.97884700740605,69.69833958769946,69.69833958769946,97.0,100.0,96.13132236201223,89.09256141940621,Muy rapida,Alta,Muy estable,Rapido y rentable
GXDW,Global X Dorsey Wright Thematic ETF,ETF/Fund,US Listed,,USD,25.951000213623047,3,3,100.0,0.5582588442196151,0.320033907426819,-0.1631709106295959,2026-06-29,3.0,2.6666666666666665,1.5275252316519468,150.34495135392766,139.79749922207776,193.65207623553823,39.11490745647042,67.92149271338651,67.92149271338651,97.0,100.0,98.47247476834805,89.42913005947182,Muy rapida,Alta,Muy estable,Rapido y rentable
PUI,Invesco Dorsey Wright Utilities Momentum ETF,ETF/Fund,US Listed,,USD,46.91999816894531,6,6,100.0,0.5464489763016265,0.5698229398246706,0.3747865651795912,2026-06-22,3.0,4.333333333333333,2.8047578623950176,105.74222881343007,107.08341885608473,161.9180232998383,49.21297100256363,66.48462545003122,66.48462545003122,97.0,100.0,97.19524213760498,89.22573529694237,Muy rapida,Alta,Muy estable,Rapido y rentable
MTG,MGIC INVESTMENT CORP,Stock,NYSE,6351,USD,26.239999771118164,6,6,100.0,0.5410527395814485,0.5446586441459796,-0.32042412102089163,2026-05-06,3.0,2.8333333333333335,1.7224014243685086,191.11008480595206,156.0867857480455,431.2116817545165,133.38996986328397,65.8280833157429,65.8280833157429,97.0,100.0,98.27759857563149,89.38269252592616,Muy rapida,Alta,Muy estable,Rapido y rentable
OXLCO,"Oxford Lane Capital Corp. Preferred Stock Shares, 6.00% Series 2029",Preferred,,,USD,24.15999984741211,18,18,100.0,0.5360245818587731,0.5365155631486974,-0.10212234906266152,2026-06-16,3.0,9.555555555555555,16.20175089384304,127.15253355538042,114.04400223231761,414.255530929822,112.69881003724119,65.21632412615072,65.21632412615072,97.0,100.0,83.79824910615696,87.2057619477823,Muy rapida,Alta,Variable,Rapido y rentable
PIE,Invesco Dorsey Wright Emerging Markets Momentum ETF,ETF/Fund,US Listed,,USD,34.08000183105469,6,6,100.0,0.5227187725849933,0.48616763918949124,0.6294697763524564,2026-06-22,3.0,5.666666666666667,6.0553007081949835,140.8291851081863,98.8767455282082,331.52266974290063,110.26606629262383,63.59745066450753,63.59745066450753,97.0,100.0,93.94469929180502,88.71442366635574,Muy rapida,Alta,Estable,Rapido y rentable
FOX,Fox Corporation Class B Common Stock,Other Unmatched,,,USD,52.380001068115234,3,3,100.0,0.5170605400702589,0.5132104103166932,0.07246013763129071,2026-03-04,3.0,10.333333333333334,14.468356276140469,313.90186686115095,137.81064355425542,794.3875797887467,421.02888533015494,62.909032375214835,62.909032375214835,97.0,100.0,85.53164372385953,87.44680709864919,Muy rapida,Alta,Estable,Rapido y rentable
GS,GOLDMAN SACHS GROUP INC,Stock,NYSE,6211,USD,1025.56005859375,6,6,100.0,0.49624607265051285,0.4947018030288879,0.6425700126008369,2026-06-01,3.0,4.5,4.277849927241488,322.73875417401274,210.16202930047803,1037.9674309178404,378.11655483926154,60.37660550581239,60.37660550581239,97.0,100.0,95.72215007275851,88.95456858356428,Muy rapida,Alta,Muy estable,Rapido y rentable
NFRX,Harrison Street Infrastructure Active ETF,ETF/Fund,US Listed,,USD,26.96999931335449,2,2,100.0,0.4946242554130875,0.4946242554130875,-0.09999913620406342,2026-06-25,3.0,3.0,2.8284271247461903,220.28794550395233,220.28794550395233,416.20067517342767,277.06243934010587,60.17928440859232,60.17928440859232,97.0,100.0,97.17157287525382,89.17036018670116,Muy rapida,Alta,Muy estable,Rapido y rentable
GNE,Genie Energy Ltd.,Stock,NYSE,4931,USD,13.859999656677246,6,6,100.0,0.4925309722081154,0.5069350193239364,0.751234263781524,2026-05-22,3.0,4.833333333333333,5.076087732365022,243.42981274370447,148.7613924940541,640.1758892969593,228.3343229292889,59.924601618654044,59.924601618654044,97.0,100.0,94.92391226763498,88.83111781235336,Muy rapida,Alta,Estable,Rapido y rentable
PIZ,Invesco Dorsey Wright Developed Markets Momentum ETF,ETF/Fund,US Listed,,USD,57.5,6,6,100.0,0.4684020167297927,0.39963662600023664,1.0791163310140113,2026-06-22,3.0,3.1666666666666665,0.408248290463863,175.5835278972261,117.06969039953674,422.2161463458828,132.85549002105722,56.98891203545811,56.98891203545811,97.0,100.0,99.59175170953614,89.50716477316021,Muy rapida,Alta,Muy estable,Rapido y rentable
UCYB,ProShares Ultra Nasdaq Cybersecurity,ETF/Fund,US Listed,,USD,67.4260025024414,6,6,100.0,0.4677249360074284,0.43144662974056647,-1.0403431306852424,2026-06-24,3.0,9.666666666666666,16.045767874011723,160.77256791254655,129.52660028374484,379.7062817243914,142.36420261043835,56.90653388090379,56.90653388090379,97.0,100.0,83.95423212598828,87.16085975490567,Muy rapida,Alta,Variable,Rapido y rentable
WERN,WERNER ENTERPRISES INC,Stock,Nasdaq,4213,USD,32.36000061035156,12,12,100.0,0.4604903603417276,0.4694815083688054,0.6142563864494772,2026-04-13,3.0,4.0,1.477097891751993,289.51773990300086,219.81364457299097,647.8810937741716,243.85715103839053,56.02632717491019,56.02632717491019,97.0,100.0,98.522902108248,89.33892567657891,Muy rapida,Alta,Muy estable,Rapido y rentable
AGNG,Global X Aging Population ETF,ETF/Fund,US Listed,,USD,36.242000579833984,3,3,100.0,0.45028973540338785,0.4476826164210825,0.34944053664406666,2026-06-29,3.0,4.0,3.605551275463989,265.6289903524974,93.51202046827176,623.1014462763972,309.6509843932324,54.78525114074552,54.78525114074552,97.0,100.0,96.394448724536,89.00945704408379,Muy rapida,Alta,Muy estable,Rapido y rentable
GEW,Cambria Global EW ETF,ETF/Fund,US Listed,,USD,54.32400131225586,3,3,100.0,0.4496415389896502,0.4286236975931731,-0.05240213759880289,2026-06-29,3.0,3.0,1.0,141.217363026154,105.09124856447114,231.47952861623517,78.68629713897586,54.70638724374077,54.70638724374077,97.0,100.0,99.0,89.39964153898964,Muy rapida,Alta,Muy estable,Rapido y rentable
CBC,"Central Bancompany, Inc.",Stock,Nasdaq,6022,USD,28.530000686645508,4,4,100.0,0.44925355734187833,0.44925355734187833,0.0190957705439172,2026-05-22,3.0,3.0,2.309401076758503,209.32799952864133,209.32799952864133,290.72071038746145,93.98420704882635,54.65918280992853,54.65918280992853,97.0,100.0,97.6905989232415,89.2028433958281,Muy rapida,Alta,Muy estable,Rapido y rentable
PCAR,PACCAR INC,Stock,Nasdaq,3711,USD,113.02999877929688,14,14,100.0,0.4490482161416604,0.3278362686213762,-0.5903663223123071,2026-05-13,3.0,6.285714285714286,7.3320012110092945,252.53203711688505,98.5867718644908,787.0453721120563,278.1791456091911,54.63419963056868,54.63419963056868,97.0,100.0,92.6679987889907,88.44924803449027,Muy rapida,Alta,Estable,Rapido y rentable
AXS,AXIS CAPITAL HOLDINGS LTD,Stock,NYSE,6331,USD,100.6999969482422,3,3,100.0,0.4351411045359563,0.4369414233707984,0.6765633796201503,2026-03-31,3.0,2.3333333333333335,1.1547005383792517,227.88729466916104,143.05042420664506,416.8346209357562,163.91670705102337,52.94216771854135,52.94216771854135,97.0,100.0,98.84529946162075,89.36193602377907,Muy rapida,Alta,Muy estable,Rapido y rentable
KLIC,KULICKE & SOFFA INDUSTRIES INC,Stock,Nasdaq,3674,USD,116.51000213623048,12,12,100.0,0.4312790760636609,0.47217878741602504,1.1608675411146792,2026-06-18,3.0,3.3333333333333335,2.5346089292516947,735.1311762988648,399.9041522731667,1743.391284469543,765.075014849789,52.472287587745406,52.472287587745406,97.0,100.0,97.46539107074831,89.1510877366759,Muy rapida,Alta,Muy estable,Rapido y rentable
SFBC,"Sound Financial Bancorp, Inc.",Stock,Nasdaq,6035,USD,42.15999984741211,12,12,100.0,0.4260870216014443,0.41759864404808933,-0.032434711684901626,2026-05-11,3.0,2.6666666666666665,1.3026778945578592,119.64374694204331,117.66705924864067,168.48720159282274,40.89473530383607,51.84058762817572,51.84058762817572,97.0,100.0,98.69732210544214,89.33068533741776,Muy rapida,Alta,Muy estable,Rapido y rentable
ALB,ALBEMARLE CORP,Stock,NYSE,2821,USD,159.05999755859375,6,6,100.0,0.42498194475563356,0.42027705635150825,0.7731504365346121,2026-06-12,3.0,4.666666666666667,5.08592829940284,866.6375988476678,387.77220107301963,2699.7518475356665,1084.9046837145293,51.70613661193542,51.70613661193542,97.0,100.0,94.91407170059716,88.7620926998452,Muy rapida,Alta,Estable,Rapido y rentable
RS,"RELIANCE, INC.",Stock,NYSE,5051,USD,364.4800109863281,6,6,100.0,0.4061372951789047,0.40953014874204396,0.07592319972791774,2026-05-22,3.0,8.333333333333334,12.894443247642243,466.58439427428243,258.1110063296254,1285.3092171224946,506.6881017344738,49.4133709134334,49.4133709134334,97.0,100.0,87.10555675235776,87.57197080803256,Muy rapida,Alta,Estable,Rapido y rentable
BHE,BENCHMARK ELECTRONICS INC,Stock,NYSE,3672,USD,53.52999877929688,5,5,100.0,0.40487969895037795,0.4327902374823929,0.15884404950619527,2026-03-31,3.0,20.0,39.16631205513228,557.9191944449146,169.11946179359146,1841.0255357394312,758.5753069963044,49.260363372295984,49.260363372295984,97.0,100.0,60.83368794486772,83.62993289068054,Muy rapida,Alta,Muy variable,Rapido y rentable
FERG,Ferguson Enterprises Inc. /DE/,Stock,NYSE,5070,USD,232.0,6,6,100.0,0.4027441637732791,0.38546409848608193,-1.1402142590010038,2026-05-15,3.0,11.5,14.584238067173752,128.2709316210341,105.82309924019026,268.87655548762604,97.38140134425022,49.00053992574896,49.00053992574896,97.0,100.0,85.41576193282624,87.3151084536972,Muy rapida,Alta,Estable,Rapido y rentable
GCBC,GREENE COUNTY BANCORP INC,Stock,Nasdaq,6036,USD,24.950000762939453,12,12,100.0,0.4007683960357958,0.4049834423958696,-0.14750020740486136,2026-05-15,3.0,3.6666666666666665,2.9336088024923512,304.04850505168827,151.75347560718367,953.712272730768,339.6207540995825,48.76015485102182,48.76015485102182,97.0,100.0,97.06639119750764,89.06072707566194,Muy rapida,Alta,Muy estable,Rapido y rentable
NUE,NUCOR CORP,Stock,NYSE,3312,USD,164.75,5,5,100.0,0.3906734077299713,0.4041740098466732,-0.3242054253417518,2026-03-31,3.0,3.2,1.4832396974191326,420.5219152769635,312.0348015806138,1087.8010487303206,387.7544207775992,47.53193127381317,47.53193127381317,97.0,100.0,98.51676030258086,89.26818745311711,Muy rapida,Alta,Muy estable,Rapido y rentable
PXI,Invesco Dorsey Wright Energy Momentum ETF,ETF/Fund,US Listed,,USD,54.7599983215332,6,6,100.0,0.3900389591594491,0.4140959071995606,0.05048854199890843,2026-06-22,3.0,15.0,28.906746617355612,104.47039609944443,89.01317295244831,290.0904424034903,101.36439796272975,47.4547400310663,47.4547400310663,97.0,100.0,71.09325338264439,85.1540269665561,Muy rapida,Alta,Variable,Rapido y rentable
CLMB,"Climb Global Solutions, Inc.",Stock,Nasdaq,5045,USD,27.63249969482422,8,8,100.0,0.38271030229702585,0.3749390854527439,0.7368650346309107,2025-11-10,3.0,3.5,0.9258200997725514,213.26785293011633,189.84313850555722,464.5703658402032,185.32828351275487,46.56308677947149,46.56308677947149,97.0,100.0,99.07417990022745,89.34383728733114,Muy rapida,Alta,Muy estable,Rapido y rentable
IUS,Invesco RAFI Strategic US ETF,ETF/Fund,US Listed,,USD,65.45999908447266,6,6,100.0,0.38052434036733246,0.3801798589268754,0.12199381846852887,2026-06-22,3.0,5.666666666666667,4.1311822359545785,72.44064980331449,63.81423681224622,162.77417171455676,57.47797230344623,46.29712807802545,46.29712807802545,97.0,100.0,95.86881776404542,88.86084700497413,Muy rapida,Alta,Muy estable,Rapido y rentable
CARE,"Carter Bankshares, Inc.",Stock,Nasdaq,6021,USD,26.31999969482422,2,2,100.0,0.3799392141317723,0.3799392141317723,0.9498480353294309,2026-05-11,3.0,3.0,0.0,161.79078201777972,161.79078201777972,161.79078201777972,0.0,46.22593771936563,46.22593771936563,97.0,100.0,100.0,89.47993921413176,Muy rapida,Alta,Muy estable,Rapido y rentable
RPC,"Ridgepost Capital, Inc.",Stock,NYSE,6282,USD,8.369999885559082,6,6,100.0,0.3793508698020754,0.3778353832234014,-0.45944445024989866,2026-05-29,3.0,15.333333333333334,27.229885542665553,126.03552563586993,58.77101293323636,418.0507378847956,158.29417374444756,46.15435582591917,46.15435582591917,97.0,100.0,72.77011445733444,85.39486803840224,Muy rapida,Alta,Variable,Rapido y rentable
PFM,Invesco Dividend Achievers ETF,ETF/Fund,US Listed,,USD,55.18999862670898,6,6,100.0,0.37066792744079297,0.3716342675870985,0.2794889895992344,2026-06-22,3.0,5.333333333333333,3.8297084310253524,79.82216003464755,89.52300830456028,132.5038129235791,50.2945658112424,45.09793117196315,45.09793117196315,97.0,100.0,96.17029156897465,88.89621166278698,Muy rapida,Alta,Muy estable,Rapido y rentable
GATX,GATX CORP,Stock,NYSE,4700,USD,174.57000732421875,6,6,100.0,0.36991672720409263,0.36646066623258494,0.31740740929205685,2026-06-15,3.0,5.333333333333333,6.742897497861485,191.31859090228355,132.34517417439952,694.3728000513418,252.21988581352127,45.0065351431646,45.0065351431646,97.0,100.0,93.25710250213851,88.45848210252487,Muy rapida,Alta,Estable,Rapido y rentable
CBK,"Commercial Bancgroup, Inc.",Stock,Nasdaq,6022,USD,30.780000686645508,4,4,100.0,0.36316574386992945,0.36316574386992945,0.16011010428592054,2026-06-15,3.0,3.0,2.309401076758503,192.18240613404512,192.18240613404512,293.0555587459554,116.47828362898521,44.185165504174755,44.185165504174755,97.0,100.0,97.6905989232415,89.11675558235615,Muy rapida,Alta,Muy estable,Rapido y rentable
RVSB,RIVERVIEW BANCORP INC,Stock,Nasdaq,6035,USD,5.639999866485596,12,12,100.0,0.3631351871916626,0.3530518913977615,-0.5442012070420192,2026-04-13,3.0,10.333333333333334,17.201127517659646,91.45759588019475,79.76555168065224,192.7391287899032,60.28909423221313,44.18144777498562,44.18144777498562,97.0,100.0,82.79887248234036,86.88296605954271,Muy rapida,Alta,Variable,Rapido y rentable
CBNK,Capital Bancorp Inc,Stock,Nasdaq,6021,USD,31.549999237060547,12,12,100.0,0.3621691323567446,0.37304539930197606,-0.3753029921684765,2026-05-11,3.0,4.833333333333333,3.833662699947623,62.05781524970516,59.389846470527026,119.49974076920591,33.0549723517123,44.06391110340392,44.06391110340392,97.0,100.0,96.16633730005238,88.88711972736459,Muy rapida,Alta,Muy estable,Rapido y rentable
FTXR,First Trust Nasdaq Transportation ETF,ETF/Fund,US Listed,,USD,44.62300109863281,6,6,100.0,0.351838794307995,0.33982143367882256,-0.5044582742039075,2026-06-25,3.0,10.333333333333334,18.107088851239084,222.72599883131474,61.032481072548876,731.912170134656,299.7837185244334,42.80705330747273,42.80705330747273,97.0,100.0,81.89291114876092,86.73577546662213,Muy rapida,Alta,Variable,Rapido y rentable
JCI,Johnson Controls International plc,Stock,NYSE,3585,USD,144.9600067138672,4,4,100.0,0.34808710477694055,0.3345861285236315,1.293437224189654,2026-06-15,3.0,3.0,0.0,199.71879335760235,177.66014572644718,317.65885710451107,82.35675970649056,42.3505977478611,42.3505977478611,97.0,100.0,100.0,89.44808710477693,Muy rapida,Alta,Muy estable,Rapido y rentable
SRBK,"SR Bancorp, Inc.",Stock,Nasdaq,6036,USD,19.420000076293945,11,11,100.0,0.342942895304838,0.3401360588350887,0.01410222552680961,2026-06-30,3.0,3.727272727272727,4.197401793750727,319.1089047318767,85.0318159895505,1092.5178734463784,416.6394397340333,41.72471892875528,41.72471892875528,97.0,100.0,95.80259820624927,88.81333262624223,Muy rapida,Alta,Muy estable,Rapido y rentable
WOR,"WORTHINGTON ENTERPRISES, INC.",Stock,NYSE,3310,USD,59.68000030517578,6,6,100.0,0.3419963959107896,0.3219650310094164,0.11272697025797225,2026-06-15,3.0,12.833333333333334,21.618664775296985,236.4990004256007,62.72703634574552,819.8149124485559,323.2877423889201,41.6095615024794,41.6095615024794,97.0,100.0,78.38133522470301,86.19919667961624,Muy rapida,Alta,Variable,Rapido y rentable
LECO,LINCOLN ELECTRIC HOLDINGS INC,Stock,Nasdaq,3540,USD,264.1499938964844,11,11,100.0,0.33999123508514056,0.3246086271315407,-0.045760432537916756,2026-06-30,3.0,2.4545454545454546,1.4396969378057567,286.4398017251517,128.514757821142,836.7785946435012,292.0430334430673,41.3656002686921,41.3656002686921,97.0,100.0,98.56030306219424,89.22403669441427,Muy rapida,Alta,Muy estable,Rapido y rentable
EEX,"Emerald Holding, Inc.",Stock,NYSE,7389,USD,4.980000019073486,6,6,100.0,0.3359664737955163,0.32769995297713805,0.2662110453225046,2026-05-21,3.0,4.333333333333333,3.011090610836324,235.9735913681533,191.65020787740713,557.9793019949964,169.57965984707278,40.87592097845448,40.87592097845448,97.0,100.0,96.98890938916368,88.98430288217007,Muy rapida,Alta,Muy estable,Rapido y rentable
NWS,News Corporation Class B Common Stock,Other Unmatched,,,USD,27.21999931335449,3,3,100.0,0.33354695581731936,0.325097526839762,-0.7112474168474098,2026-03-11,3.0,3.3333333333333335,2.516611478423583,211.9976286247714,126.57103219039374,415.6883353015276,177.1637761172693,40.58154629110719,40.58154629110719,97.0,100.0,97.48338852157642,89.05605523405379,Muy rapida,Alta,Muy estable,Rapido y rentable
GGG,GRACO INC,Stock,NYSE,3561,USD,87.61000061035156,6,6,100.0,0.33217515946084314,0.33543145785606043,0.10762267251012074,2026-04-13,3.0,2.5,1.224744871391589,122.86409883390756,97.09615657024108,277.23953091120325,89.45282472398502,40.414644401069246,40.414644401069246,97.0,100.0,98.7752551286084,89.2484634287521,Muy rapida,Alta,Muy estable,Rapido y rentable
NRG,"NRG ENERGY, INC.",Stock,NYSE,4911,USD,155.5800018310547,6,6,100.0,0.3277920564859469,0.30825963406001194,0.40842819700210103,2026-05-01,3.0,3.3333333333333335,2.3380903889000244,383.6093685932969,149.50766955733468,1665.449058579518,631.4729855277579,39.88136687245687,39.88136687245687,97.0,100.0,97.66190961109997,89.07707849815094,Muy rapida,Alta,Muy estable,Rapido y rentable
WRND,NYLI Global Equity R&D Leaders ETF,ETF/Fund,US Listed,,USD,41.63100051879883,6,6,100.0,0.31900765136185605,0.3090296094320675,0.6664712850613674,2026-06-30,3.0,8.333333333333334,13.30663994653296,403.2759556405219,142.49426161428266,1485.014514177664,568.7393043005978,38.81259758235915,38.81259758235915,97.0,100.0,86.69336005346705,87.42301165938191,Muy rapida,Alta,Estable,Rapido y rentable
GROW,U S GLOBAL INVESTORS INC,Stock,Nasdaq,6282,USD,2.9600000381469727,36,36,100.0,0.3120449374792225,0.31695801567322535,0.33055570208449675,2026-06-15,3.0,3.4444444444444446,1.4029447488244036,153.18069708788047,92.77392404926331,676.450721225431,163.87728880438902,37.96546739330541,37.96546739330541,97.0,100.0,98.59705525117559,89.20160322515557,Muy rapida,Alta,Muy estable,Rapido y rentable
PIO,Invesco Global Water ETF,ETF/Fund,US Listed,,USD,45.02999877929688,6,6,100.0,0.3082626861938661,0.1198395112206824,0.3557618934603008,2026-06-22,3.0,3.8333333333333335,2.0412414523193148,99.75295227991249,72.34114856405162,253.87055478794883,81.32944206111833,37.50529348692037,37.50529348692037,97.0,100.0,97.95875854768069,89.10207646834597,Muy rapida,Alta,Muy estable,Rapido y rentable
PSCI,Invesco S&P SmallCap Industrials ETF,ETF/Fund,US Listed,,USD,180.13999938964844,6,6,100.0,0.3074983154205003,0.1496209849761891,1.3892723333317065,2026-06-22,3.0,3.1666666666666665,0.408248290463863,203.66562067545627,179.41828429769078,363.6707976612664,126.02536022463637,37.41229504282754,37.41229504282754,97.0,100.0,99.59175170953614,89.34626107185092,Muy rapida,Alta,Muy estable,Rapido y rentable
WTW,WILLIS TOWERS WATSON PLC,Stock,Nasdaq,6411,USD,264.70001220703125,11,11,100.0,0.29678880524247914,0.2757959221275687,0.010403425907954561,2026-06-30,3.0,2.727272727272727,1.8488325554743508,234.99934006848588,116.67214012041596,779.0892469064494,234.94457327071578,36.10930463783496,36.10930463783496,97.0,100.0,98.15116744452565,89.11946392192132,Muy rapida,Alta,Muy estable,Rapido y rentable
RL,RALPH LAUREN CORP,Stock,NYSE,2320,USD,410.1099853515625,6,6,100.0,0.29528313158546676,0.2875388894553583,-0.4330695733876415,2026-06-26,3.0,3.6666666666666665,3.265986323710904,384.47820745670606,214.44256127203562,1204.212724909573,432.0480655952165,35.92611434289846,35.92611434289846,97.0,100.0,96.7340136762891,88.90538518302883,Muy rapida,Alta,Muy estable,Rapido y rentable
ESOA,Energy Services of America CORP,Stock,Nasdaq,1623,USD,19.11000061035156,11,11,100.0,0.2937709184037545,0.3003003071805091,1.142823445603164,2026-06-30,3.0,3.3636363636363638,3.042128441493793,555.1021240617794,373.4266179615606,928.569769439442,299.68906298473325,35.74212840579013,35.74212840579013,97.0,100.0,96.95787155850621,88.93745165217967,Muy rapida,Alta,Muy estable,Rapido y rentable
EBIZ,Global X E-commerce ETF,ETF/Fund,US Listed,,USD,27.600000381469727,3,3,100.0,0.27717031200000375,0.3024275320519222,-0.05683974609275192,2026-06-29,3.0,3.6666666666666665,3.0550504633038935,135.60646625351464,98.5100556694705,256.3489333721591,107.12504333232839,33.722387960000454,33.722387960000454,97.0,100.0,96.9449495366961,88.91891274250442,Muy rapida,Alta,Muy estable,Rapido y rentable
ASO,"Academy Sports & Outdoors, Inc.",Stock,Nasdaq,5940,USD,49.619998931884766,12,12,100.0,0.2742562327152739,0.27614958402462564,0.3779294818534343,2026-06-18,3.0,4.166666666666667,3.537676004830221,476.11703352888844,185.64909731772426,1728.6382445319405,621.963673272223,33.36784164702499,33.36784164702499,97.0,100.0,96.46232399516978,88.84360483199073,Muy rapida,Alta,Muy estable,Rapido y rentable
VOTE,TCW Transform 500 ETF,ETF/Fund,US Listed,,USD,87.97699737548828,6,6,100.0,0.26805152680628125,0.26708754902594267,0.09705140518067872,2026-06-23,3.0,5.666666666666667,4.546060565661952,86.30816943922908,69.57486292790709,226.41247449239933,79.15387837483816,32.61293576143088,32.61293576143088,97.0,100.0,95.45393943433805,88.68614244195697,Muy rapida,Alta,Muy estable,Rapido y rentable
MWA,"Mueller Water Products, Inc.",Stock,NYSE,3490,USD,26.3700008392334,6,6,100.0,0.26227303995929635,0.26317829085984185,0.7294642968836594,2026-05-11,3.0,16.0,21.166010488516726,425.96351110345796,88.99239712192977,1857.690462573631,722.8401649246663,31.90988652838105,31.90988652838105,97.0,100.0,78.83398951148328,86.18737146668178,Muy rapida,Alta,Variable,Rapido y rentable
ESGU,iShares ESG Aware MSCI USA ETF,ETF/Fund,US Listed,,USD,162.13999938964844,6,6,100.0,0.2563511375895869,0.25386705058699466,0.04264657242920126,2026-06-15,3.0,3.5,1.97484176581315,104.2416983028525,104.05862826966617,223.84366007162117,71.4204174191136,31.189388406733073,31.189388406733073,97.0,100.0,98.02515823418685,89.06012487271761,Muy rapida,Alta,Muy estable,Rapido y rentable
HXL,HEXCEL CORP /DE/,Stock,NYSE,2821,USD,92.2300033569336,6,6,100.0,0.2556865226609137,0.2506061975234825,0.25080067511799925,2026-05-04,3.0,2.8333333333333335,1.6020819787597222,308.10042522900375,136.3990033923793,970.2266934803812,362.9607714004693,31.108526923744492,31.108526923744492,97.0,100.0,98.39791802124027,89.11537422584695,Muy rapida,Alta,Muy estable,Rapido y rentable
J,JACOBS SOLUTIONS INC.,Stock,NYSE,1600,USD,114.04000091552734,6,6,100.0,0.25507582230476267,0.2491271101024396,0.07255893502335779,2026-05-22,3.0,16.666666666666668,33.57181357428679,256.12211031344384,224.09188852836837,686.9187904801877,259.0656938076534,31.03422504707946,31.03422504707946,97.0,100.0,66.4281864257132,84.31930378616174,Muy rapida,Alta,Variable,Rapido y rentable
TGLS,Tecnoglass Inc.,Stock,NYSE,3211,USD,43.13999938964844,3,3,100.0,0.2508079290055419,0.2121640827082517,1.2591674220912268,2026-03-31,3.0,3.3333333333333335,2.516611478423583,504.87494214680856,172.08969520909253,1319.8886239253147,709.7667171101189,30.514964695674262,30.514964695674262,97.0,100.0,97.48338852157642,88.97331620724201,Muy rapida,Alta,Muy estable,Rapido y rentable
BOTZ,Global X Robotics & Artificial Intelligence ETF,ETF/Fund,US Listed,,USD,36.0099983215332,3,3,100.0,0.24191011597288326,0.2459572583717718,0.8804604984006493,2026-06-29,3.0,3.6666666666666665,3.0550504633038935,266.2840104386741,293.26644467818284,361.1517721467529,110.84993058512867,29.432397443367464,29.432397443367464,97.0,100.0,96.9449495366961,88.8836525464773,Muy rapida,Alta,Muy estable,Rapido y rentable
RRBI,RED RIVER BANCSHARES INC,Stock,Nasdaq,6022,USD,91.23999786376952,12,12,100.0,0.24089699448832405,0.22741332051361468,0.03055568672763954,2026-06-08,3.0,4.5,3.7050334313299693,160.72923254869826,145.2389710414964,374.52795919049856,117.02464013898037,29.30913432941276,29.30913432941276,97.0,100.0,96.29496656867003,88.78514197978882,Muy rapida,Alta,Muy estable,Rapido y rentable
PFI,Invesco Dorsey Wright Financial Momentum ETF,ETF/Fund,US Listed,,USD,60.59999847412109,6,6,100.0,0.23876321710449358,0.2395932327991151,1.2055191215410415,2026-06-22,3.0,16.333333333333332,32.172451984060324,170.7694699791283,153.92573162740644,411.5043448018727,136.02346219107142,29.04952474771339,29.04952474771339,97.0,100.0,67.82754801593967,84.51289541949544,Muy rapida,Alta,Variable,Rapido y rentable
SYK,STRYKER CORP,Stock,NYSE,3841,USD,326.1000061035156,5,5,100.0,0.23787086220449352,0.2304526748971193,0.5226376922649186,2026-03-31,3.0,3.6,2.1908902300206643,196.7691150659397,193.6291650565625,377.1991452083613,139.4985587571372,28.940954901546714,28.940954901546714,97.0,100.0,97.80910976997933,89.00923732770138,Muy rapida,Alta,Muy estable,Rapido y rentable
PKW,Invesco BuyBack Achievers ETF,ETF/Fund,US Listed,,USD,138.08999633789062,6,6,100.0,0.23691790233017493,0.236325290229984,0.5633168291026202,2026-06-22,3.0,3.8333333333333335,1.6020819787597222,103.04598488220601,67.06398157464473,207.2651567758413,73.1314573744099,28.82501145017129,28.82501145017129,97.0,100.0,98.39791802124027,89.09660560551622,Muy rapida,Alta,Muy estable,Rapido y rentable
BYD,BOYD GAMING CORP,Stock,NYSE,7011,USD,87.45999908447266,6,6,100.0,0.23436892674210233,0.236826961182768,0.03528834740575023,2026-06-15,3.0,4.5,3.2093613071762426,103.42990853713341,50.313253999154924,275.64771986747394,105.57615116746663,28.514886086955784,28.514886086955784,97.0,100.0,96.79063869282376,88.85296473066566,Muy rapida,Alta,Muy estable,Rapido y rentable
SNSR,Global X Internet of Things ETF,ETF/Fund,US Listed,,USD,47.66999816894531,3,3,100.0,0.23430193352446513,0.1674218650421353,0.8447684436323099,2026-06-29,3.0,2.6666666666666665,1.5275252316519468,188.99127034369386,195.5913162332052,305.96942158613524,120.41390966210443,28.506735245476595,28.506735245476595,97.0,100.0,98.47247476834805,89.10517314877667,Muy rapida,Alta,Muy estable,Rapido y rentable
IMKTA,INGLES MARKETS INC,Stock,Nasdaq,5411,USD,94.12999725341795,12,12,100.0,0.2341523536067122,0.2442600941292388,-0.31971572743550775,2026-04-09,3.0,16.166666666666668,31.289944168384288,302.0547473498983,320.50581307999573,622.9132741162285,251.79254074363388,28.488536355483316,28.488536355483316,97.0,100.0,68.7100558316157,84.64066072834906,Muy rapida,Alta,Variable,Rapido y rentable
ETEC,iShares Breakthrough Environmental Solutions ETF,ETF/Fund,US Listed,,USD,29.586000442504883,3,3,100.0,0.23180498033332167,0.23491202329708,0.44629347611066655,2026-06-15,3.0,4.333333333333333,2.309401076758503,148.75413843012674,120.33654960487485,299.73582593293975,138.969398790671,28.20293927388747,28.20293927388747,97.0,100.0,97.6905989232415,88.98539481881954,Muy rapida,Alta,Muy estable,Rapido y rentable
SMBK,SMARTFINANCIAL INC.,Stock,NYSE,6021,USD,40.880001068115234,6,6,100.0,0.22797842024701634,0.2245554379671286,-0.6187133462334038,2026-05-15,3.0,4.166666666666667,4.020779360604939,222.98469423625463,104.63048627736816,648.5698123505314,251.2467903090544,27.737374463386985,27.737374463386985,97.0,100.0,95.97922063939507,88.72486151615627,Muy rapida,Alta,Muy estable,Rapido y rentable
WMT,Walmart Inc.,Stock,Nasdaq,5331,USD,130.1999969482422,12,12,100.0,0.22439851132635083,0.21891284387825785,-0.31413308770186266,2026-05-08,3.0,3.5,2.812310599683276,153.98268179250314,103.34287542258863,447.08719390372255,144.80173620427283,27.301818878039352,27.301818878039352,97.0,100.0,97.18768940031673,88.90255192137386,Muy rapida,Alta,Muy estable,Rapido y rentable
YOKE,YOKE Core ETF,ETF/Fund,US Listed,,USD,31.90399932861328,5,5,100.0,0.22436670866791847,0.2003318090270259,0.050774706721704366,2026-06-29,3.0,2.6,1.51657508881031,140.76983492228308,157.99262418664466,186.26514049466135,57.17169944286313,27.297949554596745,27.297949554596745,97.0,100.0,98.48342491118969,89.09688044534636,Muy rapida,Alta,Muy estable,Rapido y rentable
PSCU,Invesco S&P SmallCap Utilities & Communication Services ETF,ETF/Fund,US Listed,,USD,63.7599983215332,6,6,100.0,0.2243517515878302,0.19321227160204768,0.7701624540339621,2026-06-22,3.0,3.5,1.224744871391589,136.9302724600574,106.4871246769734,314.7311506262092,107.19460430074137,27.296129776519344,27.296129776519344,97.0,100.0,98.7752551286084,89.14064002087909,Muy rapida,Alta,Muy estable,Rapido y rentable
PCG,PG&E Corp,Stock,NYSE,4931,USD,17.479999542236328,5,5,100.0,0.2177494042328635,0.1786990736884183,0.2573818383855402,2026-03-31,3.0,2.4,1.3416407864998738,167.46541059038867,146.71590468462776,292.33442238432986,76.18160090071576,26.49284418166506,26.49284418166506,97.0,100.0,98.65835921350012,89.11650328625787,Muy rapida,Alta,Muy estable,Rapido y rentable
SOCL,Global X Social Media ETF,ETF/Fund,US Listed,,USD,42.720001220703125,3,3,100.0,0.21515656887727,0.2085614306570985,0.9721724321221329,2026-06-29,3.0,2.6666666666666665,1.5275252316519468,225.43210833129675,216.0641455424877,349.7786668323988,119.93728113028791,26.177382546734517,26.177382546734517,97.0,100.0,98.47247476834805,89.08602778412948,Muy rapida,Alta,Muy estable,Rapido y rentable
PRFZ,Invesco RAFI US 1500 Small-Mid ETF,ETF/Fund,US Listed,,USD,53.310001373291016,6,6,100.0,0.214495116275391,0.23534422891977563,0.9937469954817644,2026-06-22,3.0,3.5,1.224744871391589,151.96326882346622,134.28161194333558,304.08088618369004,107.11173429641536,26.0969058135059,26.0969058135059,97.0,100.0,98.7752551286084,89.13078338556664,Muy rapida,Alta,Muy estable,Rapido y rentable
IBBQ,Invesco Nasdaq Biotechnology ETF,ETF/Fund,US Listed,,USD,29.98200035095215,6,6,100.0,0.21276706251371294,0.15907581800723408,0.682484955258412,2026-06-22,3.0,3.3333333333333335,0.5163977794943222,130.80222000906667,149.97863100684637,187.66977583129184,53.27324207108923,25.886659272501742,25.886659272501742,97.0,100.0,99.48360222050567,89.23530739558957,Muy rapida,Alta,Muy estable,Rapido y rentable
IJT,iShares S&P SmallCap 600 Growth ETF,ETF/Fund,US Listed,,USD,169.02999877929688,6,6,100.0,0.2074158691227206,0.2110954856734087,-0.09435831473985089,2026-06-15,3.0,3.1666666666666665,2.041241452319315,161.30203491629567,130.33679822823308,316.3594269737554,108.9792493233837,25.235597409931003,25.235597409931003,97.0,100.0,97.95875854768069,89.00122965127483,Muy rapida,Alta,Muy estable,Rapido y rentable
AEBI,Aebi Schmidt Holding AG,Stock,Nasdaq,3531,USD,12.15999984741211,8,8,100.0,0.20114342731220858,0.2055921078429988,-1.634989130571323,2026-06-05,3.0,3.0,2.138089935299395,241.00462034796863,232.8726328088623,465.2552835596898,166.5784141849306,24.472450322985377,24.472450322985377,97.0,100.0,97.86191006470061,88.98042993701729,Muy rapida,Alta,Muy estable,Rapido defensivo
MPWR,MONOLITHIC POWER SYSTEMS INC,Stock,Nasdaq,3674,USD,1312.77001953125,11,11,100.0,0.20026817733898472,0.1995330872173567,2.373638921457506,2026-06-30,3.0,2.272727272727273,1.2720777563426766,1131.2041702652089,183.8349716329528,3386.937603711628,1313.2140515456852,24.36596157624314,24.36596157624314,97.0,100.0,98.72792224365732,89.10945651388758,Muy rapida,Alta,Muy estable,Rapido defensivo
LAD,LITHIA MOTORS INC,Stock,NYSE,5500,USD,291.1000061035156,6,6,100.0,0.18829339665331024,0.1886015381141939,-0.46706426029317,2026-05-08,3.0,10.333333333333334,14.193895401427568,240.9812564499431,253.65221707207596,433.8351704859068,177.0925932744615,22.909029926152744,22.909029926152744,97.0,100.0,85.80610459857243,87.15920908643916,Muy rapida,Alta,Estable,Rapido defensivo
APH,AMPHENOL CORP /DE/,Stock,NYSE,3678,USD,165.9600067138672,6,6,100.0,0.18563335443535342,0.18457655751189495,-0.4451621982624982,2026-06-23,3.0,3.5,1.8708286933869707,372.81263566050825,350.8923513574732,1061.6787511209334,376.18556387167524,22.585391456301338,22.585391456301338,97.0,100.0,98.12917130661303,89.0050090504273,Muy rapida,Alta,Muy estable,Rapido defensivo
QQQJ,Invesco NASDAQ Next Gen 100 ETF,ETF/Fund,US Listed,,USD,44.59999847412109,6,6,100.0,0.18318107446323206,0.16508148794148356,0.7578726095536282,2026-06-22,3.0,3.1666666666666665,0.408248290463863,113.59634908160604,110.7763682327294,238.684804393004,82.57305348155957,22.2870307263599,22.2870307263599,97.0,100.0,99.59175170953614,89.22194383089365,Muy rapida,Alta,Muy estable,Rapido defensivo
ULS,UL Solutions Inc.,Stock,NYSE,8734,USD,99.56999969482422,6,6,100.0,0.18266523235047463,0.1779025530103917,0.24958186071113322,2026-05-29,3.0,5.0,6.099180272790763,156.16008423287573,143.60167565890166,329.061539306429,117.05113921246254,22.224269935974416,22.224269935974416,97.0,100.0,93.90081972720924,88.36778819143186,Muy rapida,Alta,Estable,Rapido defensivo
ENHU,iShares Enhanced Large Cap Core Active ETF,ETF/Fund,US Listed,,USD,27.53400039672852,3,3,100.0,0.17935091700711858,0.1686453540806798,0.4851095084200283,2026-06-15,3.0,2.6666666666666665,1.5275252316519468,121.03315505244898,82.1474386466307,232.45951046021452,97.95426465106623,21.8210282358661,21.8210282358661,97.0,100.0,98.47247476834805,89.05022213225932,Muy rapida,Alta,Muy estable,Rapido defensivo
UPGR,Xtrackers US Green Infrastructure Select Equity ETF,ETF/Fund,US Listed,,USD,26.95199966430664,4,4,100.0,0.17456242832865992,0.1490068958410745,0.566135039751254,2026-06-18,3.0,3.5,2.9999999999999996,495.1593662178062,224.3964256778723,1515.795486490675,698.7665774607167,21.238428779986958,21.238428779986958,97.0,100.0,97.0,88.82456242832865,Muy rapida,Alta,Muy estable,Rapido defensivo
INRO,iShares U.S. Industry Rotation Active ETF,ETF/Fund,US Listed,,USD,35.875,6,6,100.0,0.1722038761474328,0.1803826107833515,0.19584706537139782,2026-06-15,3.0,3.5,1.97484176581315,110.61603092646878,93.2184226465221,277.07626568624784,91.15038018749581,20.95147159793766,20.95147159793766,97.0,100.0,98.02515823418685,88.97597761127545,Muy rapida,Alta,Muy estable,Rapido defensivo
QNXT,iShares Nasdaq-100 ex Top 30 ETF,ETF/Fund,US Listed,,USD,31.18099975585937,6,6,100.0,0.17199964169960305,0.16476178479170905,0.4090970017002346,2026-06-15,3.0,3.6666666666666665,2.7325202042558927,158.39149855217173,143.67106660135707,309.9792383286404,119.99275322208345,20.926623073451704,20.926623073451704,97.0,100.0,97.26747979574411,88.86212161106121,Muy rapida,Alta,Muy estable,Rapido defensivo
KAT,Scharf ETF,ETF/Fund,US Listed,,USD,54.571998596191406,3,3,100.0,0.1643124030450196,0.0834926357327508,-0.10232418285538865,2026-06-29,3.0,3.0,2.0,60.78368461691834,75.79038252695518,90.87438594677936,39.77704555952305,19.991342370477383,19.991342370477383,97.0,100.0,98.0,88.96431240304501,Muy rapida,Alta,Muy estable,Rapido defensivo
AME,AMETEK INC/,Stock,NYSE,3823,USD,227.1199951171875,6,6,100.0,0.16309599877017544,0.1608667892196638,0.29455985654336825,2026-06-15,3.0,11.833333333333334,18.486932321687842,195.65703140398102,98.94662194060697,747.2664468139745,281.3275914759377,19.84334651703801,19.84334651703801,97.0,100.0,81.51306767831215,86.49005615051699,Muy rapida,Alta,Variable,Rapido defensivo
COWS,Amplify Cash Flow Dividend Leaders ETF,ETF/Fund,US Listed,,USD,36.48099899291992,18,18,100.0,0.16214151981846778,0.14134970557466014,-0.2589308107315176,2026-06-29,3.0,4.388888888888889,4.031331540189681,124.25382353931046,93.21188130032124,513.9931097019147,132.7323332529883,19.727218244580246,19.727218244580246,97.0,100.0,95.96866845981032,88.65744178879001,Muy rapida,Alta,Muy estable,Rapido defensivo
EVTC,"EVERTEC, Inc.",Stock,NYSE,7374,USD,24.01000022888184,5,5,100.0,0.1598752490723032,0.1438848920863309,-0.466755118412112,2026-05-11,3.0,4.2,3.271085446759225,81.9927323075982,49.01683999480103,205.2751964209817,69.86550775119996,19.451488637130222,19.451488637130222,97.0,100.0,96.72891455324077,88.76921243205841,Muy rapida,Alta,Muy estable,Rapido defensivo
PHO,Invesco Water Resources ETF,ETF/Fund,US Listed,,USD,67.36000061035156,6,6,100.0,0.14927605862680288,0.15393397050596186,0.6920739890149865,2026-06-22,3.0,3.5,1.224744871391589,125.65266577216812,143.48358921079586,187.468967477383,64.80245833612811,18.161920466261016,18.161920466261016,97.0,100.0,98.7752551286084,89.06556432791805,Muy rapida,Alta,Muy estable,Rapido defensivo
CEG,Constellation Energy Corp,Stock,Nasdaq,4911,USD,275.260009765625,12,12,100.0,0.14115258888247137,0.13509393736893874,0.5355951228127199,2026-05-15,3.0,2.8333333333333335,1.7494587907710375,365.8813126863078,154.08210544578202,920.5386084313678,410.2514570991123,17.173564980700682,17.173564980700682,97.0,100.0,98.25054120922896,88.97873377026681,Muy rapida,Alta,Muy estable,Rapido defensivo
SOXQ,Invesco PHLX Semiconductor ETF,ETF/Fund,US Listed,,USD,112.77999877929688,6,6,100.0,0.13682359310107348,0.1339001093337397,1.5033729288594395,2026-06-22,3.0,3.1666666666666665,0.408248290463863,188.73627719608882,179.0128796952968,358.6975294479126,94.30084115845216,16.64687049396394,16.64687049396394,97.0,100.0,99.59175170953614,89.17558634953149,Muy rapida,Alta,Muy estable,Rapido defensivo
SOXX,iShares PHLX SOX Semiconductor Sector Index Fund,ETF/Fund,US Listed,,USD,596.25,6,6,100.0,0.1352597876467895,0.13705857556782058,1.2153110351742629,2026-06-15,3.0,3.1666666666666665,2.228601953392904,269.03854763543285,235.46296004637594,662.8203743153825,233.72598175029145,16.456607497026056,16.456607497026056,97.0,100.0,97.77139804660709,88.90096949463785,Muy rapida,Alta,Muy estable,Rapido defensivo
CR,Crane Co,Stock,NYSE,3490,USD,181.4600067138672,6,6,100.0,0.131161204379087,0.129287571534872,-0.6303821097176293,2026-05-29,3.0,11.5,21.860924042684015,182.78555449034363,65.49128421849349,586.2190185266435,237.67693063675137,15.957946532788917,15.957946532788917,97.0,100.0,78.13907595731598,85.95202259797648,Muy rapida,Alta,Variable,Rapido defensivo
GVA,GRANITE CONSTRUCTION INC,Stock,NYSE,1600,USD,116.48999786376952,5,5,100.0,0.13099317469463387,0.1192004427931111,0.6358619982110494,2026-03-31,3.0,2.2,1.0954451150103324,341.67137515908223,211.5128252824173,1102.9271188795133,432.5267649078773,15.937502921180453,15.937502921180453,97.0,100.0,98.90455488498966,89.06667640744308,Muy rapida,Alta,Muy estable,Rapido defensivo
HSTM,HEALTHSTREAM INC,Stock,Nasdaq,7370,USD,22.700000762939453,12,12,100.0,0.1264058928082171,0.1218555173835909,0.7694195936212817,2026-05-18,3.0,10.833333333333334,17.377275303386806,195.4058080754683,117.73674754310511,586.893967160107,203.92172889873282,15.379383624999745,15.379383624999745,97.0,100.0,82.62272469661319,86.61981459730019,Muy rapida,Alta,Variable,Rapido defensivo
PTF,Invesco Dorsey Wright Technology Momentum ETF,ETF/Fund,,,USD,76.76000213623047,2,2,100.0,0.1252939504178911,0.1252939504178911,1.8053641909068114,2025-09-22,3.0,3.0,0.0,234.89674052783877,234.89674052783877,455.7970277340832,312.40018209918276,15.244097300843416,15.244097300843416,97.0,100.0,100.0,89.22529395041788,Muy rapida,Alta,Muy estable,Rapido defensivo
PEZ,Invesco Dorsey Wright Consumer Cyclicals Momentum ETF,ETF/Fund,US Listed,,USD,103.0500030517578,3,3,100.0,0.12475233040583573,0.1231271683604977,1.047469008077316,2026-06-22,3.0,4.0,1.7320508075688772,168.9670699683669,175.21999113186416,289.11325325222526,123.3915272331308,15.17820019937668,15.17820019937668,97.0,100.0,98.26794919243112,88.9649447092705,Muy rapida,Alta,Muy estable,Rapido defensivo
GQQQ,Astoria US Quality Growth Kings ETF,ETF/Fund,US Listed,,USD,35.040000915527344,6,6,100.0,0.12396172312365104,0.1362291681177229,-0.18210470028958436,2026-06-29,3.0,7.833333333333333,13.3628839202721,140.23534850424252,166.30432454597505,256.0362318661773,99.47552330038118,15.082009646710878,15.082009646710878,97.0,100.0,86.6371160797279,87.21952913508284,Muy rapida,Alta,Estable,Rapido defensivo
BRKR,BRUKER CORP,Stock,Nasdaq,3826,USD,57.22999954223633,12,12,100.0,0.12220672390469989,0.11965744474443724,0.8069263271585924,2026-06-22,3.0,5.5,5.584068246522259,319.6351353023663,266.811429984295,645.8235347512184,229.451259729966,14.868484741738486,14.868484741738486,97.0,100.0,94.41593175347774,88.38459648692636,Muy rapida,Alta,Estable,Rapido defensivo
VLTO,Veralto Corp,Stock,NYSE,3825,USD,86.01000213623047,5,5,100.0,0.12149082968146194,0.1145356090705905,0.8097254206700992,2026-03-31,3.0,3.6,3.286335345030997,401.7172856511982,192.55815169101427,1077.8962084810728,429.79884869030957,14.781384277911203,14.781384277911203,97.0,100.0,96.71366465496901,88.72854052792681,Muy rapida,Alta,Muy estable,Rapido defensivo
CHE,CHEMED CORP,Stock,NYSE,8082,USD,439.4100036621094,6,6,100.0,0.11952118843537542,0.13137679202067515,-0.08073789945679932,2026-05-28,3.0,3.1666666666666665,2.228601953392904,86.48317654839006,85.43923704909639,176.2835287302891,50.81561942449916,14.541744592970675,14.541744592970675,97.0,100.0,97.77139804660709,88.88523089542643,Muy rapida,Alta,Muy estable,Rapido defensivo
EXP,EAGLE MATERIALS INC,Stock,NYSE,3241,USD,215.25,6,6,100.0,0.1187410838089177,0.11667216935465394,0.4792730633722919,2026-06-15,3.0,7.166666666666667,10.206207261596576,113.20401597095206,95.69084736030639,201.913198894418,58.843218918721995,14.44683186341832,14.44683186341832,97.0,100.0,89.79379273840343,87.68780999456942,Muy rapida,Alta,Estable,Rapido defensivo
ATMU,Atmus Filtration Technologies Inc.,Stock,NYSE,3714,USD,48.83000183105469,6,6,100.0,0.11735842978492418,0.11878748667035065,-0.3130291336165943,2026-05-26,3.0,5.0,5.585696017507577,310.4901456676062,211.13345669041192,936.909382413052,346.3539699252987,14.278608957165774,14.278608957165774,97.0,100.0,94.41430398249243,88.37950402715879,Muy rapida,Alta,Estable,Rapido defensivo
MILN,Global X Millennial Consumer ETF,ETF/Fund,US Listed,,USD,43.54399871826172,3,3,100.0,0.11255404425044165,0.0903431038902309,0.2697381009670939,2026-06-29,3.0,3.6666666666666665,3.0550504633038935,153.64686358685418,29.991905325700905,402.3062783834061,215.3464272088599,13.694075383803733,13.694075383803733,97.0,100.0,96.9449495366961,88.75429647475485,Muy rapida,Alta,Muy estable,Rapido defensivo
KAI,KADANT INC,Stock,NYSE,3550,USD,332.1499938964844,6,6,100.0,0.1082123691102564,0.1110790129485241,2.140831507692321,2026-04-15,3.0,6.666666666666667,8.6178110136314,1291.109201127568,550.1182966211938,4687.384862197238,1817.7224881207856,13.165838241747863,13.165838241747863,97.0,100.0,91.3821889863686,87.91554071706555,Muy rapida,Alta,Estable,Rapido defensivo
QTOP,iShares Nasdaq Top 30 Stocks ETF,ETF/Fund,US Listed,,USD,37.79999923706055,6,6,100.0,0.10371287280537389,0.09844242767579156,0.49728747503577514,2026-06-15,3.0,3.1666666666666665,2.228601953392904,180.16697469200233,157.64181567727968,390.6550355648539,108.4983638141597,12.618399524653823,12.618399524653823,97.0,100.0,97.77139804660709,88.86942257979644,Muy rapida,Alta,Muy estable,Rapido defensivo
RAL,Ralliant Corp,Stock,NYSE,3823,USD,60.16999816894531,4,4,100.0,0.10211980708806487,0.10492726551667164,0.08910706054954615,2026-06-08,3.0,5.5,5.0,95.11227832429938,81.03001654795193,184.00655525239725,64.28966017134935,12.424576529047892,12.424576529047892,97.0,100.0,95.0,88.45211980708805,Muy rapida,Alta,Muy estable,Rapido defensivo
PWRD,TCW Transform Systems ETF,ETF/Fund,US Listed,,USD,122.56999969482422,3,3,100.0,0.10196953489822307,0.0602102693695113,-0.4913714318276175,2026-06-23,3.0,4.666666666666667,2.8867513459481287,132.89466205858423,145.334717608393,236.57271408509817,110.42488026074857,12.40629341261714,12.40629341261714,97.0,100.0,97.11324865405187,88.76895683300599,Muy rapida,Alta,Muy estable,Rapido defensivo
FYC,First Trust Small Cap Growth AlphaDEX Fund,ETF/Fund,US Listed,,USD,120.9800033569336,2,2,100.0,0.09649578633445241,0.09649578633445241,-0.027549156161861876,2026-06-25,3.0,3.0,2.8284271247461903,191.79219549037884,191.79219549037884,349.88431368653943,223.57601765730067,11.740320670691709,11.740320670691709,97.0,100.0,97.17157287525382,88.77223171762253,Muy rapida,Alta,Muy estable,Rapido defensivo
NEWZ,StockSnips AI-Powered Sentiment US All Cap ETF,ETF/Fund,,,USD,28.52199935913086,3,3,100.0,0.09158333530709917,0.0667569479400628,0.7760215078914515,2025-09-29,3.0,2.3333333333333335,1.1547005383792515,164.52044809886343,209.09944495150165,265.32836479367893,129.00945248234947,11.1426391290304,11.1426391290304,97.0,100.0,98.84529946162075,89.0183782545502,Muy rapida,Alta,Muy estable,Rapido defensivo
LGRO,Level Four Large Cap Growth Active ETF,ETF/Fund,US Listed,,USD,42.39500045776367,6,6,100.0,0.0868942080536455,0.08699679557212975,0.3698326296294134,2026-06-18,3.0,5.666666666666667,7.7631608682718065,244.0538999358546,246.41403087454825,559.6705288756699,221.96384208564012,10.572128646526869,10.572128646526869,97.0,100.0,92.23683913172819,88.02242007781287,Muy rapida,Alta,Estable,Rapido defensivo
PRIM,Primoris Services Corp,Stock,NYSE,1623,USD,134.39999389648438,5,5,100.0,0.0845773333360739,0.0643448876552802,1.1673685270625243,2026-03-31,3.0,2.6,1.6733200530681511,791.3452938303648,622.3758063903148,2368.154703692241,927.3721651310591,10.290242222555657,10.290242222555657,97.0,100.0,98.32667994693185,88.93357932537585,Muy rapida,Alta,Muy estable,Rapido defensivo
BLCR,iShares Large Cap Core Active ETF,ETF/Fund,US Listed,,USD,49.2599983215332,6,6,100.0,0.08377781193898444,0.08923447900895075,0.4538183332133105,2026-06-15,3.0,2.6666666666666665,1.0327955589886444,157.36781899076618,169.96461455547598,310.73750786288946,105.07180456581982,10.192967119243107,10.192967119243107,97.0,100.0,98.96720444101136,89.02885847809068,Muy rapida,Alta,Muy estable,Rapido defensivo
ALNT,ALLIENT INC,Stock,Nasdaq,3825,USD,63.34999847412109,12,12,100.0,0.07695264513055596,0.06634115516142661,-1.234764000509739,2026-05-21,3.0,10.833333333333334,18.374059448201983,253.55873151558714,155.32754021723747,871.465010011591,307.86432979172906,9.36257182421764,9.36257182421764,97.0,100.0,81.62594055179801,86.42084372790026,Muy rapida,Alta,Variable,Rapido defensivo
QOWZ,Invesco Nasdaq Free Cash Flow Achievers ETF,ETF/Fund,US Listed,,USD,33.54899978637695,6,6,100.0,0.0759304529199834,0.08172789080002135,0.6500082186334242,2026-06-22,3.0,4.333333333333333,3.265986323710904,115.79681413496324,119.19936426627942,232.88436043755908,78.14477505082237,9.238205105264647,9.238205105264647,97.0,100.0,96.7340136762891,88.68603250436334,Muy rapida,Alta,Muy estable,Rapido defensivo
CLB,Core Laboratories Inc. /DE/,Stock,NYSE,1389,USD,13.130000114440918,6,6,100.0,0.07171846862305119,0.06944836025114955,1.0808499624982624,2026-05-11,3.0,4.0,3.5213633723318023,285.91393576136164,167.357538513985,844.6278100684259,312.8212134568715,8.725747015804561,8.725747015804561,97.0,100.0,96.4786366276682,88.64351396277327,Muy rapida,Alta,Muy estable,Rapido defensivo
QQHG,Invesco QQQ Hedged Advantage ETF,ETF/Fund,US Listed,,USD,66.5510025024414,4,4,100.0,0.07080559106285797,0.05704713257666075,0.20908237822424003,2026-06-22,3.0,5.25,4.5,45.515915280543595,45.54088394959108,76.16210019600476,25.088392662575508,8.614680245981054,8.614680245981054,97.0,100.0,95.5,88.49580559106286,Muy rapida,Alta,Muy estable,Rapido defensivo
PDP,Invesco Dorsey Wright Momentum ETF,ETF/Fund,,,USD,117.41000366210938,3,3,100.0,0.06090323611582913,0.0450851138820226,1.7017220691368322,2025-09-22,3.0,3.0,0.0,214.45274547240714,187.6074082851579,407.72887151895577,181.34985595333012,7.409893727425878,7.409893727425878,97.0,100.0,100.0,89.16090323611583,Muy rapida,Alta,Muy estable,Rapido defensivo
PRN,Invesco Dorsey Wright Industrials Momentum ETF,ETF/Fund,,,USD,170.30999755859375,3,3,100.0,0.05854778265747507,0.0476880135281346,2.142953501708748,2025-09-22,3.0,3.0,0.0,267.84932293122387,196.5630032740029,442.63271073572633,152.22124545833546,7.123313556659466,7.123313556659466,97.0,100.0,100.0,89.15854778265746,Muy rapida,Alta,Muy estable,Rapido defensivo
ACA,"Arcosa, Inc.",Stock,NYSE,3440,USD,114.23999786376952,6,6,100.0,0.052360515641645976,0.05288527995850695,-0.026114474570297103,2026-04-15,3.0,3.3333333333333335,2.9439202887759492,350.1811345648277,72.106166798424,1144.0762474739097,483.69859340347733,6.370529403066928,6.370529403066928,97.0,100.0,97.05607971122404,88.71077247232526,Muy rapida,Alta,Muy estable,Rapido defensivo
WTM,WHITE MOUNTAINS INSURANCE GROUP LTD,Stock,NYSE,6331,USD,2194.699951171875,2,2,100.0,0.0493342611955252,0.0493342611955252,0.24564916214011412,2026-03-16,3.0,3.0,0.0,35.88964983916946,35.88964983916946,38.57284041755689,3.7946045063872154,6.002335112122232,6.002335112122232,97.0,100.0,100.0,89.14933426119552,Muy rapida,Alta,Muy estable,Rapido defensivo
XXX,CYBER HORNET S&P 500 and XRP 75/25 Strategy ETF,ETF/Fund,US Listed,,USD,19.32999992370605,2,2,100.0,0.048179515555081195,0.048179515555081195,-0.5479084928900824,2026-06-26,3.0,3.0,2.8284271247461903,125.16401513902626,125.16401513902626,217.88557136344448,131.12808233691172,5.861841059201545,5.861841059201545,97.0,100.0,97.17157287525382,88.72391544684315,Muy rapida,Alta,Muy estable,Rapido defensivo
EEE,CYBER HORNET S&P 500 and Ethereum 75/25 Strategy ETF,ETF/Fund,US Listed,,USD,19.32999992370605,2,2,100.0,0.0474223314485118,0.0474223314485118,-0.7903697110457077,2026-06-26,3.0,3.0,2.8284271247461903,122.25200115255257,122.25200115255257,160.82720266638063,54.553573152130795,5.769716992902269,5.769716992902269,97.0,100.0,97.17157287525382,88.72315826273659,Muy rapida,Alta,Muy estable,Rapido defensivo
HL,HECLA MINING CO/DE/,Stock,NYSE,1400,USD,17.299999237060547,6,6,100.0,0.046332653544001616,0.0409554851284495,1.4406536917590602,2026-05-22,3.0,2.8333333333333335,1.6020819787597222,517.5658125366841,512.432486878595,985.6999720193764,414.9264769592097,5.637139514520197,5.637139514520197,97.0,100.0,98.39791802124027,88.90602035673004,Muy rapida,Alta,Muy estable,Rapido defensivo
BDC,BELDEN INC.,Stock,NYSE,3357,USD,114.7699966430664,6,6,100.0,0.042831381984928314,0.04205680277689735,-0.1751164632146723,2026-06-16,3.0,8.0,10.69579356569675,427.87760335371013,174.58709627098398,1176.701748232898,527.3112674614056,5.211151474832945,5.211151474832945,97.0,100.0,89.30420643430325,87.5384623471304,Muy rapida,Alta,Estable,Rapido defensivo
HEI,HEICO CORP,Stock,NYSE,3724,USD,329.3099975585937,3,3,100.0,0.03980050571949017,0.0365853658536585,0.6975087695721841,2026-01-05,3.0,13.0,19.078784028338912,209.50348032191152,138.49552934661585,459.23791589710896,222.88177775584455,4.8423948625379705,4.8423948625379705,97.0,100.0,80.92121597166108,86.27798290146865,Muy rapida,Alta,Variable,Rapido defensivo
ENSG,"ENSIGN GROUP, INC",Stock,Nasdaq,8051,USD,158.19000244140625,11,11,100.0,0.039272571150811,0.0367813487726397,0.29127960701131445,2026-06-30,3.0,2.8181818181818183,2.2723636072680717,176.01003212944795,88.37000574831924,501.8491753752722,136.16722532623308,4.778162823348672,4.778162823348672,97.0,100.0,97.72763639273192,88.7984180300606,Muy rapida,Alta,Muy estable,Rapido defensivo
DWAS,Invesco Dorsey Wright SmallCap Momentum ETF,ETF/Fund,,,USD,92.22000122070312,3,3,100.0,0.0278402082974949,0.0121995850324256,1.9093345432502862,2025-09-22,3.0,3.0,0.0,235.6895947716467,204.83030794694304,386.7560562334113,138.24459518573053,3.3872253428618797,3.3872253428618797,97.0,100.0,100.0,89.12784020829748,Muy rapida,Alta,Muy estable,Rapido defensivo
PSCH,Invesco S&P SmallCap Health Care ETF,ETF/Fund,,,USD,39.619998931884766,4,4,100.0,0.011345439712539825,0.00565849831700415,1.1910595152642045,2026-03-23,3.0,3.0,0.0,146.29260285550393,146.32584170426267,251.935171250274,86.53308997023474,1.380361831692345,1.380361831692345,97.0,100.0,100.0,89.11134543971254,Muy rapida,Alta,Muy estable,Rapido defensivo
PSCT,Invesco S&P SmallCap Information Technology ETF,ETF/Fund,,,USD,52.93000030517578,3,3,100.0,0.0101164796862565,0.0073493292604791,2.0984314483222017,2025-09-22,3.0,3.0,0.0,256.53999790769575,216.96539250733787,404.5858275536827,132.75865990116836,1.2308383618278742,1.2308383618278742,97.0,100.0,100.0,89.11011647968625,Muy rapida,Alta,Muy estable,Rapido defensivo
CAG,CONAGRA BRANDS INC.,Stock,NYSE,2000,USD,14.229999542236328,6,6,100.0,1.8338820187362093,1.8703781027447568,-0.655292479486589,2026-04-30,3.5,4.666666666666667,4.844240566555987,504.41238140400156,378.2596415999592,1205.553842858594,429.2181356740091,191.24769623963326,191.24769623963326,96.5,100.0,95.15575943344402,90.05724593375281,Muy rapida,Alta,Muy estable,Rapido y rentable
EVC,ENTRAVISION COMMUNICATIONS CORP,Stock,NYSE,4833,USD,9.220000267028809,6,6,100.0,1.775026219777111,1.7968068514810458,0.29086013168160674,2026-06-16,3.5,10.833333333333334,19.712094426180762,707.2404686096329,412.90862230008065,2658.941336239829,971.4952050790764,185.1098772053273,185.1098772053273,96.5,100.0,80.28790557381924,87.76821205585,Muy rapida,Alta,Variable,Rapido y rentable
PEBO,PEOPLES BANCORP INC,Stock,Nasdaq,6022,USD,34.630001068115234,12,12,100.0,1.325049293216027,1.317378610461423,-1.087356586898639,2026-05-04,3.5,7.833333333333333,8.472772792178414,175.18692542071008,189.0056545558249,272.1050039066256,78.77839941321582,138.18371200681423,138.18371200681423,96.5,100.0,91.52722720782158,89.00413337438927,Muy rapida,Alta,Estable,Rapido y rentable
JCAP,"Jefferson Capital, Inc. / DE",Stock,Nasdaq,6153,USD,17.290000915527344,8,8,100.0,1.2538914245236839,1.2532543281768898,0.27969026906847405,2026-05-26,3.5,6.0,5.606119105813881,237.76744284997972,180.5591613777423,561.537908494285,214.48381928881054,130.76296284318417,130.76296284318417,96.5,100.0,94.39388089418613,89.3629735586516,Muy rapida,Alta,Estable,Rapido y rentable
NRIM,NORTHRIM BANCORP INC,Stock,Nasdaq,6035,USD,25.40999984741211,12,12,100.0,1.244248033895598,0.6770925431868113,-0.4991947658317864,2026-06-11,3.5,15.833333333333334,20.71816652704636,367.50882915118785,306.1475195655236,1338.7591754308246,399.096161810844,129.75729496339807,129.75729496339807,96.5,100.0,79.28183347295364,87.08652305483865,Muy rapida,Alta,Variable,Rapido y rentable
PTEN,PATTERSON UTI ENERGY INC,Stock,Nasdaq,1381,USD,11.210000038146973,12,12,100.0,1.20549871397582,1.2760122151307014,-0.6205923937960446,2026-06-01,3.5,6.333333333333333,6.020168124099546,335.85211879196726,374.5076191892773,586.1723503487804,214.68269495056066,125.71629445747836,125.71629445747836,96.5,100.0,93.97983187590046,89.25247349536089,Muy rapida,Alta,Estable,Rapido y rentable
XRAY,DENTSPLY SIRONA Inc.,Stock,Nasdaq,3843,USD,11.220000267028809,8,8,100.0,1.1856236783946281,1.1582348960401356,-0.3131027873629082,2025-12-26,3.5,12.5,18.275666882497067,486.7965054629952,533.7965894747981,855.6996180291476,357.26734577045244,123.64361217543977,123.64361217543977,96.5,100.0,81.72433311750294,87.39427364602008,Muy rapida,Alta,Variable,Rapido y rentable
IMMR,IMMERSION CORP,Stock,Nasdaq,3577,USD,6.449999809265137,12,12,100.0,1.1715994161763736,0.8967908515354324,-0.2557108313620025,2026-04-20,3.5,3.5,1.4459976109624424,298.70808929188826,267.94105679687897,623.291954682492,177.499248406816,122.18108197267897,122.18108197267897,96.5,100.0,98.55400238903756,89.90469977453202,Muy rapida,Alta,Muy estable,Rapido y rentable
SFD,SMITHFIELD FOODS INC,Stock,Nasdaq,2011,USD,25.229999542236328,12,12,100.0,1.1363987610404567,1.1296073672328566,-0.4108618527534243,2026-05-14,3.5,6.5,7.692971999287284,473.3055098213916,316.977456679865,1270.4161203217825,440.8764764417614,118.51015650850476,118.51015650850476,96.5,100.0,92.30702800071272,88.93245296114736,Muy rapida,Alta,Estable,Rapido y rentable
AUBN,"AUBURN NATIONAL BANCORPORATION, INC",Stock,Nasdaq,6022,USD,25.0,12,12,100.0,1.1327489442001946,1.0953270381150406,-0.6760333142832801,2026-06-10,3.5,5.666666666666667,5.773502691896256,925.5909671028985,383.2494757637145,3460.2005569458006,1246.2257990183707,118.129532752306,118.129532752306,96.5,100.0,94.22649730810375,89.21672354041576,Muy rapida,Alta,Estable,Rapido y rentable
DGICA,DONEGAL GROUP INC,Stock,Nasdaq,6331,USD,16.81999969482422,12,12,100.0,1.0431424546998165,1.0200699826803843,-1.2103588935962053,2026-05-01,3.5,4.833333333333333,3.880799667672381,245.9782192929915,221.1950923828507,458.4004272203945,136.91058708257466,108.78485599012373,108.78485599012373,96.5,100.0,96.11920033232762,89.41102250454897,Muy rapida,Alta,Muy estable,Rapido y rentable
PANL,Pangaea Logistics Solutions Ltd.,Stock,Nasdaq,4412,USD,7.570000171661377,12,12,100.0,0.9819710671362244,0.8251685157768498,-0.6823510989888709,2026-06-01,3.5,5.5,4.814750064314676,205.92565694352427,160.19863007776385,511.86590948839023,148.30698492351107,102.40555414420625,102.40555414420625,96.5,100.0,95.18524993568532,89.20975855748902,Muy rapida,Alta,Muy estable,Rapido y rentable
CRI,CARTERS INC,Stock,NYSE,2300,USD,37.22999954223633,6,6,100.0,0.9800496202366186,0.8116930055131066,0.8220234158216809,2026-05-26,3.5,2.8333333333333335,1.4719601443879744,455.5528520228889,355.0117036848984,946.2638623022536,295.5126078916962,102.20517468181879,102.20517468181879,96.5,100.0,98.52803985561202,89.70925559857842,Muy rapida,Alta,Muy estable,Rapido y rentable
AROW,ARROW FINANCIAL CORP,Stock,Nasdaq,6021,USD,36.38999938964844,12,12,100.0,0.9588446529071186,0.9886835610132128,-0.9187178635800862,2026-05-12,3.5,13.0,20.688160865577203,131.58798440281114,143.657680860614,235.6362571588681,81.99138629546805,99.99379951745665,99.99379951745665,96.5,100.0,79.3118391344228,86.80562052307054,Muy rapida,Alta,Variable,Rapido y rentable
HBAN,HUNTINGTON BANCSHARES INC /MD/,Stock,Nasdaq,6021,USD,17.31999969482422,12,12,100.0,0.9486845156693221,0.9410901714251684,-1.1906944547066398,2026-06-17,3.5,4.0,2.5584085962673253,222.1648435013332,174.3547330608361,554.9352902168228,172.5557794625682,98.93424234837217,98.93424234837217,96.5,100.0,97.44159140373267,89.51492322622923,Muy rapida,Alta,Muy estable,Rapido y rentable
SLVM,Sylvamo Corp,Stock,NYSE,2621,USD,42.02000045776367,6,6,100.0,0.8718850493004814,0.9076319404801949,-0.8632816790214495,2026-04-07,3.5,10.333333333333334,15.05545305418162,407.08562526245254,157.82634421283976,1324.875398917382,509.64619649311845,90.92515514133592,90.92515514133592,96.5,100.0,84.94454694581839,87.56356709117325,Muy rapida,Alta,Variable,Rapido y rentable
ESP,ESPEY MFG & ELECTRONICS CORP,Stock,NYSE,3679,USD,59.2599983215332,6,6,100.0,0.8709227387556274,0.5894126522746872,-0.6079560566155403,2026-06-15,3.5,3.3333333333333335,2.0655911179772892,494.907225482368,231.25756710491606,1955.944393344225,726.3846109966094,90.82479989880113,90.82479989880113,96.5,100.0,97.93440888202271,89.51108407105903,Muy rapida,Alta,Muy estable,Rapido y rentable
STBA,S&T BANCORP INC,Stock,Nasdaq,6022,USD,43.720001220703125,12,12,100.0,0.8695931233845671,0.8721920246749169,-0.4427678111359829,2026-05-14,3.5,4.5,3.801913393877542,259.6052159855148,258.92069781980246,484.89379262593866,184.6612815488557,90.68614001010485,90.68614001010485,96.5,100.0,96.19808660612246,89.24930611430293,Muy rapida,Alta,Muy estable,Rapido y rentable
OGS,"ONE Gas, Inc.",Stock,NYSE,4924,USD,82.37000274658203,6,6,100.0,0.8566438658678321,0.8556589911549006,-0.08893746862552847,2026-05-18,3.5,4.333333333333333,2.6583202716502514,256.80180715738135,161.15058350723632,762.4134131276454,252.08236924707742,89.3357174405025,89.3357174405025,96.5,100.0,97.34167972834975,89.4078958251203,Muy rapida,Alta,Muy estable,Rapido y rentable
CWH,"Camping World Holdings, Inc.",Stock,NYSE,5500,USD,10.350000381469728,4,4,100.0,0.8496146931015447,0.7636237002015841,-0.6191944577821927,2025-12-15,3.5,8.25,11.236102527122116,558.340222184921,259.26495138933564,1601.2755260697886,705.1075744871359,88.60267513773252,88.60267513773252,96.5,100.0,88.76389747287789,88.11419931403323,Muy rapida,Alta,Estable,Rapido y rentable
BCML,BayCom Corp,Stock,Nasdaq,6022,USD,32.310001373291016,12,12,100.0,0.8480006604975406,0.8789837962024925,-1.077054383728188,2026-06-11,3.5,6.166666666666667,5.98229711631567,346.0717701483442,197.40516458268638,1211.9590204123192,431.67613792775154,88.43435459474351,88.43435459474351,96.5,100.0,94.01770288368434,88.9006560930502,Muy rapida,Alta,Estable,Rapido y rentable
CRC,California Resources Corp,Stock,NYSE,1311,USD,60.959999084472656,6,6,100.0,0.798220839195385,0.81447397284372,-0.13392188203552782,2026-05-29,3.5,4.5,4.847679857416329,424.77285356079796,171.1220413730751,1597.141847855857,588.6353326646393,83.243030373233,83.243030373233,96.5,100.0,95.15232014258368,89.02106886058293,Muy rapida,Alta,Muy estable,Rapido y rentable
STC,STEWART INFORMATION SERVICES CORP,Stock,NYSE,6361,USD,65.22000122070312,6,6,100.0,0.7556153535953564,0.7560654165509231,-0.7657176525245849,2026-06-15,3.5,4.833333333333333,3.060501048303475,123.51704948654795,134.48911027838483,214.59936948903007,67.3600323635115,78.7998868749443,78.7998868749443,96.5,100.0,96.93949895169652,89.24654019634984,Muy rapida,Alta,Muy estable,Rapido y rentable
ICOP,iShares Copper and Metals Mining ETF,ETF/Fund,US Listed,,USD,54.209999084472656,4,4,100.0,0.7442709852422161,0.7637452469207975,0.45544606303123647,2026-06-15,3.5,5.25,5.315072906367325,288.37225647354234,288.21748712197865,460.3878401603585,177.05431425164096,77.61683131811682,77.61683131811682,96.5,100.0,94.68492709363268,88.89701004928712,Muy rapida,Alta,Estable,Rapido y rentable
MTDR,Matador Resources Co,Stock,NYSE,1311,USD,55.56999969482422,6,6,100.0,0.7280879774881476,0.7041805116335206,0.27102875578361824,2026-05-08,3.5,6.166666666666667,7.25028735062733,398.42460802055365,183.62664739220318,1585.1994432479205,591.3870905162848,75.92917479519254,75.92917479519254,96.5,100.0,92.74971264937267,88.59054487489405,Muy rapida,Alta,Estable,Rapido y rentable
TXN,TEXAS INSTRUMENTS INC,Stock,Nasdaq,3674,USD,280.8900146484375,12,12,100.0,0.7227169653668898,0.7258330647706961,-1.0331377388945036,2026-05-05,3.5,6.833333333333333,7.0945988845975885,255.38057651361476,254.84410312563148,538.941178226484,185.88851226091725,75.36905495968993,75.36905495968993,96.5,100.0,92.90540111540241,88.60852713267725,Muy rapida,Alta,Estable,Rapido y rentable
AEE,AMEREN CORP,Stock,NYSE,4931,USD,107.1500015258789,6,6,100.0,0.7091794596354947,0.7124660398213455,-0.5630463060860486,2026-06-09,3.5,5.333333333333333,4.676180777800049,197.57338362511373,129.56690555671628,541.6226365520976,183.11492262104733,73.95728650484445,73.95728650484445,96.5,100.0,95.32381922219994,88.95775234296549,Muy rapida,Alta,Muy estable,Rapido y rentable
CURB,Curbline Properties Corp.,Stock,NYSE,6500,USD,30.01000022888184,6,6,100.0,0.6872830306939798,0.6991586466748421,-0.6037485611741179,2026-06-18,3.5,8.5,9.813256340277675,189.7648528990343,139.73368105688166,439.7603585487178,170.68114509884273,71.67380177237217,71.67380177237217,96.5,100.0,90.18674365972232,88.16529457965233,Muy rapida,Alta,Estable,Rapido y rentable
FER,Ferrovial N.V. Ordinary Shares,Other Unmatched,,,USD,67.19000244140625,4,4,100.0,0.6621943088301642,0.7746370931524809,-0.691519518540884,2026-05-19,3.5,10.75,15.521490478258418,132.04224105217304,142.34491974887516,235.8664303019237,101.54350810008363,69.05740649228855,69.05740649228855,96.5,100.0,84.47850952174159,87.28397073709141,Muy rapida,Alta,Variable,Rapido y rentable
NOV,NOV Inc.,Stock,NYSE,3533,USD,21.1200008392334,8,8,100.0,0.6535064445116945,0.5084332347344982,-0.15990569294805843,2026-06-12,3.5,5.125,4.940720016932176,369.9147205849307,145.1905218439525,1004.468587985285,404.50200212014676,68.15138635621956,68.15138635621956,96.5,100.0,95.05927998306782,88.86239844197186,Muy rapida,Alta,Muy estable,Rapido y rentable
AWR,AMERICAN STATES WATER CO,Stock,NYSE,4941,USD,75.72000122070312,6,6,100.0,0.6518652011180587,0.6670225658178295,0.2980567996552161,2026-05-18,3.5,13.833333333333334,23.676289123649987,113.464640376254,140.09596948238382,177.47879347764544,71.76738966405128,67.98022811659754,67.98022811659754,96.5,100.0,76.32371087635002,86.05042183257056,Muy rapida,Alta,Variable,Rapido y rentable
QQQS,Invesco NASDAQ Future Gen 200 ETF,ETF/Fund,US Listed,,USD,42.42599868774414,6,6,100.0,0.6495378430442892,0.300716143003368,0.7067138788501733,2026-06-22,3.5,6.333333333333333,5.573747990954261,213.13857246544697,272.6389126638401,309.26395715377004,118.03360663154184,67.73751791747587,67.73751791747587,96.5,100.0,94.42625200904574,88.76347564440115,Muy rapida,Alta,Estable,Rapido y rentable
WTTR,"Select Water Solutions, Inc.",Stock,NYSE,1389,USD,17.0,6,6,100.0,0.6263548445005378,0.5984098357965084,0.6528018061394613,2026-04-30,3.5,8.333333333333334,12.863384728238001,788.1112470014814,487.45980483489996,2626.551411169775,977.1348371398864,65.31986235505609,65.31986235505609,96.5,100.0,87.136615271762,87.64684713526485,Muy rapida,Alta,Estable,Rapido y rentable
PSCE,Invesco S&P SmallCap Energy ETF,ETF/Fund,US Listed,,USD,55.869998931884766,6,6,100.0,0.6230583335090595,0.5894306445187689,-0.3939088606993309,2026-06-22,3.5,6.166666666666667,6.794605703546503,138.34035531089128,127.25907211792529,244.63345595644816,85.36573004792392,64.97608335165906,64.97608335165906,96.5,100.0,93.20539429645349,88.5538674779771,Muy rapida,Alta,Estable,Rapido y rentable
C,CITIGROUP INC,Stock,NYSE,6021,USD,127.44000244140624,6,6,100.0,0.6194098616913992,0.6230454431605177,-0.5090203125315124,2026-05-04,3.5,4.166666666666667,1.4719601443879746,113.29347275342919,115.19182218406092,138.74749595743305,17.76374528119368,64.59559986210306,64.59559986210306,96.5,100.0,98.52803985561202,89.3486158400332,Muy rapida,Alta,Muy estable,Rapido y rentable
FIP,FTAI Infrastructure Inc.,Stock,Nasdaq,4011,USD,4.630000114440918,12,12,100.0,0.6128338118237847,0.5998370221450334,-1.415185782199485,2026-05-18,3.5,4.0,3.5161962919661303,434.4134381275339,378.8248237480137,922.987885814708,348.6129381552878,63.909811804480405,63.909811804480405,96.5,100.0,96.48380370803388,89.03540436802888,Muy rapida,Alta,Muy estable,Rapido y rentable
CL,COLGATE PALMOLIVE CO,Stock,NYSE,2844,USD,85.80999755859375,6,6,100.0,0.6013781595758906,0.602335542034126,-0.16387604749690435,2026-04-20,3.5,5.5,5.394441583704471,376.2057680508912,177.8919630216216,987.7535574123578,384.9511790837355,62.715150927200014,62.715150927200014,96.5,100.0,94.60555841629552,88.74221192202022,Muy rapida,Alta,Estable,Rapido y rentable
IRDM,Iridium Communications Inc.,Stock,Nasdaq,4899,USD,47.31999969482422,12,12,100.0,0.5917973929302653,0.5554045663431695,-1.5329257117902182,2026-06-15,3.5,9.666666666666666,10.048367875913828,178.06501409062307,112.61480682728381,369.30816390917744,132.08180732904805,61.71601383415625,61.71601383415625,96.5,100.0,89.95163212408617,88.03454221154318,Muy rapida,Alta,Estable,Rapido y rentable
RPRX,Royalty Pharma plc,Stock,Nasdaq,2834,USD,53.400001525878906,12,12,100.0,0.5736363900264148,0.5782387310413983,0.022326938170203075,2026-05-15,3.5,4.5,3.9886201760873283,321.609242266964,149.11822927748238,1234.30123831389,440.9213156517237,59.822080674183255,59.822080674183255,96.5,100.0,96.01137982391268,88.92534336361331,Muy rapida,Alta,Muy estable,Rapido y rentable
LEG,LEGGETT & PLATT INC,Stock,NYSE,2510,USD,10.600000381469728,6,6,100.0,0.509774098612222,0.5047332444221517,-0.43295029698218124,2026-06-15,3.5,6.0,6.572670690061994,225.03402321976992,129.23465059167853,776.5952441370513,282.67037341529766,53.16215599813172,53.16215599813172,96.5,100.0,93.427329309938,88.47387349510292,Muy rapida,Alta,Estable,Rapido y rentable
MNSB,"MainStreet Bancshares, Inc.",Stock,Nasdaq,6022,USD,23.8700008392334,12,12,100.0,0.5076926469673915,0.5170167890832245,-0.6450245149039372,2026-05-04,3.5,11.0,13.031430536137687,152.02122003816876,73.95033724223092,385.2213198690965,166.9364827226133,52.94509032659939,52.94509032659939,96.5,100.0,86.96856946386231,87.50297806654673,Muy rapida,Alta,Estable,Rapido y rentable
BK,Bank of New York Mellon Corp,Stock,NYSE,6022,USD,134.0500030517578,6,6,100.0,0.5034735701948887,0.510472617427614,-0.6898556556493246,2026-04-27,3.5,4.0,2.1908902300206643,170.0908603375715,84.93869046490494,540.3609878085375,183.27307474941188,52.50510089175268,52.50510089175268,96.5,100.0,97.80910976997933,89.12484003569179,Muy rapida,Alta,Muy estable,Rapido y rentable
KBWP,Invesco KBW Property & Casualty Insurance ETF,ETF/Fund,US Listed,,USD,120.47000122070312,6,6,100.0,0.47820676771844933,0.4443046706123478,0.294504029030686,2026-06-22,3.5,5.833333333333333,5.52871293039046,113.47480994238181,121.70150288961749,201.1435504829438,78.67798257964483,49.87013434778114,49.87013434778114,96.5,100.0,94.47128706960955,88.59889982815989,Muy rapida,Alta,Estable,Rapido y rentable
QSOL,Invesco Galaxy Solana ETF,Stock,CBOE,6221,USD,7.0,2,2,100.0,0.46397904207524204,0.46397904207524204,3.33484414188567,2026-06-22,3.5,3.5,0.7071067811865476,387.45206709836634,387.45206709836634,448.4285217012678,86.23372908485062,48.3863858164181,48.3863858164181,96.5,100.0,99.29289321881345,89.30791302489726,Muy rapida,Alta,Muy estable,Rapido y rentable
HPK,"HighPeak Energy, Inc.",Stock,Nasdaq,1381,USD,6.710000038146973,8,8,100.0,0.4574130402303986,0.46196472831494595,-0.1557944308493478,2025-12-01,3.5,10.75,13.739931378493644,236.44886098091533,278.6577860910966,380.7750989146921,153.47462160402878,47.70164562402728,47.70164562402728,96.5,100.0,86.26006862150635,87.34642333345634,Muy rapida,Alta,Estable,Rapido y rentable
QSIX,Pacer Metaurus Nasdaq 100 Dividend Multiplier 600 ETF,ETF/Fund,US Listed,,USD,43.06399917602539,14,14,100.0,0.45540334622989315,0.3517012879057803,-0.16606157778731848,2026-06-30,3.5,12.142857142857142,21.795755207263294,205.11894399876005,103.52469430589152,1146.8315348322517,314.7810912678884,47.492063249688854,47.492063249688854,96.5,100.0,78.2042447927367,86.13604006514039,Muy rapida,Alta,Variable,Rapido y rentable
IUSV,iShares Core S&P U.S. Value ETF,ETF/Fund,US Listed,,USD,110.87999725341795,6,6,100.0,0.4432714176836226,0.43647968523871217,-0.3776794967116455,2026-06-15,3.5,4.5,2.949576240750525,70.93702473755823,59.8679304741343,138.87407417049195,39.48136381137274,46.22687641557779,46.22687641557779,96.5,100.0,97.05042375924947,88.95083498157105,Muy rapida,Alta,Muy estable,Rapido y rentable
ERIE,ERIE INDEMNITY CO,Stock,Nasdaq,6411,USD,254.3300018310547,12,12,100.0,0.4337766863701354,0.41380742711358376,-1.1156069945142177,2026-04-07,3.5,4.166666666666667,3.040135563165604,215.4511204355565,167.36580788415694,652.8930179875435,220.9561236058227,45.23671157859983,45.23671157859983,96.5,100.0,96.9598644368344,88.9277563518953,Muy rapida,Alta,Muy estable,Rapido y rentable
HIG,"HARTFORD INSURANCE GROUP, INC.",Stock,NYSE,6331,USD,127.12999725341795,6,6,100.0,0.4281679766180028,0.43195295389804705,0.025808664458857416,2026-06-01,3.5,5.833333333333333,5.52871293039046,92.53048454969395,63.28668851906442,206.75493964814308,67.57963320347474,44.651803275877434,44.651803275877434,96.5,100.0,94.47128706960955,88.54886103705944,Muy rapida,Alta,Estable,Rapido y rentable
SXT,SENSIENT TECHNOLOGIES CORP,Stock,NYSE,2860,USD,118.1999969482422,6,6,100.0,0.42670779901766887,0.43018036850243213,-0.17187095276304842,2026-05-11,3.5,11.666666666666666,13.937957765277762,214.1568422728278,191.1499281593575,646.4039168154195,231.79152808387735,44.4995276118426,44.4995276118426,96.5,100.0,86.06204223472224,87.28601413422601,Muy rapida,Alta,Estable,Rapido y rentable
SPFI,"SOUTH PLAINS FINANCIAL, INC.",Stock,Nasdaq,6022,USD,43.220001220703125,12,12,100.0,0.41456059352184416,0.41182485376275296,-0.5298532339540637,2026-04-27,3.5,12.0,14.396969378057568,104.09792953742185,57.2190284105954,382.5810361441805,133.0945151159316,43.23274761013518,43.23274761013518,96.5,100.0,85.60303062194244,87.20501518681321,Muy rapida,Alta,Estable,Rapido y rentable
ADI,ANALOG DEVICES INC,Stock,Nasdaq,3674,USD,402.6900024414063,12,12,100.0,0.3696038503489738,0.37294285728163823,-0.27812259728791794,2026-06-02,3.5,23.666666666666668,34.21677773823653,388.58198429905866,93.54270204304697,1958.7408469622549,736.9404326408799,38.54440153639298,38.54440153639298,96.5,100.0,65.78322226176347,84.18708718961351,Muy rapida,Alta,Variable,Rapido y rentable
HUM,HUMANA INC,Stock,NYSE,6324,USD,376.0,6,6,100.0,0.3543514811940658,0.34460284234320926,-0.4411156470160393,2026-06-26,3.5,5.0,4.774934554525329,302.30288362876945,170.8364218211294,846.9743785452335,295.71108105932785,36.953797324524,36.953797324524,96.5,100.0,95.22506544547467,88.58811129801528,Muy rapida,Alta,Muy estable,Rapido y rentable
NGS,NATURAL GAS SERVICES GROUP INC,Stock,NYSE,1389,USD,43.38999938964844,4,4,100.0,0.3528529836577707,0.3503274964000027,-0.03553197893590887,2026-05-20,3.5,10.75,16.33758448078132,421.7032544557968,218.564134240347,1228.293999847222,559.961182632921,36.79752543859609,36.79752543859609,96.5,100.0,83.66241551921868,86.85221531154058,Muy rapida,Alta,Variable,Rapido y rentable
CDL,VictoryShares US Large Cap High Div Volatility Wtd ETF,ETF/Fund,US Listed,,USD,75.87000274658203,18,18,100.0,0.26706816596640426,0.29566385935771067,-0.2367381174069524,2026-06-09,3.5,5.944444444444445,7.959250794051811,128.84424864957484,56.15549087017439,556.711262472358,156.99136309985383,27.85139445078216,27.85139445078216,96.5,100.0,92.04074920594819,88.02318054685864,Muy rapida,Alta,Estable,Rapido y rentable
SUSL,iShares ESG MSCI USA Leaders ETF,ETF/Fund,US Listed,,USD,131.32000732421875,6,6,100.0,0.25942726461024085,0.2609259307158752,-0.09856987008593938,2026-06-15,3.5,7.166666666666667,7.909909396868378,77.55071211840247,57.489718138070785,205.1389195241068,71.41139210510498,27.054557595067973,27.054557595067973,96.5,100.0,92.09009060313163,88.02294085507998,Muy rapida,Alta,Estable,Rapido y rentable
ROE,Astoria US Equal Weight Quality Kings ETF,ETF/Fund,US Listed,,USD,41.93199920654297,6,6,100.0,0.2511937935627758,0.22454154677814792,-0.34125159608632566,2026-06-29,3.5,3.3333333333333335,1.7511900715418263,152.9505501272514,102.18302877736275,489.1113581144978,170.54452606053187,26.195924185832336,26.195924185832336,96.5,100.0,98.24880992845817,88.9385152828315,Muy rapida,Alta,Muy estable,Rapido y rentable
QQXL,ProShares Ultra QQQ Top 30,ETF/Fund,US Listed,,USD,55.790000915527344,4,4,100.0,0.24861687308721286,0.17691329958117147,-0.23901968893558995,2026-06-24,3.5,3.75,3.2015621187164243,237.83464081503072,168.75049360917558,580.0974903875373,238.20351549033018,25.927188193380772,25.927188193380772,96.5,100.0,96.79843788128358,88.71838255527975,Muy rapida,Alta,Muy estable,Rapido y rentable
NNI,NELNET INC,Stock,NYSE,6141,USD,130.57000732421875,6,6,100.0,0.2472845127613763,0.25068075657764755,1.0893513461166309,2026-06-01,3.5,5.0,3.9496835316262997,619.2931674965472,50.14846118020513,3487.987218975681,1405.681085473703,25.788242045114956,25.788242045114956,96.5,100.0,96.0503164683737,88.60483198301743,Muy rapida,Alta,Muy estable,Rapido y rentable
USXF,iShares ESG Advanced MSCI USA ETF,ETF/Fund,US Listed,,USD,67.51000213623047,6,6,100.0,0.23299048297195213,0.2192826114419711,0.09879522511944043,2026-06-15,3.5,4.166666666666667,2.401388487243717,115.74903713004613,76.46742269861333,296.21770119738886,96.56015653449188,24.29757893850358,24.29757893850358,96.5,100.0,97.59861151275628,88.8227822098854,Muy rapida,Alta,Muy estable,Rapido defensivo
AON,Aon plc,Stock,NYSE,6411,USD,311.6499938964844,4,4,100.0,0.21614208444137148,0.2097118223995889,-0.12465488062675939,2026-05-01,3.5,3.25,0.9574271077563381,131.98908475550826,129.58899394569477,155.35606446531693,19.111121041530023,22.5405316631716,22.5405316631716,96.5,100.0,99.04257289224367,89.02252801827792,Muy rapida,Alta,Muy estable,Rapido defensivo
IALT,iShares Systematic Alternatives Active ETF,ETF/Fund,US Listed,,USD,28.46999931335449,2,2,100.0,0.20653044352659994,0.20653044352659994,-0.08529656647730235,2026-06-15,3.5,3.5,0.7071067811865476,31.281635108195612,31.281635108195612,46.63320054586662,21.710392045612398,21.538174824916847,21.538174824916847,96.5,100.0,99.29289321881345,89.05046442634863,Muy rapida,Alta,Muy estable,Rapido defensivo
DAK,Dakota Active Equity ETF,ETF/Fund,US Listed,,USD,28.524999618530277,4,4,100.0,0.20506351495624311,0.19742132067523194,0.03922103033103361,2026-06-29,3.5,3.0,1.4142135623730951,110.46048594375705,108.0241250561919,190.85078163634256,64.46549700874783,21.385195131151068,21.385195131151068,96.5,100.0,98.58578643762691,88.94293148060028,Muy rapida,Alta,Muy estable,Rapido defensivo
IDEF,iShares Defense Industrials Active ETF,ETF/Fund,US Listed,,USD,32.29999923706055,2,2,100.0,0.1696895774694161,0.1696895774694161,-0.014565419482921171,2026-06-15,3.5,3.5,0.7071067811865476,137.40243056368075,137.40243056368075,140.95580684939344,5.025232935469826,17.69619879323911,17.69619879323911,96.5,100.0,99.29289321881345,89.01362356029144,Muy rapida,Alta,Muy estable,Rapido defensivo
UFO,Procure Space ETF,ETF/Fund,US Listed,,USD,46.18999862670898,4,4,100.0,0.16807689601242645,0.1786050671716951,1.4090370859683434,2026-06-29,3.5,13.75,22.201726659579126,298.32694650896326,193.51962449886219,805.533055991152,373.24354257915115,17.528019155581614,17.528019155581614,96.5,100.0,77.79827334042088,85.78781789707556,Muy rapida,Alta,Variable,Rapido defensivo
QQLV,Invesco QQQ Low Volatility ETF,ETF/Fund,US Listed,,USD,24.322999954223636,18,18,100.0,0.15304297976024894,0.14291554920397304,-0.013958922771682881,2026-06-22,3.5,4.111111111111111,1.7452081921613043,57.85005845124738,44.2772288012195,220.4561606415606,47.987763753040056,15.960196460711675,15.960196460711675,96.5,100.0,98.2547918078387,88.84126175093606,Muy rapida,Alta,Muy estable,Rapido defensivo
THMZ,Lazard Equity Megatrends ETF,ETF/Fund,US Listed,,USD,33.17599868774414,4,4,100.0,0.14404730947852018,0.11968099940333045,-0.2037360389442841,2026-06-18,3.5,5.25,5.678908345800274,262.3680754067467,155.92855312212583,733.63184075593,325.5774354117115,15.02207655990282,15.02207655990282,96.5,100.0,94.32109165419973,88.24221105760849,Muy rapida,Alta,Estable,Rapido defensivo
IUSG,iShares Core S&P U.S. Growth ETF,ETF/Fund,US Listed,,USD,184.83999633789065,6,6,100.0,0.13781259006525517,0.14084515890630167,0.26184335855149005,2026-06-15,3.5,3.6666666666666665,1.96638416050035,134.42035769742375,96.20194580025354,342.643738404495,106.82130599818268,14.371884392519467,14.371884392519467,96.5,100.0,98.03361583949965,88.7928549659902,Muy rapida,Alta,Muy estable,Rapido defensivo
HCC,"WARRIOR MET COAL, INC.",Stock,NYSE,1220,USD,89.8499984741211,6,6,100.0,0.12625463136327966,0.1162246185016782,1.2567397821643749,2026-05-01,3.5,6.833333333333333,9.45339445208263,366.0504481265022,215.68357928985586,966.2771999092377,379.8898151029581,13.166554413599163,13.166554413599163,96.5,100.0,90.54660554791737,87.65824546355088,Muy rapida,Alta,Estable,Rapido defensivo
PFOE,Pathfinder Focused Opportunities ETF,ETF/Fund,US Listed,,USD,22.940000534057617,2,2,100.0,0.1104106012688651,0.1104106012688651,0.2800187545209286,2026-06-29,3.5,3.5,0.7071067811865476,219.24709536346302,219.24709536346302,344.619327261573,177.30311069529188,11.514248418038788,11.514248418038788,96.5,100.0,99.29289321881345,88.95434458409089,Muy rapida,Alta,Muy estable,Rapido defensivo
AAPL,Apple Inc.,Stock,Nasdaq,3571,USD,293.32000732421875,12,12,100.0,0.10608888757678021,0.10333621685965586,0.6864903458955222,2026-05-11,3.5,16.833333333333332,31.376984423541266,152.87904614892318,38.36032868257716,767.2724564034778,287.69078114748515,11.063555418721364,11.063555418721364,96.5,100.0,68.62301557645873,84.34954122404558,Muy rapida,Alta,Variable,Rapido defensivo
CFA,VictoryShares US 500 Volatility Wtd ETF,ETF/Fund,US Listed,,USD,96.20999908447266,18,18,100.0,0.10516230650353248,0.10976841751431066,-0.21068506272462206,2026-06-09,3.5,10.055555555555555,16.173588572739863,104.59179442236353,43.35898556879853,328.78643561272565,120.75501349089603,10.966926249654103,10.966926249654103,96.5,100.0,83.82641142726014,86.62912402059256,Muy rapida,Alta,Variable,Rapido defensivo
MCK,MCKESSON CORP,Stock,NYSE,5122,USD,742.4400024414062,6,6,100.0,0.10259195709527281,0.10456245043493835,-0.28502692417507747,2026-06-01,3.5,14.666666666666666,26.643323116057925,74.65842342702747,65.64814686906593,125.60955646367132,31.060703015976344,10.69887552564988,10.69887552564988,96.5,100.0,73.35667688394207,85.05609348968659,Muy rapida,Alta,Variable,Rapido defensivo
PFDE,Pathfinder Disciplined US Equity ETF,ETF/Fund,US Listed,,USD,27.34199905395508,2,2,100.0,0.10194749119227725,0.10194749119227725,0.1740276123929299,2026-06-29,3.5,3.5,0.7071067811865476,196.49742008847676,196.49742008847676,242.59095131186015,65.18609699377654,10.6316669386232,10.6316669386232,96.5,100.0,99.29289321881345,88.9458814740143,Muy rapida,Alta,Muy estable,Rapido defensivo
TMO,THERMO FISHER SCIENTIFIC INC.,Stock,NYSE,3829,USD,469.3399963378906,6,6,100.0,0.09195888617727642,0.09422327283578545,-0.38975832107430636,2026-06-15,3.5,6.833333333333333,6.882344561751225,211.30032615190575,59.42938029822781,974.0023249489448,375.8690897609593,9.58999812991597,9.58999812991597,96.5,100.0,93.11765543824878,88.0096072019146,Muy rapida,Alta,Estable,Rapido defensivo
SEB,SEABOARD CORP /DE/,Stock,NYSE,5150,USD,4712.27978515625,6,6,100.0,0.06411686850069762,0.0617736259596085,-0.5304951081013339,2026-05-15,3.5,3.0,1.6733200530681511,126.46467840454135,108.4828801997163,269.4906207025487,81.17720061419736,6.6864734293584664,6.6864734293584664,96.5,100.0,98.32667994693185,88.76311886054049,Muy rapida,Alta,Muy estable,Rapido defensivo
SSS,CYBER HORNET S&P 500 and Solana 75/25 Strategy ETF,ETF/Fund,US Listed,,USD,19.18000030517578,2,2,100.0,0.0474332119511433,0.0474332119511433,0.08731868390970643,2026-06-26,3.5,3.5,3.5355339059327378,448.2533585112983,448.2533585112983,865.9064528055924,590.6506703180797,4.946606389190658,4.946606389190658,96.5,100.0,96.46446609406726,88.46710312606123,Muy rapida,Alta,Muy estable,Rapido defensivo
ESE,ESCO TECHNOLOGIES INC,Stock,NYSE,3669,USD,293.1499938964844,6,6,100.0,0.04303112653273707,0.04144503105142855,0.15961767934496193,2026-04-02,3.5,6.5,6.774953874381729,193.44476017687217,114.13084506576914,472.70856305123294,218.58563250714815,4.4875317669854375,4.4875317669854375,96.5,100.0,93.22504612561828,87.97678804537549,Muy rapida,Alta,Estable,Rapido defensivo
JD,"JD.com, Inc. American Depositary Shares",Preferred,,,USD,29.049999237060547,2,2,100.0,3.1530147315013783,3.1530147315013783,-3.9425303119665407,2026-04-09,4.0,4.0,2.8284271247461903,636.8701486214973,636.8701486214973,670.1091848239039,47.00709579765375,287.7125942495008,287.7125942495008,96.0,100.0,97.17157287525382,91.52875066278943,Muy rapida,Alta,Muy estable,Rapido y rentable
ELIL,Direxion Daily LLY Bull 2X ETF,ETF/Fund,US Listed,,USD,26.65999984741211,6,6,100.0,2.1167335910955853,0.5175067634731039,-2.0189140530061143,2026-06-23,4.0,4.166666666666667,3.1885210782848317,408.82237500389823,271.3780025171846,920.868222221442,402.34418143686025,193.15194018747215,193.15194018747215,96.0,100.0,96.81147892171516,90.43845542935286,Muy rapida,Alta,Muy estable,Rapido y rentable
ERIC,Ericsson American Depositary Shares,Preferred,,,USD,11.449999809265137,3,3,100.0,1.636459690009797,1.607506052497321,-1.134688546579434,2026-04-02,4.0,10.666666666666666,14.224392195567912,464.30964351254505,257.919839966222,1071.9622261300935,535.1869907040107,149.32694671339397,149.32694671339397,96.0,100.0,85.77560780443208,88.30280086067461,Muy rapida,Alta,Estable,Rapido y rentable
HYDR,Global X Hydrogen ETF,ETF/Fund,US Listed,,USD,47.79999923706055,3,3,100.0,1.5947676175798218,1.1833453319650602,0.041154892527082744,2026-06-29,4.0,3.6666666666666665,0.5773502691896257,525.6736178396176,521.2651227013669,715.0165428721835,187.17761811927102,145.52254510415872,145.52254510415872,96.0,100.0,99.42264973081038,90.30816507720137,Muy rapida,Alta,Muy estable,Rapido y rentable
MCHPP,Microchip Technology Incorporated Depositary Shares Each Representing a 1/20th Interest in a Share of 7.50% Series A Mandatory Convertible Preferred Stock,Preferred,,,USD,80.2699966430664,5,5,100.0,1.4881156557375816,1.500800394307511,-2.368546424126008,2026-06-01,4.0,16.2,19.601020381602584,197.3990462321153,200.92755553599704,465.13517029150825,188.42790168091508,135.79055358605433,135.79055358605433,96.0,100.0,80.39897961839742,87.3479625984972,Muy rapida,Alta,Variable,Rapido y rentable
BEN,FRANKLIN RESOURCES INC,Stock,NYSE,6282,USD,22.90999984741211,5,5,100.0,1.4371754804928971,1.369276801491535,0.2463338681464104,2026-03-31,4.0,3.4,2.5099800796022267,647.0996513633506,292.84275286304285,1656.9199674510248,675.718377228374,131.14226259497687,131.14226259497687,96.0,100.0,97.49001992039777,89.86067846855256,Muy rapida,Alta,Muy estable,Rapido y rentable
IGIC,International General Insurance Holdings Ltd. Ordinary Share,Other Unmatched,,,USD,24.530000686645508,7,7,100.0,1.3128866961278576,0.2142245058831163,-2.6787251134339853,2026-05-28,4.0,9.571428571428571,11.516034370348486,168.4580246165376,126.4781193371944,365.0011138916015,126.51603313261344,119.80091102166699,119.80091102166699,96.0,100.0,88.48396562965152,88.38548154057558,Muy rapida,Alta,Estable,Rapido y rentable
CCEP,Coca-Cola Europacific Partners plc Ordinary Shares,Other Unmatched,,,USD,90.83000183105467,3,3,100.0,1.2140478003198698,1.0569194986757964,-0.8226365559662198,2026-05-15,4.0,6.666666666666667,7.371114795831994,290.662497297308,255.17468062463087,577.7838732615129,271.12498762516765,110.7818617791881,110.7818617791881,96.0,100.0,92.628885204168,88.90838058094508,Muy rapida,Alta,Estable,Rapido y rentable
XCNY,State Street SPDR S&P Emerging Markets ex-China ETF,ETF/Fund,US Listed,,USD,34.37799835205078,3,3,100.0,1.2001933566586753,1.127916016567333,-0.6555429395802731,2026-06-22,4.0,7.333333333333333,5.773502691896257,130.06757526498993,81.70966567187497,226.92704284166533,83.88279026798521,109.51764379510412,109.51764379510412,96.0,100.0,94.22649730810375,89.13416795287424,Muy rapida,Alta,Estable,Rapido y rentable
SWK,"STANLEY BLACK & DECKER, INC.",Stock,NYSE,3420,USD,78.4800033569336,6,6,100.0,1.1150764386689185,1.1074182058187494,-1.5455701776287138,2026-06-08,4.0,10.166666666666666,16.179204760020397,231.1049272297416,162.11626693165954,673.4930809624299,232.35233142078866,101.75072502853882,101.75072502853882,96.0,100.0,83.8207952399796,87.48819572466586,Muy rapida,Alta,Variable,Rapido y rentable
FHB,"FIRST HAWAIIAN, INC.",Stock,Nasdaq,6022,USD,26.40999984741211,12,12,100.0,1.0201101527338414,1.0269453861664108,-0.6848030737677989,2026-05-18,4.0,10.0,14.610083690880948,226.06502413489292,166.04341492831196,657.5303366393556,212.03239022590944,93.08505143696303,93.08505143696303,96.0,100.0,85.38991630911906,87.6285975991017,Muy rapida,Alta,Estable,Rapido y rentable
SHO,"Sunstone Hotel Investors, Inc.",Stock,NYSE,7011,USD,8.989999771118164,5,5,100.0,0.9779596963907382,0.9879253939821367,-1.3910450672693293,2026-03-31,4.0,11.0,17.392527130926087,161.72350633158123,105.99212740363431,446.6092114120979,164.45801547483092,89.23882229565487,89.23882229565487,96.0,100.0,82.60747286907392,87.16908062675182,Muy rapida,Alta,Variable,Rapido y rentable
UBSI,UNITED BANKSHARES INC/WV,Stock,Nasdaq,6022,USD,44.97999954223633,12,12,100.0,0.9751460829839246,0.9695216706291163,-0.47135250145469326,2026-06-12,4.0,17.5,30.83533982005358,349.0187495173255,115.79330674092535,965.3275303897876,416.78859948466754,88.98208007228311,88.98208007228311,96.0,100.0,69.16466017994642,85.14984510997589,Muy rapida,Alta,Variable,Rapido y rentable
PNW,PINNACLE WEST CAPITAL CORP,Stock,NYSE,4911,USD,103.54000091552734,6,6,100.0,0.9742147456244893,0.9801392861499036,-0.5213475805933601,2026-05-04,4.0,23.166666666666668,33.16273008463969,143.01434511243596,103.14268435828168,384.6547101322684,148.79611912705508,88.89709553823464,88.89709553823464,96.0,100.0,66.83726991536031,84.79980523292853,Muy rapida,Alta,Variable,Rapido y rentable
BKCH,Global X Blockchain ETF,ETF/Fund,,,USD,67.2699966430664,2,2,100.0,0.9624245019038676,0.9624245019038676,-2.876047264980201,2025-12-30,4.0,4.0,0.0,404.19218282620835,404.19218282620835,603.3592672432889,281.66479196094235,87.82123579872793,87.82123579872793,96.0,100.0,100.0,89.76242450190387,Muy rapida,Alta,Muy estable,Rapido y rentable
ILIT,iShares Lithium Miners and Producers ETF,ETF/Fund,US Listed,,USD,19.73600006103516,3,3,100.0,0.9529883718326159,0.7279870967741935,-1.4914624643210175,2026-06-15,4.0,6.0,4.358898943540674,119.79111170975563,28.77017668449925,302.16560003788186,157.94102745467703,86.96018892972621,86.96018892972621,96.0,100.0,95.64110105645932,89.0991535303015,Muy rapida,Alta,Muy estable,Rapido y rentable
VABK,Virginia National Bankshares Corp,Stock,Nasdaq,6021,USD,42.72999954223633,12,12,100.0,0.8982398787808507,0.8972244734413026,-0.7827264677416151,2026-05-13,4.0,13.833333333333334,22.044720387650578,398.4634023840463,286.05891149455215,1296.08357673194,459.3792459030645,81.96438893875262,81.96438893875262,96.0,100.0,77.95527961234941,86.39153182063326,Muy rapida,Alta,Variable,Rapido y rentable
PFBC,Preferred Bank Common Stock,Preferred,,,USD,92.12000274658205,6,6,100.0,0.8674110935893955,0.850406006638897,-1.4190732821976144,2026-04-07,4.0,5.666666666666667,5.501514942874068,257.1722241905499,311.0748448853118,396.6449033367483,135.16618829506257,79.15126229003234,79.15126229003234,96.0,100.0,94.49848505712593,88.84218385215829,Muy rapida,Alta,Estable,Rapido y rentable
NZAC,State Street SPDR MSCI ACWI Climate Paris Aligned ETF,ETF/Fund,US Listed,,USD,46.7400016784668,3,3,100.0,0.8671827484346055,0.6316174355980124,-0.4813786303756313,2026-06-01,4.0,3.3333333333333335,1.1547005383792515,137.1859842920888,62.12512377582215,307.0049865688108,147.39696697286263,79.13042579465775,79.13042579465775,96.0,100.0,98.84529946162075,89.49397766767771,Muy rapida,Alta,Muy estable,Rapido y rentable
AEP,AMERICAN ELECTRIC POWER CO INC,Stock,Nasdaq,4911,USD,131.75999450683594,12,12,100.0,0.8194040472637961,0.801100909665686,-0.21073589274588267,2026-05-08,4.0,15.0,22.914862187910035,133.89799178112608,116.77938738487079,325.51757819452234,117.35263609547863,74.7706193128214,74.7706193128214,96.0,100.0,77.08513781208997,86.1821747190773,Muy rapida,Alta,Variable,Rapido y rentable
BSRR,SIERRA BANCORP,Stock,Nasdaq,6022,USD,36.560001373291016,12,12,100.0,0.8139722178170853,0.8490606475969145,-1.4891647068905753,2026-05-04,4.0,6.0,3.3574882386580707,176.107589959514,109.22272307083975,557.0670780481507,183.15101231339438,74.27496487580903,74.27496487580903,96.0,100.0,96.64251176134194,89.11034898201837,Muy rapida,Alta,Muy estable,Rapido y rentable
SO,SOUTHERN CO,Stock,NYSE,4911,USD,92.5500030517578,6,6,100.0,0.8131078061992195,0.8185720859661896,-0.3402484829969972,2026-05-18,4.0,4.0,1.0954451150103321,130.0088608757587,96.1379177424524,252.40357602473637,80.60201536945686,74.19608731567878,74.19608731567878,96.0,100.0,98.90455488498966,89.44879103894766,Muy rapida,Alta,Muy estable,Rapido y rentable
PRK,PARK NATIONAL CORP /OH/,Stock,NYSE,6021,USD,167.47999572753906,6,6,100.0,0.783647668881108,0.6305435397348853,-0.6358916414223533,2026-05-15,4.0,18.166666666666668,35.7738265589057,314.9406509772154,103.18327108995689,1250.4272450852663,474.059375338777,71.5078497854011,71.5078497854011,96.0,100.0,64.2261734410943,84.21757368504524,Muy rapida,Alta,Muy variable,Rapido y rentable
CLAR,Clarus Corp,Stock,Nasdaq,3949,USD,2.7300000190734863,12,12,100.0,0.776745025781392,0.7509945511829497,-0.9612521996089551,2026-05-18,4.0,7.0,5.752469825293227,263.93754674467743,127.57186424577066,958.1809564980708,336.6325990908718,70.87798360255202,70.87798360255202,96.0,100.0,94.24753017470677,88.7138745519874,Muy rapida,Alta,Estable,Rapido y rentable
AMGN,AMGEN INC,Stock,Nasdaq,2836,USD,336.2300109863281,12,12,100.0,0.7713256430023533,0.7754573420967195,-0.6796056167436353,2026-05-15,4.0,9.666666666666666,14.901698093190795,252.5656583783181,237.55599980462367,549.1934376042219,223.26175314145092,70.38346492396474,70.38346492396474,96.0,100.0,85.09830190680921,87.33607092902373,Muy rapida,Alta,Estable,Rapido y rentable
FRAF,FRANKLIN FINANCIAL SERVICES CORP /PA/,Stock,Nasdaq,6022,USD,56.34999847412109,12,12,100.0,0.7598563681784429,0.7672816504861893,-0.2593629989319561,2026-05-01,4.0,4.166666666666667,2.79067711996189,359.83602058512224,242.6124996359308,825.3394234131802,320.44761426692287,69.33689359628292,69.33689359628292,96.0,100.0,97.20932288003812,89.14125480018416,Muy rapida,Alta,Muy estable,Rapido y rentable
RDN,RADIAN GROUP INC,Stock,NYSE,6351,USD,33.790000915527344,6,6,100.0,0.7488424255396252,0.7506833993204918,-0.27457001778041984,2026-06-02,4.0,7.5,7.395944834840239,161.07675584034254,97.41451216628258,440.0012830144382,164.63356552827543,68.3318713304908,68.3318713304908,96.0,100.0,92.60405516515976,88.43945070031359,Muy rapida,Alta,Estable,Rapido y rentable
KTB,"Kontoor Brands, Inc.",Stock,NYSE,2320,USD,70.06999969482422,6,6,100.0,0.7419212550520493,0.7414557607473116,-1.6030113841981597,2026-06-08,4.0,22.5,34.570218396764574,277.58441524283336,220.58116532276662,730.1214321405243,284.23438524060475,67.7003145234995,67.7003145234995,96.0,100.0,65.42978160323543,84.35638849553736,Muy rapida,Alta,Variable,Rapido y rentable
MLCI,Mount Logan Capital Inc.,Stock,Nasdaq,6282,USD,3.390000104904175,6,6,100.0,0.7125797891012505,0.8595988515192625,0.7705412877425797,2026-05-26,4.0,3.0,1.5491933384829668,481.3341193586062,313.7533563904821,861.0751484100948,294.82098959648454,65.0229057554891,65.0229057554891,96.0,100.0,98.45080666151703,89.28020078832881,Muy rapida,Alta,Muy estable,Rapido y rentable
SPB,"Spectrum Brands Holdings, Inc.",Stock,NYSE,3690,USD,78.3499984741211,6,6,100.0,0.7120177381896503,0.71304741149763,0.07332447382167881,2026-05-26,4.0,4.0,0.0,154.10064502479838,121.76785467160289,310.10361609759667,89.32486609225191,64.97161860980559,64.97161860980559,96.0,100.0,100.0,89.51201773818964,Muy rapida,Alta,Muy estable,Rapido y rentable
HERO,Global X Video Games & Esports ETF,ETF/Fund,US Listed,,USD,23.90999984741211,3,3,100.0,0.701294002736037,0.5363111702983936,0.7270136214779194,2026-06-29,4.0,3.6666666666666665,0.5773502691896257,227.94759795437344,135.08323126977842,441.8020332922613,185.73651610028963,63.99307774966338,63.99307774966338,96.0,100.0,99.42264973081038,89.41469146235758,Muy rapida,Alta,Muy estable,Rapido y rentable
YORW,YORK WATER CO,Stock,Nasdaq,4941,USD,30.82999992370605,11,11,100.0,0.7005955499736065,0.6911184856011084,-0.6560269779607242,2026-06-30,4.0,4.909090909090909,4.182213420057505,197.21568492186663,200.32571583979947,372.4531618198844,113.22819319169659,63.929343935091595,63.929343935091595,96.0,100.0,95.81778657994249,88.87326353696498,Muy rapida,Alta,Muy estable,Rapido y rentable
NTES,"NetEase, Inc. American Depositary Shares",Preferred,,,USD,122.7300033569336,6,6,100.0,0.6882917907823595,0.5649128768785713,-0.3547323135728879,2026-06-05,4.0,3.6666666666666665,2.3380903889000244,301.4301308534072,166.65449275811733,853.9265571826675,279.68961422773134,62.806625908890304,62.806625908890304,96.0,100.0,97.66190961109997,89.13757823244735,Muy rapida,Alta,Muy estable,Rapido y rentable
CHW,Calamos Global Dynamic Income Fund Common Stock,ETF/Fund,,,USD,8.640000343322754,17,17,100.0,0.6797227171051303,0.6720430055840579,-0.341743598583238,2026-06-12,4.0,5.588235294117647,7.115641428653952,238.35194660516137,88.48508182417382,877.8474737982511,250.9603816141285,62.02469793584314,62.02469793584314,96.0,100.0,92.88435857134604,88.41237650280704,Muy rapida,Alta,Estable,Rapido y rentable
VOYA,"Voya Financial, Inc.",Stock,NYSE,6311,USD,82.38999938964844,6,6,100.0,0.6359198284461602,0.6467382901752232,0.15791932921645424,2026-05-26,4.0,3.8333333333333335,2.9268868558020253,175.38657139562395,189.79487610973985,303.5959097344089,108.21426170138419,58.027684345712125,58.027684345712125,96.0,100.0,97.07311314419798,88.99688680007586,Muy rapida,Alta,Muy estable,Rapido y rentable
GINX,SGI Enhanced Global Income ETF,ETF/Fund,US Listed,,USD,34.792999267578125,6,6,100.0,0.6357663107964298,0.6465183865125865,-0.14516737441420857,2026-06-29,4.0,12.5,20.656718035544753,175.74965124526616,140.207866275385,385.7019340215852,157.47119087073818,58.01367586017422,58.01367586017422,96.0,100.0,79.34328196445524,86.33725860546471,Muy rapida,Alta,Variable,Rapido y rentable
RING,iShares MSCI Global Gold Miners ETF,ETF/Fund,US Listed,,USD,69.55999755859375,3,3,100.0,0.59920731996622,0.5225098763283814,0.8631206879498605,2026-06-15,4.0,15.333333333333334,20.502032419575706,356.44472830021624,287.892018051135,765.4738541538158,379.42620459185133,54.67766794691757,54.67766794691757,96.0,100.0,79.4979675804243,86.32390245702987,Muy rapida,Alta,Variable,Rapido y rentable
FBIZ,"FIRST BUSINESS FINANCIAL SERVICES, INC.",Stock,Nasdaq,6022,USD,56.459999084472656,12,12,100.0,0.5848447348002889,0.5878513817485063,-0.8945278514706891,2026-05-06,4.0,3.8333333333333335,1.2673044646258473,161.22808389593516,136.12958454048052,370.0799344670897,109.05596912134105,53.36708205052636,53.36708205052636,96.0,100.0,98.73269553537415,89.19474906510641,Muy rapida,Alta,Muy estable,Rapido y rentable
ZDGE,"Zedge, Inc.",Stock,NYSE,7372,USD,2.990000009536743,4,4,100.0,0.5843206674060044,0.5852318540295209,2.0402553499749985,2026-06-22,4.0,3.25,1.5,976.2034465250084,628.5875744110044,2556.083482728165,1097.7933136722713,53.3192609007979,53.3192609007979,96.0,100.0,98.5,89.15932066740599,Muy rapida,Alta,Muy estable,Rapido y rentable
HNDL,Strategy Shares Nasdaq 7HANDL Index ETF,ETF/Fund,US Listed,,USD,22.55699920654297,18,18,100.0,0.5843162082744517,0.583726198141301,-0.36149552230561277,2026-06-11,4.0,13.277777777777779,21.040033425257377,148.37874118064488,104.27136916209297,457.0920236150114,158.24939297744297,53.318854005043725,53.318854005043725,96.0,100.0,78.95996657474262,86.22831119448585,Muy rapida,Alta,Variable,Rapido y rentable
ENDW,Cambria Endowment Style ETF,ETF/Fund,US Listed,,USD,33.40999984741211,5,5,100.0,0.5737297251085245,0.4943331270246217,-0.36212497379054503,2026-06-29,4.0,4.2,2.588435821108957,92.94275056775805,67.00878428803787,171.81196048755962,47.45774377545663,52.35283741615286,52.35283741615286,96.0,100.0,97.41156417889104,88.98546435194217,Muy rapida,Alta,Muy estable,Rapido y rentable
PKOH,PARK OHIO HOLDINGS CORP,Stock,Nasdaq,3460,USD,28.950000762939453,12,12,100.0,0.5701223292357814,0.558953211854062,-0.9760676023182655,2026-05-01,4.0,3.5,2.15322168769582,417.6760987111017,430.07737510549725,948.172021902894,325.6145442508889,52.02366254276505,52.02366254276505,96.0,100.0,97.84677831230418,89.04713907608141,Muy rapida,Alta,Muy estable,Rapido y rentable
PSCF,Invesco S&P SmallCap Financials ETF,ETF/Fund,US Listed,,USD,63.43999862670898,6,6,100.0,0.5585517310568783,0.5685461164308743,0.5175000456717903,2026-06-22,4.0,19.166666666666668,31.81456689421791,150.0257723259246,166.00266116982795,295.6967363145993,124.17745175883229,50.96784545894014,50.96784545894014,96.0,100.0,68.1854331057821,84.58636669692419,Muy rapida,Alta,Variable,Rapido y rentable
EBI,Longview Advantage ETF,ETF/Fund,US Listed,,USD,64.77300262451172,3,3,100.0,0.5555740380929827,0.5712256418694767,-0.12041930743470601,2026-06-29,4.0,4.0,3.0,158.37522006517602,77.19949653277347,348.05610262206227,164.83583474702462,50.69613097598467,50.69613097598467,96.0,100.0,97.0,88.90557403809298,Muy rapida,Alta,Muy estable,Rapido y rentable
ACT,"Enact Holdings, Inc.",Stock,Nasdaq,6411,USD,42.630001068115234,12,12,100.0,0.5500941442543127,0.5592311247069555,-0.22513773580144547,2026-05-28,4.0,5.666666666666667,6.840166576032984,200.9598665100308,101.96445351527879,526.2124447318882,193.26759697149873,50.196090663206036,50.196090663206036,96.0,100.0,93.15983342396702,88.32406915784937,Muy rapida,Alta,Estable,Rapido y rentable
HON,HONEYWELL INTERNATIONAL INC,Stock,Nasdaq,3724,USD,217.72000122070312,12,12,100.0,0.5403463154612445,0.5429637788223072,-0.24096489775771626,2026-05-15,4.0,8.666666666666666,12.220201853215574,247.94188281713954,228.268118640518,590.956846665643,191.94032865735653,49.30660128583855,49.30660128583855,96.0,100.0,87.77979814678443,87.50731603747892,Muy rapida,Alta,Estable,Rapido y rentable
SAH,SONIC AUTOMOTIVE INC,Stock,NYSE,5500,USD,84.61000061035156,6,6,100.0,0.5350525035231791,0.5330303082629604,-1.13401877457013,2026-06-15,4.0,6.333333333333333,5.316640543300503,69.05645573902852,76.0780112007058,130.32384319132464,42.328091052860515,48.823540946490105,48.823540946490105,96.0,100.0,94.68335945669949,88.53755642202809,Muy rapida,Alta,Estable,Rapido y rentable
CCL,Carnival Corp Ltd.,Stock,NYSE,4400,USD,24.63999938964844,2,2,100.0,0.5344444848844455,0.5344444848844455,-0.7251125992922159,2026-05-18,4.0,4.0,1.4142135623730951,129.44503736173698,129.44503736173698,207.38659480668588,110.22600761112841,48.76805924570565,48.76805924570565,96.0,100.0,98.58578643762691,89.12231245052848,Muy rapida,Alta,Muy estable,Rapido y rentable
TBLD,Thornburg Income Builder Opportunities Trust Common Stock,ETF/Fund,,,USD,21.51000022888184,17,17,100.0,0.5274582453811572,0.5208499999999999,-0.25090660265387543,2026-06-11,4.0,7.647058823529412,14.190406867275637,178.79713552641135,102.9462212910206,719.7672569196808,187.42902144722208,48.13056489103059,48.13056489103059,96.0,100.0,85.80959313272436,87.1988972152898,Muy rapida,Alta,Estable,Rapido y rentable
PY,Principal Value ETF,ETF/Fund,US Listed,,USD,53.9010009765625,6,6,100.0,0.514882611710413,0.5102297091367762,-0.19107922659534263,2026-07-01,4.0,15.833333333333334,27.476656759268707,168.51077775354472,93.59492856559348,519.262880576283,201.02888358194366,46.98303831857519,46.98303831857519,96.0,100.0,72.5233432407313,85.19338409782011,Muy rapida,Alta,Variable,Rapido y rentable
LUV,SOUTHWEST AIRLINES CO,Stock,NYSE,4512,USD,41.400001525878906,6,6,100.0,0.5031794701741027,0.4964610637773002,-0.5490648960026417,2026-06-11,4.0,9.833333333333334,13.963046467969182,602.8827719211079,207.11466149693698,2706.6418742067685,1039.6766800419994,45.91512665338687,45.91512665338687,96.0,100.0,86.03695353203082,87.20872249997872,Muy rapida,Alta,Estable,Rapido y rentable
NSC,NORFOLK SOUTHERN CORP,Stock,NYSE,4011,USD,313.3900146484375,6,6,100.0,0.4967279162124138,0.48208260239876755,-0.12165365869435533,2026-05-08,4.0,3.6666666666666665,2.3380903889000244,266.286958300034,177.48978386137514,648.4640102920624,236.9867069720567,45.32642235438276,45.32642235438276,96.0,100.0,97.66190961109997,88.9460143578774,Muy rapida,Alta,Muy estable,Rapido y rentable
BWFG,"Bankwell Financial Group, Inc.",Stock,Nasdaq,6022,USD,52.11000061035156,12,12,100.0,0.4925246510696825,0.4793972737924135,0.06747813540647261,2026-05-08,4.0,13.0,20.705730432111608,172.29142174514206,202.7389927717195,315.19861461558304,119.57384066410964,44.94287441010854,44.94287441010854,96.0,100.0,79.29426956788839,86.18666508625294,Muy rapida,Alta,Variable,Rapido y rentable
OGN,Organon & Co.,Stock,NYSE,2834,USD,13.350000381469728,6,6,100.0,0.48590236456664043,0.23826734637817965,-1.4636224756775802,2026-05-11,4.0,4.0,1.8973665961010275,164.76363325997858,66.45863776752809,541.9622049443058,207.20995389640362,44.33859076670594,44.33859076670594,96.0,100.0,98.10263340389898,89.00129737515148,Muy rapida,Alta,Muy estable,Rapido y rentable
FTXO,First Trust Nasdaq Bank ETF,ETF/Fund,US Listed,,USD,41.595001220703125,6,6,100.0,0.485500149538806,0.5326330741383287,-0.28114291864326596,2026-06-25,4.0,11.333333333333334,17.895995827745008,235.2242892580348,85.82007225428745,783.1071232992122,306.8751421627735,44.30188864541605,44.30188864541605,96.0,100.0,82.10400417225499,86.60110077537705,Muy rapida,Alta,Variable,Rapido y rentable
ISTR,Investar Holding Corp,Stock,Nasdaq,6022,USD,29.88999938964844,11,11,100.0,0.4797324693646355,0.4755728663690718,-0.4499566256042304,2026-06-30,4.0,7.363636363636363,9.233338803192778,282.7506596793555,299.82695490254173,678.9452347539652,231.05686307592936,43.77558782952299,43.77558782952299,96.0,100.0,90.76666119680722,87.89473164888571,Muy rapida,Alta,Estable,Rapido y rentable
EART,Global X Rare Earth & Critical Materials ETF,ETF/Fund,US Listed,,USD,28.933000564575195,3,3,100.0,0.47726306991179906,0.4735872440681709,-0.3737278515500609,2026-06-29,4.0,3.6666666666666665,2.516611478423583,299.4658899161181,112.55919597364291,715.8163025072932,361.196759628801,43.55025512945166,43.55025512945166,96.0,100.0,97.48338852157642,88.89977134814826,Muy rapida,Alta,Muy estable,Rapido y rentable
R,RYDER SYSTEM INC,Stock,NYSE,7510,USD,230.91000366210935,6,6,100.0,0.47626925660056724,0.496226909182236,-0.21138252413268366,2026-05-18,4.0,11.166666666666666,14.905256343540914,115.47383463515048,95.3250207424953,295.6821437489141,99.93220655146368,43.45956966480176,43.45956966480176,96.0,100.0,85.09474365645909,87.04048080506944,Muy rapida,Alta,Estable,Rapido y rentable
DRIV,Global X Autonomous & Electric Vehicles ETF,ETF/Fund,US Listed,,USD,37.05099868774414,3,3,100.0,0.47011830285107625,0.483394396359747,0.32260915096581205,2026-06-29,4.0,4.333333333333333,1.5275252316519465,188.23813276312288,177.8534897503203,267.5370099522306,74.65026592740031,42.89829513516071,42.89829513516071,96.0,100.0,98.47247476834805,89.04098951810327,Muy rapida,Alta,Muy estable,Rapido y rentable
GNOM,Global X Genomics & Biotechnology ETF,ETF/Fund,US Listed,,USD,56.27099990844727,3,3,100.0,0.46476125517241207,0.1028682626826939,-0.2739942110274656,2026-06-29,4.0,5.0,2.6457513110645907,132.2239969446102,171.20028303730672,196.08245164367915,89.92229152952663,42.4094645344826,42.4094645344826,96.0,100.0,97.35424868893541,88.86789855851272,Muy rapida,Alta,Muy estable,Rapido y rentable
ZAP,Global X U.S. Electrification ETF,ETF/Fund,US Listed,,USD,32.599998474121094,5,5,100.0,0.4618759306666257,0.5047364868077754,-0.5070489060368873,2026-04-06,4.0,8.4,12.259690045021532,200.09166337708646,111.21392187484392,485.6485099617829,186.93126543061075,42.146178673329594,42.146178673329594,96.0,100.0,87.74030995497847,87.42292242391339,Muy rapida,Alta,Estable,Rapido y rentable
VONV,Vanguard Russell 1000 Value ETF,ETF/Fund,US Listed,,USD,105.76000213623048,6,6,100.0,0.45853835277696753,0.4564170118199124,-0.13388963824017144,2026-06-18,4.0,11.833333333333334,20.28217608311955,105.58917490895807,83.56805642292028,272.71368350204784,98.43701649092348,41.841624690898286,41.841624690898286,96.0,100.0,79.71782391688045,86.21621194030904,Muy rapida,Alta,Variable,Rapido y rentable
PRMB,Primo Brands Corp,Stock,NYSE,2080,USD,24.190000534057617,6,6,100.0,0.4576192107394173,0.44747793924246915,-0.22644971455952886,2026-06-04,4.0,6.0,5.932958789676531,519.2630802234803,295.03542026439817,1512.699320959664,599.5886032943953,41.757752979971826,41.757752979971826,96.0,100.0,94.06704121032347,88.36767539228794,Muy rapida,Alta,Estable,Rapido y rentable
RGA,REINSURANCE GROUP OF AMERICA INC,Stock,NYSE,6311,USD,215.0200042724609,6,6,100.0,0.4528742285460699,0.438925941808318,-0.5458198893443517,2026-05-19,4.0,3.6666666666666665,1.632993161855452,100.30768490353587,94.59471690972654,194.03378466237257,56.791139627934655,41.32477335482888,41.32477335482888,96.0,100.0,98.36700683814455,89.00792525426775,Muy rapida,Alta,Muy estable,Rapido y rentable
VTWV,Vanguard Russell 2000 Value ETF,ETF/Fund,US Listed,,USD,189.1199951171875,6,6,100.0,0.4415140947774289,0.38841493094750823,-0.11734918576275066,2026-06-18,4.0,16.333333333333332,30.395175055700314,189.9415896157374,93.63354718491595,575.6787159251029,220.2618626919613,40.28816114844039,40.28816114844039,96.0,100.0,69.60482494429968,84.68223783642239,Muy rapida,Alta,Variable,Rapido y rentable
RTX,RTX Corp,Stock,NYSE,3724,USD,175.97999572753906,6,6,100.0,0.4314635052573342,0.42665161710648847,-0.7991727230824247,2026-05-22,4.0,4.833333333333333,3.311595788538611,120.65314308095826,67.00677639874506,365.0412376631456,122.4424308391961,39.37104485473174,39.37104485473174,96.0,100.0,96.68840421146139,88.73472413697655,Muy rapida,Alta,Muy estable,Rapido y rentable
CATH,Global X S&P 500 Catholic Values ETF,ETF/Fund,US Listed,,USD,87.25299835205078,3,3,100.0,0.3957212439517084,0.3806627658208001,0.0078111161590290745,2026-06-29,4.0,5.0,2.6457513110645907,86.40324220136047,109.11088948468756,118.34383190761098,47.55138442777487,36.10956351059339,36.10956351059339,96.0,100.0,97.35424868893541,88.79885854729203,Muy rapida,Alta,Muy estable,Rapido y rentable
PEY,Invesco High Yield Equity Dividend Achievers ETF,ETF/Fund,US Listed,,USD,22.82999992370605,18,18,100.0,0.3914498963277731,0.39213979337603033,-0.23106938848614822,2026-06-22,4.0,9.333333333333334,15.89302473710142,92.12584606843919,79.34985978053378,201.47672294178332,60.66689133908343,35.719803039909294,35.719803039909294,96.0,100.0,84.10697526289857,86.80749618576256,Muy rapida,Alta,Variable,Rapido y rentable
CHDN,Churchill Downs Inc,Stock,Nasdaq,7948,USD,113.2699966430664,2,2,100.0,0.3866866893094512,0.3866866893094512,-0.688619053953703,2025-12-05,4.0,4.0,0.0,40.11916195877487,40.11916195877487,40.11916195877487,0.0,35.285160399487424,35.285160399487424,96.0,100.0,100.0,89.18668668930945,Muy rapida,Alta,Muy estable,Rapido y rentable
OSBC,OLD SECOND BANCORP INC,Stock,Nasdaq,6022,USD,20.61000061035156,12,12,100.0,0.3526945843666311,0.34499564965684043,-0.16579185672769955,2026-05-01,4.0,3.5,1.9771421064483221,217.56554708414467,201.1178420022006,442.7467670395359,126.47044868271232,32.18338082345509,32.18338082345509,96.0,100.0,98.02285789355167,88.85612326839937,Muy rapida,Alta,Muy estable,Rapido y rentable
WTIP,WisdomTree Inflation Plus Fund,ETF/Fund,US Listed,,USD,34.430999755859375,11,11,100.0,0.34597703340546654,0.2668044842633038,-0.002696785082413838,2026-06-25,4.0,4.545454545454546,4.297991074063239,142.9465323043992,94.39148561035373,407.0744725168073,117.73703470848247,31.57040429824882,31.57040429824882,96.0,100.0,95.70200892593677,88.50127837229597,Muy rapida,Alta,Muy estable,Rapido y rentable
TKO,"TKO Group Holdings, Inc.",Stock,NYSE,7900,USD,203.3600006103516,6,6,100.0,0.3401031054244616,0.3748320953100765,0.12682344478885058,2026-06-15,4.0,5.0,3.464101615137755,215.57981581785484,219.704586931425,373.9354823362355,135.64760210032676,31.03440836998212,31.03440836998212,96.0,100.0,96.53589838486225,88.6204878631538,Muy rapida,Alta,Muy estable,Rapido y rentable
UEVM,VictoryShares Emerging Markets Value Momentum ETF,ETF/Fund,US Listed,,USD,58.617000579833984,13,13,100.0,0.3349377486359977,0.1787739365722754,-0.38520660074278074,2026-06-09,4.0,6.615384615384615,7.815992808961865,113.79690430272579,83.9466782092417,380.8058045663117,103.71753374829237,30.563069563034787,30.563069563034787,96.0,100.0,92.18400719103813,87.96253882729171,Muy rapida,Alta,Estable,Rapido y rentable
CAT,CATERPILLAR INC,Stock,NYSE,3531,USD,794.6500244140625,6,6,100.0,0.31989495162802184,0.32573699613197205,-0.40513900014923493,2026-04-20,4.0,4.333333333333333,1.3662601021279464,122.36542075885389,95.29832462605515,325.0316567902088,105.5041770644932,29.190414336056993,29.190414336056993,96.0,100.0,98.63373989787205,88.91495593630881,Muy rapida,Alta,Muy estable,Rapido y rentable
CHD,CHURCH & DWIGHT CO INC /DE/,Stock,NYSE,2840,USD,94.6500015258789,6,6,100.0,0.31504823861168935,0.3176170086800446,-0.1920807654361049,2026-05-15,4.0,6.0,5.727128425310541,269.21580499807317,141.9103960031284,664.0969814264051,308.50045149742067,28.748151773316653,28.748151773316653,96.0,100.0,94.27287157468946,88.25597897481511,Muy rapida,Alta,Estable,Rapido y rentable
FPXI,First Trust International Equity Opportunities ETF,ETF/Fund,US Listed,,USD,81.7020034790039,4,4,100.0,0.3113890911454493,0.2653269194916036,-0.4762815836211608,2026-06-25,4.0,8.5,11.357816691600547,452.23052526481354,279.09568380901834,1244.4096176571795,569.34251843232,28.414254567022247,28.414254567022247,96.0,100.0,88.64218330839945,87.40771658740536,Muy rapida,Alta,Estable,Rapido y rentable
VTWO,Vanguard Russell 2000 ETF,ETF/Fund,US Listed,,USD,117.37000274658205,6,6,100.0,0.3078617861761294,0.2932179523841199,0.023506906187568972,2026-06-18,4.0,12.166666666666666,20.28217608311955,194.32582403576248,104.32903604244039,712.5843066406802,264.74772823474865,28.092387988571808,28.092387988571808,96.0,100.0,79.71782391688045,86.0655353737082,Muy rapida,Alta,Variable,Rapido y rentable
MCRI,MONARCH CASINO & RESORT INC,Stock,Nasdaq,7011,USD,120.26000213623048,12,12,100.0,0.307705327655394,0.3113990672113428,0.26076233390892206,2026-06-01,4.0,9.5,11.564050878791251,164.5819657749024,119.23089259818857,560.671300736339,192.37130998690654,28.078111148554697,28.078111148554697,96.0,100.0,88.43594912120875,87.3730976958367,Muy rapida,Alta,Estable,Rapido y rentable
ICE,"Intercontinental Exchange, Inc.",Stock,NYSE,6200,USD,140.52999877929688,6,6,100.0,0.3027939859096353,0.28900054092836036,-0.22795037223994577,2026-06-15,4.0,6.166666666666667,5.564770136013407,66.62658235721669,57.06392523435052,159.32101331348542,51.19027292564733,27.62995121425422,27.62995121425422,96.0,100.0,94.43522986398659,88.26807846550761,Muy rapida,Alta,Estable,Rapido y rentable
VC,VISTEON CORP,Stock,Nasdaq,3714,USD,118.29000091552734,8,8,100.0,0.3025643502623405,0.2955155232307632,0.03539713659982863,2026-06-01,4.0,12.25,17.177643277569498,242.87610360910853,246.6814541290565,461.68847871138377,206.7646429824608,27.60899696143857,27.60899696143857,96.0,100.0,82.8223567224305,86.52591785862691,Muy rapida,Alta,Variable,Rapido y rentable
SPXD,Xtrackers S&P 500 Diversified Sector Weight ETF,ETF/Fund,US Listed,,USD,28.30699920654297,5,5,100.0,0.30089646690465754,0.3453576774300495,-0.3851153365615061,2026-06-18,4.0,4.8,4.54972526643093,88.34219611028064,69.0489196296081,230.92571252380228,87.56744783233991,27.45680260505,27.45680260505,96.0,100.0,95.45027473356907,88.41843767694002,Muy rapida,Alta,Muy estable,Rapido y rentable
VRSN,VERISIGN INC/CA,Stock,Nasdaq,7371,USD,305.3099975585937,10,10,100.0,0.3006668381172518,0.2876891528336082,-0.3247934059353589,2026-05-19,4.0,7.4,7.560129334578579,124.8578836105706,72.9444055945762,320.47683816675607,113.95262984500893,27.43584897819923,27.43584897819923,96.0,100.0,92.43987066542142,87.96664743793046,Muy rapida,Alta,Estable,Rapido y rentable
ASTE,ASTEC INDUSTRIES INC,Stock,Nasdaq,3531,USD,50.060001373291016,12,12,100.0,0.29133185377333704,0.29497435015652196,-0.3021378104549436,2026-05-13,4.0,5.0,4.348458452036872,264.0349171331646,198.23608947926095,815.2010722927283,279.7288548745222,26.584031656817004,26.584031656817004,96.0,100.0,95.65154154796313,88.43906308596782,Muy rapida,Alta,Muy estable,Rapido y rentable
ABCB,Ameris Bancorp,Stock,NYSE,6022,USD,76.52999877929688,5,5,100.0,0.2909162403389535,0.2690341805923136,-0.053018016023159434,2026-03-31,4.0,4.2,2.3874672772626644,254.04751079088956,144.91728396851818,791.7152430380402,308.68370924331293,26.546106930929508,26.546106930929508,96.0,100.0,97.61253272273734,88.73279614874956,Muy rapida,Alta,Muy estable,Rapido y rentable
DHC,Diversified Healthcare Trust Common Shares of Beneficial Interest,ETF/Fund,,,USD,7.369999885559082,6,6,100.0,0.29004204983609977,0.260371282441787,0.866665582351105,2026-04-21,4.0,4.666666666666667,3.07679486912382,487.983900709079,210.26617885799106,1618.5013198144902,589.3591981122479,26.46633704754411,26.46633704754411,96.0,100.0,96.92320513087618,88.62852281946752,Muy rapida,Alta,Muy estable,Rapido y rentable
VTHR,Vanguard Russell 3000 ETF,ETF/Fund,US Listed,,USD,327.1099853515625,6,6,100.0,0.28618359138848326,0.2927555888561078,-0.10793142388338244,2026-06-18,4.0,11.166666666666666,18.659224707009308,113.10561355990824,62.00688235361588,446.0210332930923,165.41915238730635,26.114252714199097,26.114252714199097,96.0,100.0,81.34077529299068,86.28729988533708,Muy rapida,Alta,Variable,Rapido y rentable
HIFS,Hingham Institution for Savings Common Stock,Other Unmatched,,,USD,286.3900146484375,6,6,100.0,0.2799279039652669,0.24663643477910055,1.0951183376449964,2026-05-04,4.0,6.833333333333333,7.054549359574052,294.0186508117761,121.46905760235641,1110.0903538923185,415.3578800715529,25.543421236830604,25.543421236830604,96.0,100.0,92.94545064042595,88.02174550002917,Muy rapida,Alta,Estable,Rapido y rentable
CDC,VictoryShares US EQ Income Enhanced Volatility Wtd ETF,ETF/Fund,US Listed,,USD,72.7239990234375,18,18,100.0,0.26806747371474854,0.29635631301731663,-0.21700573725638206,2026-06-09,4.0,7.944444444444445,12.716234284531131,124.91953805329614,60.73408750829768,549.4172298098706,152.57294576312304,24.461156976470804,24.461156976470804,96.0,100.0,87.28376571546887,87.16063233103507,Muy rapida,Alta,Estable,Rapido defensivo
RRX,REGAL REXNORD CORP,Stock,NYSE,3569,USD,178.19000244140625,5,5,100.0,0.24401646199936078,0.24243264655921,-0.32145324228533473,2026-03-31,4.0,3.4,1.51657508881031,558.9519023275307,247.7666277155509,1929.5679088463128,774.6088953953948,22.266502157441675,22.266502157441675,96.0,100.0,98.48342491118969,88.81653019867781,Muy rapida,Alta,Muy estable,Rapido defensivo
LNG,"Cheniere Energy, Inc.",Stock,NYSE,4924,USD,240.1100006103516,6,6,100.0,0.23557739708102407,0.2299257047867384,-0.41473237185232686,2026-05-11,4.0,8.333333333333334,9.157874571463985,162.38631274151427,99.7569281822742,541.7629475221281,196.16691303613808,21.496437483643447,21.496437483643447,96.0,100.0,90.84212542853601,87.66189621136142,Muy rapida,Alta,Estable,Rapido defensivo
CTEC,Global X ClimateTech ETF,ETF/Fund,US Listed,,USD,61.27899932861328,3,3,100.0,0.2339571947565464,0.1218280337765584,-0.384040003054085,2026-06-29,4.0,4.333333333333333,1.5275252316519465,308.21949549619706,314.49329640588064,354.13651684148704,49.35390235193366,21.348594021534858,21.348594021534858,96.0,100.0,98.47247476834805,88.80482841000874,Muy rapida,Alta,Muy estable,Rapido defensivo
PH,Parker-Hannifin Corp,Stock,NYSE,3490,USD,886.8499755859375,6,6,100.0,0.23010863885495583,0.2306013310270322,-0.034060288673315266,2026-05-08,4.0,8.833333333333334,12.432484332049917,238.18021770595968,215.75724954053902,510.2073402575045,238.80150775423434,20.997413295514715,20.997413295514715,96.0,100.0,87.56751566795009,87.16523598904747,Muy rapida,Alta,Estable,Rapido defensivo
PABU,iShares Paris-Aligned Climate Optimized MSCI USA ETF,ETF/Fund,US Listed,,USD,76.13600158691406,6,6,100.0,0.22994003230910767,0.21354951195467947,0.13129962259518754,2026-06-15,4.0,7.333333333333333,7.814516406449388,99.0501644379673,73.08424452751086,240.4423179618446,81.74309207923685,20.982027948206074,20.982027948206074,96.0,100.0,92.18548359355061,87.8577625713417,Muy rapida,Alta,Estable,Rapido defensivo
DVGR,DAC 3D Dividend Growth ETF,ETF/Fund,US Listed,,USD,26.04599952697754,3,3,100.0,0.2208090016501274,0.1218663156586617,-0.26194116431352404,2026-06-29,4.0,4.0,0.0,83.26715592242512,27.58667170633597,216.64039054085328,116.02779731642023,20.148821400574125,20.148821400574125,96.0,100.0,100.0,89.02080900165012,Muy rapida,Alta,Muy estable,Rapido defensivo
FMET,Fidelity Metaverse ETF,ETF/Fund,US Listed,,USD,36.75600051879883,6,6,100.0,0.21384237549739762,0.1784070590627726,-0.017764757060971508,2026-06-18,4.0,5.833333333333333,7.139094246938239,292.3559690081615,143.5896544341491,916.5704311149605,350.35696287542106,19.513116764137532,19.513116764137532,96.0,100.0,92.86090575306176,87.94297823845665,Muy rapida,Alta,Estable,Rapido defensivo
GWW,"W.W. GRAINGER, INC.",Stock,NYSE,5000,USD,1233.7099609375,6,6,100.0,0.21347883418170863,0.20987699594700798,0.05348975604006569,2026-05-11,4.0,7.333333333333333,8.687155268939692,111.65785954827423,53.86699162440867,383.0447006503919,137.79368890173444,19.479943619080913,19.479943619080913,96.0,100.0,91.31284473106031,87.71040554384076,Muy rapida,Alta,Estable,Rapido defensivo
PSL,Invesco Dorsey Wright Consumer Staples Momentum ETF,ETF/Fund,US Listed,,USD,109.83999633789062,6,6,100.0,0.20799212438779294,0.2032171038414764,0.2607038461448531,2026-06-22,4.0,4.833333333333333,2.7141603981096374,96.92347623408921,76.01073958320583,219.39316220253096,78.14028732863146,18.979281350386106,18.979281350386106,96.0,100.0,97.28583960189036,88.60086806467133,Muy rapida,Alta,Muy estable,Rapido defensivo
IFLO,VictoryShares International Free Cash Flow ETF,ETF/Fund,US Listed,,USD,33.39500045776367,8,8,100.0,0.20436614201182365,0.17350242431324597,-0.0820963944075622,2026-06-09,4.0,7.375,6.738747234146291,141.49361355819394,103.5135477773372,450.6809688109671,156.78093340175712,18.64841045857891,18.64841045857891,96.0,100.0,93.26125276585371,87.99355405688988,Muy rapida,Alta,Estable,Rapido defensivo
DVOL,First Trust Dorsey Wright Momentum & Low Volatility ETF,ETF/Fund,US Listed,,USD,36.70000076293945,6,6,100.0,0.20147455700634812,0.2095468293470807,-0.43386442929548985,2026-06-25,4.0,4.666666666666667,4.033195589934446,72.35634245601442,70.0499710265904,138.14395943739976,50.2168070823143,18.384553326829266,18.384553326829266,96.0,100.0,95.96680441006555,88.39649521851618,Muy rapida,Alta,Muy estable,Rapido defensivo
TCBI,TEXAS CAPITAL BANCSHARES INC/TX,Stock,Nasdaq,6022,USD,99.48999786376952,2,2,100.0,0.2010252329825734,0.2010252329825734,-1.477536689382565,2026-06-01,4.0,4.0,0.0,41.272993146734606,41.272993146734606,41.272993146734606,0.0,18.343552509659823,18.343552509659823,96.0,100.0,100.0,89.00102523298257,Muy rapida,Alta,Muy estable,Rapido defensivo
BRO,"BROWN & BROWN, INC.",Stock,NYSE,6411,USD,56.45000076293945,6,6,100.0,0.19419105269102213,0.18359092104020647,0.16891956856852586,2026-05-11,4.0,4.5,3.987480407475377,375.5289453857465,255.23748723439087,1133.6504988739855,411.6259449916387,17.719933558055768,17.719933558055768,96.0,100.0,96.01251959252463,88.39606899156972,Muy rapida,Alta,Muy estable,Rapido defensivo
IBKR,"Interactive Brokers Group, Inc.",Stock,Nasdaq,6211,USD,86.97000122070312,12,12,100.0,0.1913354937407528,0.1230390712555212,-0.8424494474905565,2026-06-01,4.0,10.5,17.159677894836648,165.5867297716611,139.53520580407596,340.78514605248006,102.05032074744227,17.459363803843694,17.459363803843694,96.0,100.0,82.84032210516335,86.41738380951526,Muy rapida,Alta,Variable,Rapido defensivo
CHPS,Xtrackers Semiconductor Select Equity ETF,ETF/Fund,US Listed,,USD,97.52999877929688,6,6,100.0,0.17480034391757618,0.19272746534267135,0.39277689931508153,2026-06-18,4.0,3.5,2.073644135332772,607.5581121713932,82.70058590322574,2654.916014409879,1042.9031884099425,15.950531382478827,15.950531382478827,96.0,100.0,97.92635586466723,88.66375372361766,Muy rapida,Alta,Muy estable,Rapido defensivo
VTWG,Vanguard Russell 2000 Growth ETF,ETF/Fund,US Listed,,USD,277.57000732421875,6,6,100.0,0.16232686274385016,0.14649441874467073,0.2322139317690742,2026-06-18,4.0,11.666666666666666,18.565200420859092,245.83885562977753,123.98452759400546,953.9530673370118,360.91303661698134,14.812326225376328,14.812326225376328,96.0,100.0,81.4347995791409,86.17754679961499,Muy rapida,Alta,Variable,Rapido defensivo
RNR,RENAISSANCERE HOLDINGS LTD,Stock,NYSE,6331,USD,300.8800048828125,5,5,100.0,0.1540006247457608,0.1617141662137661,-0.29561375447512245,2026-06-15,4.0,4.6,4.505552130427524,217.98855560341212,61.86813298718074,590.2295884868,246.86386241101786,14.052557008050671,14.052557008050671,96.0,100.0,95.49444786957248,88.27816780518164,Muy rapida,Alta,Muy estable,Rapido defensivo
GE,GENERAL ELECTRIC CO,Stock,NYSE,3600,USD,323.1099853515625,5,5,100.0,0.1426537668091489,0.1454613046045644,-0.42560587598667593,2026-03-09,4.0,4.8,1.3038404810405297,107.14755061087695,98.77898040930889,191.7925434814433,51.42209903492638,13.017156221334837,13.017156221334837,96.0,100.0,98.69615951895948,88.74707769465307,Muy rapida,Alta,Muy estable,Rapido defensivo
HEAL,Global X HealthTech ETF,ETF/Fund,,,USD,29.63999938964844,2,2,100.0,0.13386677698321026,0.13386677698321026,-0.020834818135741194,2025-12-30,4.0,4.0,4.242640687119285,83.38402408825647,83.38402408825647,123.4688115178414,56.68845002776157,12.215343399717936,12.215343399717936,96.0,100.0,95.75735931288071,88.29747067391531,Muy rapida,Alta,Muy estable,Rapido defensivo
COST,COSTCO WHOLESALE CORP /NEW,Stock,Nasdaq,5331,USD,1014.530029296875,12,12,100.0,0.13357439439236005,0.13738896662357555,-0.15661604201371457,2026-05-01,4.0,3.1666666666666665,1.6422453217986943,219.5334629461735,132.78039849532414,550.8175153825298,194.80710766997836,12.188663488302854,12.188663488302854,96.0,100.0,98.3577546782013,88.68723759612254,Muy rapida,Alta,Muy estable,Rapido defensivo
CNR,"Core Natural Resources, Inc.",Stock,NYSE,1220,USD,93.9499969482422,6,6,100.0,0.12828323377910292,0.1311481321825207,-0.5444151921760733,2026-05-29,4.0,5.833333333333333,4.9966655548141965,351.450595156896,253.12144934127423,761.6723562428854,337.6011659338019,11.705845082343139,11.705845082343139,96.0,100.0,95.0033344451858,88.17878340055697,Muy rapida,Alta,Muy estable,Rapido defensivo
VFLO,VictoryShares Free Cash Flow ETF,ETF/Fund,US Listed,,USD,46.150001525878906,16,16,100.0,0.12807911993086873,0.10278825928555455,-0.36188000925148334,2026-06-09,4.0,6.5625,7.771475621356175,144.87081467320962,48.92021700983569,520.461379990042,189.02136578596765,11.68721969369177,11.68721969369177,96.0,100.0,92.22852437864383,87.76235777672744,Muy rapida,Alta,Estable,Rapido defensivo
VONG,Vanguard Russell 1000 Growth ETF,ETF/Fund,US Listed,,USD,125.3499984741211,6,6,100.0,0.12554852291163052,0.1269133399196494,-0.07109917703829612,2026-06-18,4.0,5.5,5.648008498577175,142.85975217141734,59.41203857034621,488.95856953263495,182.88361710816127,11.456302715686284,11.456302715686284,96.0,100.0,94.35199150142283,88.07834724812506,Muy rapida,Alta,Estable,Rapido defensivo
WAB,WESTINGHOUSE AIR BRAKE TECHNOLOGIES CORP,Stock,NYSE,3743,USD,255.16000366210935,6,6,100.0,0.12449096804951713,0.12345942025228554,-0.16191248290688895,2026-05-22,4.0,16.166666666666668,30.432986489443763,155.43536615812013,165.19807465561763,344.0400465057711,126.58130770179748,11.359800834518436,11.359800834518436,96.0,100.0,69.56701351055624,84.35954299463295,Muy rapida,Alta,Variable,Rapido defensivo
DGRW,WisdomTree U.S. Quality Dividend Growth Fund,ETF/Fund,US Listed,,USD,94.66999816894533,18,18,100.0,0.11578115252649271,0.09993427933059355,-0.08399903740118524,2026-06-25,4.0,11.38888888888889,18.90265741943021,43.70183279737101,21.02266550500196,195.06920862291244,55.30140682924129,10.56503016804246,10.56503016804246,96.0,100.0,81.09734258056979,86.08038253961196,Muy rapida,Alta,Variable,Rapido defensivo
CFO,VictoryShares US 500 Enhanced Volatility Wtd ETF,ETF/Fund,US Listed,,USD,77.98200225830078,18,18,100.0,0.11347721219990373,0.131572350586241,-0.2055288470909845,2026-06-09,4.0,10.333333333333334,16.200944053828906,105.63710896666349,34.978778614332185,314.9015929175689,119.06772617353509,10.354795613241215,10.354795613241215,96.0,100.0,83.7990559461711,86.48333560412557,Muy rapida,Alta,Variable,Rapido defensivo
TW,Tradeweb Markets Inc.,Stock,Nasdaq,6200,USD,100.25,12,12,100.0,0.10541096467644077,0.1037547953506757,0.07153944092205293,2026-06-01,4.0,9.5,13.331439259407542,88.47984110466348,76.00531398747275,184.7138545239609,75.01953266833432,9.61875052672522,9.61875052672522,96.0,100.0,86.66856074059245,86.90569507576531,Muy rapida,Alta,Estable,Rapido defensivo
FDIF,Fidelity Disruptors ETF,ETF/Fund,US Listed,,USD,39.10200119018555,6,6,100.0,0.08725830770726463,0.08907864043793295,-0.0007595089844916192,2026-06-18,4.0,5.666666666666667,6.742897497861485,207.49325353823022,90.03874416653942,640.3512565174572,261.0282870879538,7.962320578287898,7.962320578287898,96.0,100.0,93.25710250213851,87.87582368302803,Muy rapida,Alta,Estable,Rapido defensivo
BRNY,Burney U.S. Factor Rotation ETF,ETF/Fund,US Listed,,USD,47.47200012207031,5,5,100.0,0.08720804075469157,0.1021694924142929,-0.7777364752844212,2026-03-30,4.0,4.4,3.9115214431215897,120.91485149896744,114.01332317967086,255.69756735251715,97.55257691496371,7.957733718865606,7.957733718865606,96.0,100.0,96.08847855687841,88.30047982428644,Muy rapida,Alta,Muy estable,Rapido defensivo
TILE,INTERFACE INC,Stock,Nasdaq,2273,USD,29.75,12,12,100.0,0.07762555742097442,0.07331669816912215,-0.48549391579032114,2026-06-05,4.0,9.833333333333334,15.22458139943029,181.75455533515074,143.73923793757524,515.2933688123687,172.7472709850194,7.083332114663916,7.083332114663916,96.0,100.0,84.77541860056971,86.59393834750642,Muy rapida,Alta,Variable,Rapido defensivo
MU,MICRON TECHNOLOGY INC,Stock,Nasdaq,3674,USD,357.2200012207031,10,10,100.0,0.07380540197453828,0.0625850340136054,-1.6043595882751034,2026-03-30,4.0,3.6,1.577621275493231,328.30189459845684,220.2957151772453,833.2928807265095,296.3042727627895,6.734742930176617,6.734742930176617,96.0,100.0,98.42237872450677,88.63716221065056,Muy rapida,Alta,Muy estable,Rapido defensivo
AIQ,Global X Artificial Intelligence & Technology ETF,ETF/Fund,US Listed,,USD,63.150001525878906,3,3,100.0,0.06680408069123688,0.0876150680314821,0.39630279260077916,2026-06-29,4.0,4.666666666666667,2.081665999466133,107.27130539155665,61.27829167576736,206.2363996675042,85.7772945323524,6.095872363075365,6.095872363075365,96.0,100.0,97.91833400053386,88.55455418077132,Muy rapida,Alta,Muy estable,Rapido defensivo
GEV,GE Vernova Inc.,Stock,NYSE,3600,USD,979.0700073242188,6,6,100.0,0.057739495998006506,0.05575066305006685,-0.2269479563800146,2026-06-16,4.0,10.5,17.547079529084034,293.0516287603046,135.44696882338,757.9072680502493,340.45232740746263,5.2687290098180934,5.2687290098180934,96.0,100.0,82.45292047091597,86.2256775666354,Muy rapida,Alta,Variable,Rapido defensivo
TXT,TEXTRON INC,Stock,NYSE,3720,USD,93.75,6,6,100.0,0.024002926530062182,0.02367363837042695,-0.20998114904759155,2026-06-12,4.0,4.5,4.03732584763727,157.16811688655318,72.85969548685978,618.5604723590492,231.93966321048103,2.190267045868174,2.190267045868174,96.0,100.0,95.96267415236272,88.21840404938446,Muy rapida,Alta,Muy estable,Rapido defensivo
AMUU,Direxion Daily AMD Bull 2X ETF,ETF/Fund,US Listed,,USD,266.6000061035156,6,6,100.0,2.0637550839352325,0.545426850802837,-1.1715707201865306,2026-06-23,4.5,10.833333333333334,16.32686946927263,1186.097596364292,450.2687289312481,4984.508335940355,1875.1007186018924,167.39346791919107,167.39346791919107,95.5,100.0,83.67313053072738,88.26472466354434,Muy rapida,Alta,Variable,Rapido y rentable
SUNC,SunocoCorp LLC,Stock,NYSE,2911,USD,66.73999786376953,2,2,100.0,1.6030520328107878,1.6030520328107878,-0.7387369974969549,2026-05-08,4.5,4.5,0.7071067811865476,270.85791028048715,270.85791028048715,382.8291341368547,158.35122337318884,130.02533155020834,130.02533155020834,95.5,100.0,99.29289321881345,90.14698601563282,Muy rapida,Alta,Muy estable,Rapido y rentable
NWL,NEWELL BRANDS INC.,Stock,Nasdaq,3089,USD,3.569999933242798,12,12,100.0,1.5004095839963363,1.399777633679153,-1.000583104194763,2026-05-29,4.5,14.5,25.596519649784774,417.5697199529454,464.0932265796233,766.8075658163849,289.4268827248561,121.69988847970282,121.69988847970282,95.5,100.0,74.40348035021523,86.31093163652862,Muy rapida,Alta,Variable,Rapido y rentable
TFC,TRUIST FINANCIAL CORP,Stock,NYSE,6021,USD,49.7400016784668,6,6,100.0,1.1397453397402244,1.1331927535142468,-0.4589083317263281,2026-05-08,4.5,8.833333333333334,12.608198390994117,327.30455532271134,285.45222608205574,683.4929868193421,304.92439538155514,92.44601089004044,92.44601089004044,95.5,100.0,87.39180160900588,87.89851558109112,Muy rapida,Alta,Estable,Rapido y rentable
OCFC,OCEANFIRST FINANCIAL CORP,Stock,Nasdaq,6021,USD,19.07999992370605,12,12,100.0,1.1188649081241153,1.106847897701386,-0.9118418646977858,2026-04-27,4.5,5.333333333333333,2.3868325657594203,170.54021303464387,165.45278096666135,298.4890374077691,67.80364614684636,90.75237588117824,90.75237588117824,95.5,100.0,97.61316743424058,89.4108400232602,Muy rapida,Alta,Muy estable,Rapido y rentable
FJP,First Trust Japan AlphaDEX Fund,ETF/Fund,US Listed,,USD,76.97000122070312,4,4,100.0,0.8774136319609106,0.7117400817478453,-0.7241269059605118,2026-06-25,4.5,9.75,13.098982148752373,303.4462326597687,117.06491537561918,934.7974574793463,422.27857223082975,71.16799459238497,71.16799459238497,95.5,100.0,86.90101785124763,87.56256630964805,Muy rapida,Alta,Estable,Rapido y rentable
DUK,Duke Energy CORP,Stock,NYSE,4931,USD,124.30999755859376,6,6,100.0,0.8730702084945926,0.8593970460265854,-0.8334332186528596,2026-05-15,4.5,4.166666666666667,2.786873995477131,297.4898701544434,150.96558745350313,913.150152848031,330.7777906204694,70.81569468900585,70.81569468900585,95.5,100.0,97.21312600452286,89.10503910917303,Muy rapida,Alta,Muy estable,Rapido y rentable
PNC,"PNC FINANCIAL SERVICES GROUP, INC.",Stock,NYSE,6021,USD,223.0,6,6,100.0,0.8569952421121484,0.8393876481139615,-0.5031797061758633,2026-04-14,4.5,4.666666666666667,3.386246693120078,414.13776134921517,137.39509596389001,1180.5469119060886,488.08801005285693,69.51183630465204,69.51183630465204,95.5,100.0,96.61375330687993,88.99905823814414,Muy rapida,Alta,Muy estable,Rapido y rentable
DCOM,"Dime Community Bancshares, Inc. /NY/",Stock,NYSE,6021,USD,35.900001525878906,6,6,100.0,0.8392383651923985,0.8384520937496776,0.38206217125893877,2026-04-17,4.5,3.8333333333333335,2.316606713852541,517.2815360018463,379.4344015912742,1453.8999699287108,495.10168926740346,68.07155628782787,68.07155628782787,95.5,100.0,97.68339328614746,89.14174735811453,Muy rapida,Alta,Muy estable,Rapido y rentable
PAG,"PENSKE AUTOMOTIVE GROUP, INC.",Stock,NYSE,5500,USD,164.72999572753906,6,6,100.0,0.805759799962487,0.8194895556119037,-0.04784100050000758,2026-05-26,4.5,13.166666666666666,20.566153424174068,116.38914049745397,129.97685438265523,183.9964248121443,74.62211393255468,65.35607266362395,65.35607266362395,95.5,100.0,79.43384657582592,86.37083678633638,Muy rapida,Alta,Variable,Rapido y rentable
MDT,Medtronic plc,Stock,NYSE,3845,USD,80.5199966430664,6,6,100.0,0.7995728091624205,0.7982743824214369,-0.43199907939247156,2026-06-26,4.5,6.5,4.847679857416329,180.63380610313504,144.88037339078215,534.9012276674149,183.7782923623925,64.85423896539632,64.85423896539632,95.5,100.0,95.15232014258368,88.72242083054998,Muy rapida,Alta,Muy estable,Rapido y rentable
PBI,PITNEY BOWES INC /DE/,Stock,NYSE,3579,USD,15.75,6,6,100.0,0.7395292822100529,0.7285444717095235,-0.7324646379631008,2026-05-18,4.5,4.833333333333333,1.4719601443879746,262.3517508464995,227.94404088668156,625.7135784815229,231.40813259725877,59.984041779259854,59.984041779259854,95.5,100.0,98.52803985561202,89.16873526055187,Muy rapida,Alta,Muy estable,Rapido y rentable
NCMI,"National CineMedia, Inc.",Stock,Nasdaq,7310,USD,3.0,12,12,100.0,0.7337613034404854,0.7218154490201777,0.03373685370501309,2026-05-22,4.5,10.0,15.015143870590967,246.29076486037255,231.6595614529763,482.9512383054324,157.22658208634866,59.51619461239492,59.51619461239492,95.5,100.0,84.98485612940904,87.13148972285185,Muy rapida,Alta,Variable,Rapido y rentable
CCEC,Capital Clean Energy Carriers Corp. Common Share,Other Unmatched,,,USD,20.38999938964844,6,6,100.0,0.7187954616114466,0.7169364745638304,-0.9856336704512739,2026-05-11,4.5,12.166666666666666,17.837226989267883,177.62453086710738,184.45557778094965,359.1325029383666,121.63395264077023,58.30229855292844,58.30229855292844,95.5,100.0,82.16277301073211,86.69321141322128,Muy rapida,Alta,Variable,Rapido y rentable
ITIC,INVESTORS TITLE CO,Stock,Nasdaq,6361,USD,253.7100067138672,12,12,100.0,0.7158981193880346,0.20632670807543446,-0.7386488237306391,2026-06-15,4.5,15.166666666666666,25.636739735044785,148.00817179786802,104.32009515123704,338.71884509663244,137.23959397521728,58.06729190591837,58.06729190591837,95.5,100.0,74.36326026495522,85.52038715913132,Muy rapida,Alta,Variable,Rapido y rentable
FUNC,FIRST UNITED CORP/MD/,Stock,Nasdaq,6021,USD,37.54999923706055,12,12,100.0,0.7007292604901778,0.6790341215360856,-0.4998789361427007,2026-04-17,4.5,6.166666666666667,6.75322594069387,260.4179281998822,186.16487653463946,776.3717426964441,260.35792906447983,56.83692890642553,56.83692890642553,95.5,100.0,93.24677405930613,88.3377453693861,Muy rapida,Alta,Estable,Rapido y rentable
JNJ,JOHNSON & JOHNSON,Stock,NYSE,2834,USD,234.33999633789065,6,6,100.0,0.6840510426109003,0.6797867548344652,-0.4852788247041347,2026-05-26,4.5,6.5,6.534523701081817,150.365433580291,117.68689424607261,340.1107534064941,124.68306215586311,55.48414012288415,55.48414012288415,95.5,100.0,93.46547629891819,88.35387248744864,Muy rapida,Alta,Estable,Rapido y rentable
CHCO,CITY HOLDING CO,Stock,Nasdaq,6021,USD,127.3499984741211,12,12,100.0,0.6834762874345713,0.6944336238042188,-0.7485871336819109,2026-04-15,4.5,20.666666666666668,26.592320604857242,294.5173087395031,281.20981506750877,603.2500836403115,262.4850074858121,55.43752109191523,55.43752109191523,95.5,100.0,73.40767939514276,85.344628196706,Muy rapida,Alta,Variable,Rapido y rentable
PLBC,PLUMAS BANCORP,Stock,Nasdaq,6153,USD,51.0099983215332,12,12,100.0,0.6790531553076654,0.6691605785231256,-1.06429781997194,2026-05-01,4.5,5.666666666666667,4.579268169663901,193.0669063545596,153.08373554772484,446.6548846250995,139.6673069498204,55.078755930510646,55.078755930510646,95.5,100.0,95.4207318303361,88.64216292985809,Muy rapida,Alta,Muy estable,Rapido y rentable
MS,MORGAN STANLEY,Stock,NYSE,6211,USD,187.0800018310547,6,6,100.0,0.6391324099560598,0.6330523414631792,-0.3561373235793357,2026-04-30,4.5,6.0,5.513619500836088,262.4628429318252,154.29149531216166,879.9166019261081,317.77598351056787,51.84073991865818,51.84073991865818,95.5,100.0,94.48638049916391,88.46208948483066,Muy rapida,Alta,Estable,Rapido y rentable
NTRS,NORTHERN TRUST CORP,Stock,Nasdaq,6022,USD,173.05999755859375,12,12,100.0,0.6205107611514208,0.6091818911703726,-0.5695475001084839,2026-06-05,4.5,9.166666666666666,11.853908701991573,342.0757672316773,137.01959649916813,964.8250280991032,392.1136041609756,50.330317293393016,50.330317293393016,95.5,100.0,88.14609129800843,87.4924244558527,Muy rapida,Alta,Estable,Rapido y rentable
BULD,Pacer BlueStar Engineering the Future ETF,ETF/Fund,,,USD,26.61000061035156,2,2,100.0,0.6143069874709961,0.6143069874709961,-0.7804638521735076,2025-12-30,4.5,4.5,3.5355339059327378,191.061462203726,191.061462203726,241.9493113393353,71.96628640757467,49.827122317091906,49.827122317091906,95.5,100.0,96.46446609406726,88.73397690158109,Muy rapida,Alta,Muy estable,Rapido y rentable
CHMG,CHEMUNG FINANCIAL CORP,Stock,Nasdaq,6022,USD,71.26000213623047,12,12,100.0,0.6128106293357668,0.6520488813300289,-1.7868524908264758,2026-06-17,4.5,10.333333333333334,15.417424223811501,197.34120103620333,170.10022041116838,421.080736457825,172.7609602155324,49.70575104612331,49.70575104612331,95.5,100.0,84.58257577618849,86.95019699576405,Muy rapida,Alta,Variable,Rapido y rentable
IMO,IMPERIAL OIL LTD,Stock,NYSE,2911,USD,126.2699966430664,6,6,100.0,0.6081670519347299,0.5702006849208947,-0.6506931547586816,2026-06-04,4.5,4.166666666666667,2.857738033247041,338.05236257839897,255.8855036500021,686.6315338441668,275.637043542049,49.329105323594746,49.329105323594746,95.5,100.0,97.14226196675295,88.82950634694768,Muy rapida,Alta,Muy estable,Rapido y rentable
NC,NACCO INDUSTRIES INC,Stock,NYSE,1221,USD,50.59999847412109,6,6,100.0,0.588620419715911,0.5855945219810622,-0.7998334244609816,2026-06-01,4.5,4.666666666666667,1.3662601021279464,153.4313876577803,128.84437548985156,363.2186907132201,114.38559030247376,47.74365626584611,47.74365626584611,95.5,100.0,98.63373989787205,89.03368140439672,Muy rapida,Alta,Muy estable,Rapido y rentable
CI,Cigna Group,Stock,NYSE,6324,USD,270.7300109863281,6,6,100.0,0.5255815879743211,0.5251987587789063,0.36587001722145135,2026-06-04,4.5,12.666666666666666,21.115555087817764,423.94925261093096,175.65378295218432,1551.7833805512416,599.5344761789395,42.63050658013938,42.63050658013938,95.5,100.0,78.88444491218223,86.00824832480166,Muy rapida,Alta,Variable,Rapido y rentable
ODDS,Pacer BlueStar Digital Entertainment ETF,ETF/Fund,US Listed,,USD,24.36000061035156,6,6,100.0,0.5140123633319472,0.15924191631201934,-0.8873162235988948,2026-06-04,4.5,18.5,25.065913109240604,166.69796062038424,128.95783437072217,560.093339255113,204.888056917794,41.69211391470239,41.69211391470239,95.5,100.0,74.9340868907594,85.40412539694586,Muy rapida,Alta,Variable,Rapido y rentable
NSI,National Security Emerging Markets Index ETF,ETF/Fund,US Listed,,USD,38.15999984741211,4,4,100.0,0.4875499781627244,0.5143268108048487,-0.9340590396797487,2026-05-22,4.5,6.25,4.573474244670748,110.37197242027,120.96170062823498,169.5271618272902,58.431665272803336,39.54572045097653,39.54572045097653,95.5,100.0,95.42652575532925,88.4515288414621,Muy rapida,Alta,Muy estable,Rapido y rentable
DGX,QUEST DIAGNOSTICS INC,Stock,NYSE,8071,USD,198.0200042724609,6,6,100.0,0.45958137581262465,0.4534411207563426,-0.06744299472772551,2026-04-06,4.5,7.166666666666667,6.705718952257593,214.65337318198235,69.35361546914649,999.9440349184644,385.3146808945797,37.27715603813511,37.27715603813511,95.5,100.0,93.2942810477424,88.10372353297399,Muy rapida,Alta,Estable,Rapido y rentable
FRBA,First Bank Common Stock,Other Unmatched,,,USD,15.420000076293944,6,6,100.0,0.44608052848713714,0.40174848843902367,-0.5356467557623119,2026-05-08,4.5,7.166666666666667,7.277820186475251,166.06973289406952,110.29711344455151,462.3336118062337,173.71879219269775,36.182087310623345,36.182087310623345,95.5,100.0,92.72217981352475,88.00440750051587,Muy rapida,Alta,Estable,Rapido y rentable
DDIV,First Trust Dorsey Wright Momentum & Dividend ETF,ETF/Fund,US Listed,,USD,45.08100128173828,6,6,100.0,0.44320329519104423,0.44089807867418024,-0.6928992175682055,2026-06-25,4.5,7.166666666666667,9.17423929634859,195.52004921492298,94.03028821500628,518.2925149745919,217.09758191543656,35.94871172105136,35.94871172105136,95.5,100.0,90.82576070365141,87.71706740073876,Muy rapida,Alta,Estable,Rapido y rentable
DGRE,WisdomTree Emerging Markets Quality Dividend Growth Fund,ETF/Fund,US Listed,,USD,39.869998931884766,6,6,100.0,0.4257758385705152,0.44691848672187606,-0.9448318439827919,2026-06-25,4.5,10.166666666666666,13.105978279650348,158.20002135412435,119.61128535753508,466.8926921898975,165.7334315523874,34.535151350719566,34.535151350719566,95.5,100.0,86.89402172034966,87.10987909662298,Muy rapida,Alta,Estable,Rapido y rentable
OSK,OSHKOSH CORP,Stock,NYSE,3711,USD,128.50999450683594,6,6,100.0,0.42145846187877756,0.42646038201251313,-0.5393431896236525,2026-05-26,4.5,4.833333333333333,2.9268868558020253,221.54176416708165,92.56957303341753,910.953400903402,340.4731238758315,34.184964130167515,34.184964130167515,95.5,100.0,97.07311314419798,88.63242543350847,Muy rapida,Alta,Muy estable,Rapido y rentable
CNO,"CNO Financial Group, Inc.",Stock,NYSE,6321,USD,48.70000076293945,6,6,100.0,0.4147227319790548,0.4188017754017914,-0.16878451032066688,2026-06-10,4.5,8.833333333333334,10.647378394077421,332.8156186515171,124.60309294194361,884.4644633731875,411.28131207881387,33.63862159385667,33.63862159385667,95.5,100.0,89.35262160592258,87.46761597286745,Muy rapida,Alta,Estable,Rapido y rentable
SHRY,First Trust Bloomberg Shareholder Yield ETF,ETF/Fund,US Listed,,USD,42.33599853515625,6,6,100.0,0.4095629459014611,0.42142736472000925,-0.4088309493628544,2026-06-25,4.5,8.333333333333334,9.605553948974867,92.35335775088477,52.64003535043645,213.3799415649459,94.06003399061035,33.2201056120074,33.2201056120074,95.5,100.0,90.39444605102513,87.61872985355524,Muy rapida,Alta,Estable,Rapido y rentable
UIVM,VictoryShares International Value Momentum ETF,ETF/Fund,US Listed,,USD,72.03099822998047,14,14,100.0,0.40347096550993455,0.39194182154671897,-0.5232466956591728,2026-06-09,4.5,5.428571428571429,4.200994126198184,124.98248897222285,65.63170551287465,458.183223548755,137.44854894516453,32.72597831358358,32.72597831358358,95.5,100.0,95.79900587380182,88.42332184658022,Muy rapida,Alta,Muy estable,Rapido y rentable
NSSC,"NAPCO SECURITY TECHNOLOGIES, INC",Stock,Nasdaq,3669,USD,36.43000030517578,12,12,100.0,0.401565551063376,0.3821375006173583,-0.44674693213568833,2026-06-12,4.5,13.833333333333334,21.178176302863086,290.2903457218833,94.8629752174717,941.8071130752492,347.98148053061016,32.571428030696055,32.571428030696055,95.5,100.0,78.82182369713692,85.87483910563391,Muy rapida,Alta,Variable,Rapido y rentable
TRV,"TRAVELERS COMPANIES, INC.",Stock,NYSE,6331,USD,300.25,6,6,100.0,0.3989205922506378,0.4047853965130309,-0.359290758652292,2026-06-10,4.5,14.0,25.12369399590753,241.05817800124592,200.65125258065132,530.023198441403,227.06723736254978,32.35689248255173,32.35689248255173,95.5,100.0,74.87630600409247,85.2803664928645,Muy rapida,Alta,Variable,Rapido y rentable
GRC,GORMAN RUPP CO,Stock,NYSE,3561,USD,76.06999969482422,6,6,100.0,0.39258934336418316,0.4272667189952807,-0.9348826220785181,2026-05-15,4.5,7.333333333333333,8.115828156551041,213.20803669244935,203.26909077323512,420.6086046371693,170.1372013179566,31.843357850650413,31.843357850650413,95.5,100.0,91.88417184344895,87.82521511988152,Muy rapida,Alta,Estable,Rapido y rentable
ALLE,Allegion plc,Stock,NYSE,7381,USD,133.97000122070312,4,4,100.0,0.3908629221726684,0.3925661969158878,-0.40961844932836117,2026-06-15,4.5,5.25,4.193248541803041,217.13999949268933,100.70806029756078,636.6126330054852,281.6028421589121,31.70332590956088,31.70332590956088,95.5,100.0,95.80675145819696,88.41187564090222,Muy rapida,Alta,Muy estable,Rapido y rentable
GLW,CORNING INC /NY,Stock,NYSE,3357,USD,182.97000122070312,6,6,100.0,0.369563603101339,0.3730900265297835,-0.4083886971172687,2026-05-29,4.5,4.666666666666667,3.723797345005051,334.4680986735786,76.58926515720344,1065.2052182567363,442.4517562698384,29.97571447377528,29.97571447377528,95.5,100.0,96.27620265499495,88.46099400135058,Muy rapida,Alta,Muy estable,Rapido y rentable
ZTS,Zoetis Inc.,Stock,NYSE,2834,USD,122.37999725341795,6,6,100.0,0.36270594148820073,0.34164829085493353,-0.3415006559931428,2026-04-20,4.5,4.333333333333333,0.8164965809277259,79.67634271464735,83.63198938041936,117.71351198015924,25.196356008537172,29.419481920709618,29.419481920709618,95.5,100.0,99.18350341907228,88.89023145434905,Muy rapida,Alta,Muy estable,Rapido y rentable
MSCI,MSCI Inc.,Stock,NYSE,7389,USD,569.6900024414062,6,6,100.0,0.3353114925981349,0.3163494919495272,-0.6877890179513985,2026-05-15,4.5,15.0,19.0473095212946,146.33154384355493,95.28014490327988,411.67705619367433,162.66068965007207,27.19748773295983,27.19748773295983,95.5,100.0,80.95269047870539,86.12821506440395,Muy rapida,Alta,Variable,Rapido y rentable
HUBG,"Hub Group, Inc.",Stock,Nasdaq,4731,USD,43.59999847412109,12,12,100.0,0.3334015693139108,0.33040481526440224,-0.6380075398169406,2026-06-05,4.5,5.166666666666667,3.325748947320898,364.65149671881096,140.85756113823015,1615.5711799392147,591.7829715408861,27.042571733239427,27.042571733239427,95.5,100.0,96.6742510526791,88.48453922721578,Muy rapida,Alta,Muy estable,Rapido y rentable
EVR,Evercore Inc.,Stock,NYSE,6282,USD,346.9200134277344,6,6,100.0,0.2881466895523391,0.26145859527648374,-1.300928430553437,2026-05-29,4.5,11.166666666666666,15.689699381016409,159.99827224276981,60.8652967028827,582.3751428255031,217.90979104478146,23.371898152578616,23.371898152578616,95.5,100.0,84.31030061898359,86.58469178239987,Muy rapida,Alta,Variable,Rapido defensivo
SQLV,Royce Quant Small-Cap Quality Value ETF,ETF/Fund,US Listed,,USD,50.5890007019043,6,6,100.0,0.28499370163821797,0.27779263225071,0.03702916243587747,2026-06-15,4.5,9.0,9.486832980505138,82.89349941050662,95.4023201482512,143.79949257048327,58.4481574908784,23.116155799544348,23.116155799544348,95.5,100.0,90.51316701949486,87.51196875456245,Muy rapida,Alta,Estable,Rapido defensivo
ASMU,Direxion Daily ASML Bull 2X ETF,ETF/Fund,US Listed,,USD,40.970001220703125,2,2,100.0,0.27861381783532985,0.27861381783532985,-6.022123244630263,2026-06-23,4.5,4.5,4.949747468305833,840.6419921763376,840.6419921763376,1497.1758719825164,928.4791169793256,22.59867633553231,22.59867633553231,95.5,100.0,95.05025253169417,88.18615169758947,Muy rapida,Alta,Muy estable,Rapido defensivo
PSCD,Invesco S&P SmallCap Consumer Discretionary ETF,ETF/Fund,US Listed,,USD,115.33000183105467,6,6,100.0,0.25900378392869666,0.26048278246113643,0.595158076050598,2026-06-22,4.5,7.0,5.621387729022079,161.87753986001877,101.77386967882674,418.5366151469407,169.53529979395506,21.00808469643873,21.00808469643873,95.5,100.0,94.37861227097792,88.06579562457539,Muy rapida,Alta,Estable,Rapido defensivo
ROST,"ROSS STORES, INC.",Stock,Nasdaq,5651,USD,227.4199981689453,12,12,100.0,0.2516208131471325,0.24724436908926356,-1.008426741577121,2026-06-09,4.5,15.166666666666666,21.246746631525554,164.9325462370502,74.95579637789555,413.2602171973289,181.35663547746512,20.409243733045194,20.409243733045194,95.5,100.0,78.75325336847445,85.7146088184183,Muy rapida,Alta,Variable,Rapido defensivo
UMMA,Wahed Dow Jones Islamic World ETF,ETF/Fund,US Listed,,USD,38.459999084472656,6,6,100.0,0.2515362562849686,0.1367158801640544,-0.775570271235449,2026-06-25,4.5,9.5,14.293355099485915,220.7956652359599,117.81425881527834,829.4618047228056,307.3658251456592,20.40238523200301,20.40238523200301,95.5,100.0,85.70664490051408,86.75753299136208,Muy rapida,Alta,Estable,Rapido defensivo
EE,"Excelerate Energy, Inc.",Stock,NYSE,4924,USD,36.22999954223633,6,6,100.0,0.24903481504156946,0.2216095196481687,-0.8052055749810179,2026-05-20,4.5,18.5,25.89015256810975,177.2358250484626,79.75867182436639,533.890258252821,208.40704779589515,20.199490553371746,20.199490553371746,95.5,100.0,74.10984743189024,85.01551192982511,Muy rapida,Alta,Variable,Rapido defensivo
RMD,RESMED INC,Stock,NYSE,3841,USD,202.3699951171875,6,6,100.0,0.2356014317162327,0.22755688178919026,-1.0463122693107358,2026-05-14,4.5,6.0,5.513619500836088,133.39966390919335,52.09628851465631,526.0550214119629,196.090638139744,19.10989390587221,19.10989390587221,95.5,100.0,94.48638049916391,88.05855850659083,Muy rapida,Alta,Estable,Rapido defensivo
FNX,First Trust Mid Cap Core AlphaDEX Fund,ETF/Fund,US Listed,,USD,144.0500030517578,6,6,100.0,0.22480631379060556,0.23333746110771936,-0.43879440172707246,2026-06-25,4.5,8.166666666666666,9.745084230865666,165.9845067495166,45.60214677241082,515.0575779847411,217.56292405905697,18.234289896349118,18.234289896349118,95.5,100.0,90.25491576913433,87.41304367916077,Muy rapida,Alta,Estable,Rapido defensivo
FSCS,First Trust SMID Capital Strength ETF,ETF/Fund,US Listed,,USD,36.55899810791016,6,6,100.0,0.22328603555773777,0.2375512794183554,-0.2414279028318844,2026-06-25,4.5,5.666666666666667,5.046450898073483,105.97703117810288,61.65874638583235,310.1433667426242,118.46021715969182,18.110978439683173,18.110978439683173,95.5,100.0,94.95354910192651,88.11631840084672,Muy rapida,Alta,Estable,Rapido defensivo
OSW,ONESPAWORLD HOLDINGS Ltd,Stock,Nasdaq,7997,USD,23.399999618530277,12,12,100.0,0.22096142785850345,0.22217786131287826,-1.1058343560772006,2026-05-20,4.5,4.333333333333333,2.534608929251695,234.61093284239314,153.71877797996768,795.5143805530641,267.7962927720542,17.922426926300837,17.922426926300837,95.5,100.0,97.46539107074831,88.49077008847075,Muy rapida,Alta,Muy estable,Rapido defensivo
DALI,First Trust Dorsey Wright DALI Equity ETF,ETF/Fund,US Listed,,USD,29.565000534057617,6,6,100.0,0.21820790514643162,0.1081063074355717,-0.6791941685864673,2026-06-25,4.5,13.833333333333334,18.659224707009308,188.73398196203843,49.93751268756078,500.0444246114659,240.4775578239919,17.69908563965501,17.69908563965501,95.5,100.0,81.34077529299068,86.06932419909504,Muy rapida,Alta,Variable,Rapido defensivo
ASML,ASML Holding N.V. New York Registry Shares,Other Unmatched,,,USD,1457.699951171875,6,6,100.0,0.21697053085412354,0.21421035882531503,-0.3572957938621115,2026-04-27,4.5,6.333333333333333,6.0553007081949835,278.0177080128028,152.43751858813192,701.3688117880063,265.9387465173658,17.598720835945574,17.598720835945574,95.5,100.0,93.94469929180502,87.95867542462489,Muy rapida,Alta,Estable,Rapido defensivo
HLIO,"HELIOS TECHNOLOGIES, INC.",Stock,NYSE,3490,USD,71.12999725341797,6,6,100.0,0.21166952764138133,0.1876826779819851,-2.243691147809321,2026-04-13,4.5,4.833333333333333,2.9944392908634274,141.23378801687008,114.27738549871961,249.6358317740293,87.02899318187511,17.168750575356487,17.168750575356487,95.5,100.0,97.00556070913657,88.41250363401187,Muy rapida,Alta,Muy estable,Rapido defensivo
TOL,"Toll Brothers, Inc.",Stock,NYSE,1531,USD,140.22999572753906,6,6,100.0,0.20308842354374199,0.18980731061091266,0.4527632003576474,2026-04-10,4.5,4.833333333333333,4.070217029430577,636.0476576591168,234.27113427857205,2711.384434594093,1025.0082502200833,16.47272768743685,16.47272768743685,95.5,100.0,95.92978297056942,88.24255586912916,Muy rapida,Alta,Muy estable,Rapido defensivo
MSFT,MICROSOFT CORP,Stock,Nasdaq,7372,USD,421.05999755859375,12,12,100.0,0.1963569678274392,0.19346159822962822,-0.4099867289794618,2026-05-21,4.5,4.666666666666667,3.550501458394378,84.4485907007324,78.15647510856273,192.72266880668155,55.079999473126534,15.926731834892289,15.926731834892289,95.5,100.0,96.44949854160562,88.31378174906828,Muy rapida,Alta,Muy estable,Rapido defensivo
JRVR,"James River Group Holdings, Inc.",Stock,Nasdaq,6331,USD,3.9600000381469727,12,12,100.0,0.19314210353230118,0.17847899406470363,-0.8865230772624931,2026-06-08,4.5,4.5,1.3142574813455419,85.7753626396418,84.93752708429264,141.9131285731734,30.143977681873476,15.665970619842208,15.665970619842208,95.5,100.0,98.68574251865446,88.64600348133047,Muy rapida,Alta,Muy estable,Rapido defensivo
DVLU,First Trust Dorsey Wright Momentum & Value ETF,ETF/Fund,US Listed,,USD,39.560001373291016,6,6,100.0,0.19098070888094576,0.20506155450467584,-0.5831223206343669,2026-06-25,4.5,11.833333333333334,17.8484359725626,152.12476268339887,59.869702428058226,590.3820242818242,226.1652619754898,15.490657498121157,15.490657498121157,95.5,100.0,82.1515640274374,86.16371531299656,Muy rapida,Alta,Variable,Rapido defensivo
MUSA,Murphy USA Inc.,Stock,NYSE,5500,USD,561.6799926757812,6,6,100.0,0.13497201059411906,0.12697220485944605,-0.3099651431290311,2026-05-18,4.5,5.833333333333333,4.262237284181474,97.68046778940861,65.9074276810606,314.4739499419307,109.83095743443675,10.947729748189657,10.947729748189657,95.5,100.0,95.73776271581852,88.14563641796691,Muy rapida,Alta,Muy estable,Rapido defensivo
HLAL,Wahed FTSE USA Shariah ETF,ETF/Fund,US Listed,,USD,69.60900115966797,6,6,100.0,0.12213980667598869,0.1256342083034537,-0.583818559264217,2026-06-25,4.5,12.0,18.308467986153293,45.69601304838745,28.33406403621765,120.7193067127345,47.07698428415168,9.906895430385749,9.906895430385749,95.5,100.0,81.69153201384671,86.025869608753,Muy rapida,Alta,Variable,Rapido defensivo
CASY,CASEYS GENERAL STORES INC,Stock,Nasdaq,5500,USD,822.1500244140625,12,12,100.0,0.10145306303530773,0.108837531196478,-0.2798498123212741,2026-05-01,4.5,3.5,1.8829377433825438,227.83492777235895,183.30153360772056,636.6337889248979,202.3390164279148,8.228970668419404,8.228970668419404,95.5,100.0,98.11706225661746,88.46901240152793,Muy rapida,Alta,Muy estable,Rapido defensivo
TETH,21Shares Ethereum ETF,Stock,CBOE,6221,USD,9.949999809265137,2,2,100.0,0.09724492367552365,0.09724492367552365,0.19520106327233833,2026-03-30,4.5,4.5,2.1213203435596424,167.6161701634071,167.6161701634071,199.31393633219025,44.827410812824176,7.887643809236917,7.887643809236917,95.5,100.0,97.87867965644035,88.42904687214157,Muy rapida,Alta,Muy estable,Rapido defensivo
EASY,Liberty One Defensive Dividend Growth ETF,ETF/Fund,US Listed,,USD,26.59600067138672,8,8,100.0,0.09471972742133809,0.07420123417176565,-0.30950833379415904,2026-06-18,4.5,6.75,6.734771180756095,95.27114645522099,71.29128140695957,262.8889989223261,100.35442391972077,7.682822335286312,7.682822335286312,95.5,100.0,93.2652288192439,87.73450405030792,Muy rapida,Alta,Estable,Rapido defensivo
CAFG,Pacer US Small Cap Cash Cows Growth Leaders ETF,ETF/Fund,US Listed,,USD,31.92200088500977,6,6,100.0,0.08744622458177621,0.08532195430727785,-0.5081091547083828,2026-06-04,4.5,10.0,13.236313686219438,151.10781422594326,76.72751528486438,398.4916294286403,172.5173859095952,7.092860438299627,7.092860438299627,95.5,100.0,86.76368631378057,86.75199917164888,Muy rapida,Alta,Estable,Rapido defensivo
FLG,"FLAGSTAR BANK, NATIONAL ASSOCIATION",Stock,NYSE,6036,USD,14.109999656677246,6,6,100.0,0.07959950208923229,0.07843214450560154,-0.2128116877224536,2026-06-05,4.5,6.0,6.6932802122726045,136.10440257097264,79.2113085482227,407.6456772295926,135.48579905630234,6.456404058348841,6.456404058348841,95.5,100.0,93.30671978772739,87.72560747024835,Muy rapida,Alta,Estable,Rapido defensivo
HWM,Howmet Aerospace Inc.,Stock,NYSE,3350,USD,272.5400085449219,6,6,100.0,0.061117279206830084,0.06091188807695305,0.7771105954980224,2026-05-08,4.5,8.333333333333334,12.706953477000955,447.1521936412639,40.276012963349125,2376.687229115192,947.4542058049103,4.957290424553996,4.957290424553996,95.5,100.0,87.29304652299905,86.80507425765668,Muy rapida,Alta,Estable,Rapido defensivo
AMG,"AFFILIATED MANAGERS GROUP, INC.",Stock,NYSE,6282,USD,302.79998779296875,6,6,100.0,0.004436462284775284,0.00425452140893985,0.00035648142819940293,2026-05-11,4.5,9.166666666666666,9.516652072376433,68.647798393381,41.58129437585404,157.19363167142035,70.23549281465816,0.35984638532066193,0.35984638532066193,95.5,100.0,90.48334792762357,87.22693865142831,Muy rapida,Alta,Estable,Rapido defensivo
BRLT,"Brilliant Earth Group, Inc.",Stock,Nasdaq,3910,USD,2.259999990463257,2,2,100.0,11.061946949334049,11.061946949334049,-6.637172389398306,2025-08-22,5.0,5.0,0.0,2422.5663819041565,2422.5663819041565,2422.5663819041565,0.0,807.5221273013856,807.5221273013856,95.0,100.0,100.0,98.5,Muy rapida,Alta,Muy estable,Rapido y rentable
SOGP,Sound Group Inc. American Depositary Shares,Preferred,,,USD,16.350000381469727,2,2,100.0,6.322244525241928,6.322244525241928,-0.8683573329245617,2026-04-22,5.0,5.0,5.656854249492381,2201.508833244681,2201.508833244681,3892.042804747507,2390.776070151748,461.52385034266064,461.52385034266064,95.0,100.0,94.34314575050762,93.97371638781807,Muy rapida,Alta,Estable,Rapido y rentable
RILYT,"BRC Group Holdings, Inc. 6.00% Senior Notes Due 2028",Note/Bond,,,USD,7.314000129699707,2,2,100.0,4.568924168521747,4.568924168521747,-2.2717301721962193,2025-04-15,5.0,5.0,5.656854249492381,1116.2763286696284,1116.2763286696284,1971.3870177493573,1209.3091338267554,333.53146430208756,333.53146430208756,95.0,100.0,94.34314575050762,92.22039603109789,Muy rapida,Alta,Estable,Rapido y rentable
BSM,"Black Stone Minerals, L.P.",Stock,NYSE,1311,USD,13.369999885559082,6,6,100.0,2.341368674047215,2.3036830265108788,-1.6626307637935083,2026-05-08,5.0,12.166666666666666,14.958832396502965,241.99123520522747,231.6493149590294,609.2258648507066,205.46986993962363,170.91991320544668,170.91991320544668,95.0,100.0,85.04116760349703,88.59754381457178,Muy rapida,Alta,Estable,Rapido y rentable
MAN,ManpowerGroup Inc.,Stock,NYSE,7363,USD,31.6299991607666,3,3,100.0,2.1653753243952516,2.276320009812323,-0.29804344504142993,2026-06-01,5.0,6.333333333333333,4.163331998932265,359.5241089178042,185.29212894392907,777.0054139235085,363.1925501736807,158.07239868085338,158.07239868085338,95.0,100.0,95.83666800106774,90.04087552455542,Muy rapida,Alta,Muy estable,Rapido y rentable
AUDC,AudioCodes Ltd. Common Stock,Other Unmatched,,,USD,7.289999961853027,3,3,100.0,2.1034397423200724,1.992031880078684,-1.3143673283738178,2026-02-20,5.0,11.666666666666666,15.14375558880073,442.8853216354226,230.31571198721528,1021.8702896166146,507.2817988635423,153.55110118936528,153.55110118936528,95.0,100.0,84.85624441119927,88.33187640399997,Muy rapida,Alta,Variable,Rapido y rentable
DEC,Diversified Energy Co,Stock,NYSE,1311,USD,14.829999923706056,7,7,100.0,2.0181997523017463,2.0223151807126354,-0.5912614568055322,2026-05-29,5.0,11.428571428571429,12.67355702315051,571.6231796136408,213.56364517405603,2291.6034792519936,833.8420635759369,147.32858191802748,147.32858191802748,95.0,100.0,87.32644297684949,88.61716619882917,Muy rapida,Alta,Estable,Rapido y rentable
HESM,Hess Midstream LP,Stock,NYSE,1311,USD,38.220001220703125,6,6,100.0,1.953152586552856,1.965766581789156,-1.5889577587000547,2026-05-07,5.0,9.333333333333334,13.69184672228939,363.6537794688972,236.5431366271078,1116.391322851533,398.91216919908254,142.5801388183585,142.5801388183585,95.0,100.0,86.30815327771062,88.39937557820946,Muy rapida,Alta,Estable,Rapido y rentable
PPHC,"Public Policy Holding Company, Inc.",Stock,Nasdaq,8742,USD,14.31999969482422,2,2,100.0,1.67597768934831,1.67597768934831,-2.094966783895797,2026-04-24,5.0,5.0,0.0,193.7152629450636,193.7152629450636,193.7152629450636,0.0,122.34637132242662,122.34637132242662,95.0,100.0,100.0,90.17597768934831,Muy rapida,Alta,Muy estable,Rapido y rentable
CRGY,Crescent Energy Co,Stock,NYSE,1311,USD,13.039999961853027,6,6,100.0,1.1584654401945957,1.2078275291189866,-0.2390592617274813,2026-05-18,5.0,8.5,9.460443964212251,473.5049360772478,433.7130401728439,1146.0514871602409,426.56557785625455,84.56797713420548,84.56797713420548,95.0,100.0,90.53955603578775,88.23939884556275,Muy rapida,Alta,Estable,Rapido y rentable
JPY,Lazard Japanese Equity ETF,ETF/Fund,US Listed,,USD,37.4739990234375,3,3,100.0,1.0711360317799152,0.6572297485631797,-0.9275670562383079,2026-06-18,5.0,5.0,4.0,240.32820339959093,126.54505285962588,495.65287875382353,221.55281361144182,78.19293031993382,78.19293031993382,95.0,100.0,96.0,88.97113603177992,Muy rapida,Alta,Muy estable,Rapido y rentable
CVX,CHEVRON CORP,Stock,NYSE,2911,USD,196.1199951171875,6,6,100.0,1.0637007535984921,1.0989752378717885,-1.1599148431384725,2026-05-19,5.0,14.166666666666666,17.870832847594617,151.22283959472784,84.53870472269577,541.5826069095583,197.3666231841688,77.65015501268992,77.65015501268992,95.0,100.0,82.12916715240539,86.8830758264593,Muy rapida,Alta,Variable,Rapido y rentable
USB,US BANCORP \DE\,Stock,NYSE,6021,USD,50.880001068115234,5,5,100.0,1.0633458700121814,1.0614410740642253,-0.416935565929894,2026-03-31,5.0,15.2,25.113741258522197,368.49739475156076,215.92523337490147,1183.6654576545743,465.0825515790474,77.62424851088925,77.62424851088925,95.0,100.0,74.8862587414778,85.79628468123386,Muy rapida,Alta,Variable,Rapido y rentable
WSBF,"Waterstone Financial, Inc.",Stock,Nasdaq,6035,USD,18.34000015258789,12,12,100.0,1.044527590867254,1.0262309645051115,-0.5288568611520404,2026-04-08,5.0,7.5,7.103136311133657,308.28923874768316,254.44111304345927,661.7649945115697,268.6213176874903,76.25051413330954,76.25051413330954,95.0,100.0,92.89686368886635,88.4790571441972,Muy rapida,Alta,Estable,Rapido y rentable
IBOC,INTERNATIONAL BANCSHARES CORP,Stock,Nasdaq,6022,USD,72.4000015258789,6,6,100.0,1.0266971483777405,1.008287271567344,-1.2690805273700148,2026-02-13,5.0,6.0,1.5491933384829668,151.93188180215438,179.79973599408058,186.25874225920148,48.262338013682104,74.94889183157505,74.94889183157505,95.0,100.0,98.45080666151703,89.2943181476053,Muy rapida,Alta,Muy estable,Rapido y rentable
DGICB,"Donegal Group, Inc. Class B Common Stock",Other Unmatched,,,USD,19.25,6,6,100.0,1.0219204527824022,1.0209365864988202,-1.6012335930478476,2026-05-01,5.0,10.5,14.584238067173752,233.63493956871025,152.83231301889285,588.2668978361745,202.941334444436,74.60019305311536,74.60019305311536,95.0,100.0,85.41576193282624,87.33428474270633,Muy rapida,Alta,Estable,Rapido y rentable
KLAC,KLA CORP,Stock,Nasdaq,3827,USD,180.4320068359375,12,12,100.0,1.0151404169687557,0.7574345389780328,-0.6786351063704031,2026-05-18,5.0,19.5,28.899512421177942,139.05451741314675,127.49084449921926,381.7109832617923,126.9546493672494,74.10525043871917,74.10525043871917,95.0,100.0,71.10048757882205,85.18021355379207,Muy rapida,Alta,Variable,Rapido y rentable
LAZ,"Lazard, Inc.",Stock,NYSE,6282,USD,48.08000183105469,6,6,100.0,1.0147562310865763,1.0104022962734316,-1.1572500456760335,2026-05-11,5.0,6.666666666666667,5.680375574437544,201.24108976460477,174.4483375210487,368.4666150389168,117.85842610038719,74.07720486932007,74.07720486932007,95.0,100.0,94.31962442556245,88.66269989492095,Muy rapida,Alta,Estable,Rapido y rentable
MC,Moelis & Co,Stock,NYSE,6282,USD,65.08000183105469,6,6,100.0,0.9985183139165384,0.9922576477101042,-1.1052843887983241,2026-05-11,5.0,15.0,22.34278407003031,128.28050046831746,102.37462057220154,257.2413313074314,101.3864651700992,72.8918369159073,72.8918369159073,95.0,100.0,77.6572159299697,86.147100703412,Muy rapida,Alta,Variable,Rapido y rentable
ATLO,AMES NATIONAL CORP,Stock,Nasdaq,6021,USD,28.739999771118164,12,12,100.0,0.9735621122191197,0.9603031786870511,-1.1558025418976672,2026-06-01,5.0,9.0,10.904544507180981,154.29131046965108,98.55594820849623,476.4046420958928,159.25796469378892,71.07003419199575,71.07003419199575,95.0,100.0,89.09545549281901,87.83788043614196,Muy rapida,Alta,Estable,Rapido y rentable
PEP,PEPSICO INC,Stock,Nasdaq,2080,USD,142.14999389648438,12,12,100.0,0.9708478822011032,0.968515980119435,-0.5854459004682785,2026-06-05,5.0,10.0,12.165525060596439,123.1043579985183,123.61118998682164,176.7632709569514,50.63138556449893,70.87189540068053,70.87189540068053,95.0,100.0,87.83447493940356,87.64601912311163,Muy rapida,Alta,Estable,Rapido y rentable
THFF,FIRST FINANCIAL CORP /IN/,Stock,Nasdaq,6022,USD,77.44000244140625,13,13,100.0,0.9497367177321465,0.926845443513815,-0.462121697455352,2026-07-01,5.0,13.76923076923077,15.433480090125745,281.905217722734,123.23769264474322,828.474731378501,315.5168328309696,69.33078039444669,69.33078039444669,95.0,100.0,84.56651990987426,87.1347147042133,Muy rapida,Alta,Variable,Rapido y rentable
FLN,First Trust Latin America AlphaDEX Fund,ETF/Fund,US Listed,,USD,24.65999984741211,6,6,100.0,0.947169297411046,0.971110468853557,-0.807773159860787,2026-06-25,5.0,9.0,12.976902558006667,231.8911830305634,122.4997321754546,639.7346207200618,257.65880204776903,69.14335871100636,69.14335871100636,95.0,100.0,87.02309744199333,87.50063391371005,Muy rapida,Alta,Estable,Rapido y rentable
SW,Smurfit Westrock plc,Stock,NYSE,2650,USD,40.02000045776367,5,5,100.0,0.9409710655157095,0.9242976412769378,-2.389268894282629,2026-05-15,5.0,6.6,4.8270073544588685,187.8854581241513,144.39676251224157,345.1949038656225,107.81813983863854,68.6908877826468,68.6908877826468,95.0,100.0,95.17299264554113,88.71691996234688,Muy rapida,Alta,Muy estable,Rapido y rentable
EVRG,"Evergy, Inc.",Stock,Nasdaq,4931,USD,83.6500015258789,12,12,100.0,0.9221754100545133,0.9190185991827642,-0.42711035586065166,2026-05-22,5.0,8.666666666666666,11.5941469036856,189.56971815937632,118.91482618131514,429.797163908304,169.9092484138141,67.31880493397946,67.31880493397946,95.0,100.0,88.4058530963144,87.68305337450167,Muy rapida,Alta,Estable,Rapido y rentable
RYAAY,Ryanair Holdings plc American Depositary Shares,Preferred,,,USD,69.0,3,3,100.0,0.8882572247903324,0.8904680754220876,-0.8947965667237742,2026-01-16,5.0,8.333333333333334,9.451631252505218,211.59890530074173,100.98079420289854,503.8639580291479,255.58837899338263,64.84277740969426,64.84277740969426,95.0,100.0,90.54836874749478,87.97051253691455,Muy rapida,Alta,Estable,Rapido y rentable
CTBI,COMMUNITY TRUST BANCORP INC /KY/,Stock,Nasdaq,6022,USD,71.18000030517578,12,12,100.0,0.8801762554313072,0.8992021279258435,-1.1770818749537224,2026-06-15,5.0,6.666666666666667,4.579268169663901,204.55107546769545,113.42196471071716,696.948829364759,240.7774436265218,64.25286664648543,64.25286664648543,95.0,100.0,95.4207318303361,88.69328602998172,Muy rapida,Alta,Muy estable,Rapido y rentable
FCA,First Trust China AlphaDEX Fund,ETF/Fund,US Listed,,USD,28.649999618530277,5,5,100.0,0.8626619194883606,0.9138483396424996,-0.22032655285112995,2026-06-25,5.0,5.4,4.979959839195493,249.3871334560319,186.25501204094448,613.938828951835,232.85869385295226,62.97432012265031,62.97432012265031,95.0,100.0,95.02004016080451,88.61566794360904,Muy rapida,Alta,Muy estable,Rapido y rentable
JMSB,"John Marshall Bancorp, Inc.",Stock,Nasdaq,6022,USD,20.520000457763672,6,6,100.0,0.8205250579580993,0.4385964814437847,-0.8725794794954433,2026-05-13,5.0,24.0,32.58220373148508,175.06479889633647,216.98522493248856,302.38777177626025,136.54565480995768,59.89832923094125,59.89832923094125,95.0,100.0,67.41779626851492,84.43319449823534,Muy rapida,Alta,Variable,Rapido y rentable
STEP,StepStone Group Inc.,Stock,Nasdaq,6282,USD,44.38999938964844,12,12,100.0,0.8175893271141685,0.5215698994621637,-0.6300574903204016,2026-06-15,5.0,7.833333333333333,7.271780241370601,452.6687899750955,170.54584041580736,1353.7076046420095,537.2893416960026,59.68402087933429,59.68402087933429,95.0,100.0,92.7282197586294,88.22682229090857,Muy rapida,Alta,Estable,Rapido y rentable
PEG,PUBLIC SERVICE ENTERPRISE GROUP INC,Stock,NYSE,4931,USD,77.73999786376953,6,6,100.0,0.8034948009287324,0.7953559566558281,-0.3578521525460125,2026-06-09,5.0,4.333333333333333,2.3380903889000244,276.6584699044343,129.28351431159274,713.6602242084209,262.6655861774217,58.65512046779746,58.65512046779746,95.0,100.0,97.66190961109997,88.95278124259373,Muy rapida,Alta,Muy estable,Rapido y rentable
SWX,"Southwest Gas Holdings, Inc.",Stock,NYSE,4923,USD,89.54000091552734,6,6,100.0,0.7797023272231375,0.7713881012773252,-0.6912678581467214,2026-05-15,5.0,6.833333333333333,5.192943930629973,212.33774340654463,72.98036307653913,922.1495684035492,349.23800633299203,56.918269887289036,56.918269887289036,95.0,100.0,94.80705606937002,88.50076073762864,Muy rapida,Alta,Estable,Rapido y rentable
HSY,HERSHEY CO,Stock,NYSE,2060,USD,190.32000732421875,6,6,100.0,0.7714470864029264,0.7637172556109542,-1.5922160016751692,2026-05-15,5.0,8.833333333333334,8.232051182218601,126.03083393579061,109.13080438958514,259.6956574013515,78.7136403511183,56.315637307413624,56.315637307413624,95.0,100.0,91.7679488177814,88.03663940907013,Muy rapida,Alta,Estable,Rapido y rentable
KDP,Keurig Dr Pepper Inc.,Stock,Nasdaq,2080,USD,32.52000045776367,14,14,100.0,0.7698233937472924,0.724181354982621,-0.31461622579685333,2026-06-26,5.0,8.714285714285714,7.95592252958155,251.3914174044698,69.04522136442851,1245.8498897878608,425.952582365918,56.19710774355233,56.19710774355233,95.0,100.0,92.04407747041844,88.07643501431005,Muy rapida,Alta,Estable,Rapido y rentable
BG,Bunge Global SA,Stock,NYSE,2070,USD,120.45999908447266,6,6,100.0,0.7649852100914893,0.7937825311318001,-0.9527818727532832,2026-05-22,5.0,8.333333333333334,11.290113669342158,204.05020149106485,103.33532484286272,566.2784642844056,195.8894468125549,55.84392033667872,55.84392033667872,95.0,100.0,88.70988633065784,87.57146815969017,Muy rapida,Alta,Estable,Rapido y rentable
CNOB,"ConnectOne Bancorp, Inc.",Stock,Nasdaq,6022,USD,29.59000015258789,12,12,100.0,0.6998870347155526,0.7028680426820946,-0.6798094979183302,2026-05-15,5.0,4.666666666666667,3.0550504633038935,214.92470175988282,168.59743857153833,557.2516000824508,181.1055616007587,51.09175353423534,51.09175353423534,95.0,100.0,96.9449495366961,88.74162946521997,Muy rapida,Alta,Muy estable,Rapido y rentable
AQWA,Global X Clean Water ETF,ETF/Fund,US Listed,,USD,19.540000915527344,3,3,100.0,0.696971609778743,0.6475741764139271,-0.8235425375109343,2026-06-29,5.0,6.333333333333333,3.214550253664318,86.63640165883292,74.03465572339269,149.3392767978617,57.44814052167699,50.87892751384824,50.87892751384824,95.0,100.0,96.78544974633569,88.7147890717291,Muy rapida,Alta,Muy estable,Rapido y rentable
CRD-A,CRAWFORD & CO,Stock,NYSE,6411,USD,10.640000343322754,6,6,100.0,0.6798980541060299,0.6844246289949474,-1.1523388801681782,2026-05-29,5.0,4.5,1.224744871391589,172.08432763171086,192.28797697315164,243.5618390102797,74.7118622664157,49.63255794974018,49.63255794974018,95.0,100.0,98.7752551286084,88.9961863233973,Muy rapida,Alta,Muy estable,Rapido y rentable
AGNT,"eXp World Holdings, Inc.",Stock,Nasdaq,6531,USD,5.059999942779541,12,12,100.0,0.6399362242044426,0.5689102564102564,-0.372973371584344,2026-05-22,5.0,14.666666666666666,17.52573864781497,260.410257343373,153.00656279028306,935.896721864358,324.57542444052433,46.71534436692431,46.71534436692431,95.0,100.0,82.47426135218504,86.5110754270322,Muy rapida,Alta,Variable,Rapido y rentable
IFV,First Trust Dorsey Wright International Focus 5 ETF,ETF/Fund,US Listed,,USD,26.718000411987305,5,5,100.0,0.6096814052519303,0.6113146189075465,-0.6154467640216814,2026-06-25,5.0,4.4,3.2863353450309964,254.86397594704104,72.21410287756915,622.2676457408722,275.27373738209934,44.5067425833909,44.5067425833909,95.0,100.0,96.71366465496901,88.61673110349729,Muy rapida,Alta,Muy estable,Rapido y rentable
CSCO,"CISCO SYSTEMS, INC.",Stock,Nasdaq,3576,USD,77.93000030517578,12,12,100.0,0.6015333179228802,0.5989798880729167,-1.170284582477105,2026-04-02,5.0,13.666666666666666,16.57672702278344,267.0275381340321,93.19275945722693,707.2355462232343,300.62575613623557,43.91193220837026,43.91193220837026,95.0,100.0,83.42327297721656,86.61502426450537,Muy rapida,Alta,Variable,Rapido y rentable
CSQ,Calamos Strategic Total Return Common Stock,Other Unmatched,,,USD,19.96999931335449,17,17,100.0,0.5972031493875538,0.5990219825419313,-0.24082417554462604,2026-06-12,5.0,6.0,5.159941860137573,216.19643228275845,70.07559278264345,646.0717788154657,225.49990311709095,43.59582990529143,43.59582990529143,95.0,100.0,94.84005813986242,88.32321187036692,Muy rapida,Alta,Estable,Rapido y rentable
ABM,ABM INDUSTRIES INC /DE/,Stock,NYSE,7340,USD,38.70000076293945,6,6,100.0,0.596010876040762,0.5576209303206706,-1.2700707198553771,2026-04-02,5.0,19.0,27.70559510279467,182.87709305244516,171.56944111057894,436.9778214175387,171.8036080843578,43.50879395097563,43.50879395097563,95.0,100.0,72.29440489720533,84.94017161062156,Muy rapida,Alta,Variable,Rapido y rentable
FICS,First Trust International Developed Capital Strength ETF,ETF/Fund,US Listed,,USD,41.63600158691406,6,6,100.0,0.5828393430905975,0.450236820348748,-0.6490341162218978,2026-06-25,5.0,4.833333333333333,1.7224014243685084,84.18286880083541,51.43646877763572,256.04105086799984,89.26213022923106,42.54727204561362,42.54727204561362,95.0,100.0,98.27759857563149,88.82447912943532,Muy rapida,Alta,Muy estable,Rapido y rentable
UNM,Unum Group,Stock,NYSE,6321,USD,77.76000213623047,6,6,100.0,0.57611444234225,0.5832459441948328,-0.3497442261773409,2026-04-24,5.0,5.833333333333333,3.763863263545405,147.6378627217857,77.88600129840003,551.9934860744244,199.0129411049352,42.056354290984245,42.056354290984245,95.0,100.0,96.2361367364546,88.51153495281044,Muy rapida,Alta,Muy estable,Rapido y rentable
EXPD,EXPEDITORS INTERNATIONAL OF WASHINGTON INC,Stock,NYSE,4731,USD,157.99000549316406,3,3,100.0,0.5733015834664611,0.5241661211658006,-0.12115677627488271,2026-06-01,5.0,6.0,3.605551275463989,116.84945921370013,97.39971692815736,219.4753915374489,94.41571121790179,41.85101559305165,41.85101559305165,95.0,100.0,96.394448724536,88.53246889214687,Muy rapida,Alta,Muy estable,Rapido y rentable
CINF,CINCINNATI FINANCIAL CORP,Stock,Nasdaq,6331,USD,172.4600067138672,12,12,100.0,0.5674736090278133,0.572051250160399,0.15149905381954998,2026-06-23,5.0,12.833333333333334,16.759438769803356,222.05434320559934,66.91527919843878,907.9476964900806,327.739960361193,41.42557345903037,41.42557345903037,95.0,100.0,83.24056123019665,86.55355779355732,Muy rapida,Alta,Variable,Rapido y rentable
MDRR,"Medalist Diversified, Inc. Common Stock",Other Unmatched,,,USD,11.3100004196167,6,6,100.0,0.5570263480318322,0.5532955265641823,-1.7347676420609757,2026-04-15,5.0,5.5,4.847679857416329,171.60194265987298,206.90115729641823,295.64998143514003,101.68628265509838,40.66292340632374,40.66292340632374,95.0,100.0,95.15232014258368,88.32987436941937,Muy rapida,Alta,Muy estable,Rapido y rentable
IMCV,iShares Morningstar Mid-Cap Value ETF,ETF/Fund,US Listed,,USD,91.87000274658205,6,6,100.0,0.5360400776605844,0.5562824317421601,-0.5701243921114751,2026-06-15,5.0,8.166666666666666,7.808115436305144,81.89269642892643,64.87742737783357,206.53360091693003,71.40324458176639,39.13092566922266,39.13092566922266,95.0,100.0,92.19188456369486,87.86482276221481,Muy rapida,Alta,Estable,Rapido y rentable
NHC,NATIONAL HEALTHCARE CORP,Stock,NYSE,8051,USD,162.38999938964844,5,5,100.0,0.5251253653345175,0.52257695241356,-1.0509424515600547,2026-03-31,5.0,6.2,5.630275304103699,135.65728561422216,79.13503578208217,418.73492342696926,160.35311977018858,38.334151669419775,38.334151669419775,95.0,100.0,94.3697246958963,88.18058406971896,Muy rapida,Alta,Estable,Rapido y rentable
JPM,JPMORGAN CHASE & CO,Stock,NYSE,6021,USD,294.6000061035156,6,6,100.0,0.507913806845531,0.49649455342830595,-1.2490320538258286,2026-04-06,5.0,8.333333333333334,10.21110506589109,200.85087023938502,130.1624635260209,675.0,247.54534382933906,37.07770789972376,37.07770789972376,95.0,100.0,89.78889493410891,87.47624804696187,Muy rapida,Alta,Estable,Rapido y rentable
NTAP,"NetApp, Inc.",Stock,Nasdaq,3572,USD,102.04000091552734,12,12,100.0,0.4995410314655557,0.4843996812140186,-1.1027391939105646,2026-04-02,5.0,6.833333333333333,6.012613005301035,270.80341044336365,219.7852058683835,654.5953575987056,258.8583846114663,36.46649529698556,36.46649529698556,95.0,100.0,93.98738699469897,88.0976490806704,Muy rapida,Alta,Estable,Rapido y rentable
WAL,WESTERN ALLIANCE BANCORPORATION,Stock,NYSE,6022,USD,74.97000122070312,6,6,100.0,0.4836699159051568,0.4680171833400399,-0.06820960998182413,2026-05-14,5.0,12.166666666666666,18.269282051210077,440.7368098250877,402.7128502482187,1044.9170892248378,435.96785179193813,35.30790386107644,35.30790386107644,95.0,100.0,81.73071794878993,86.24327760822365,Muy rapida,Alta,Variable,Rapido y rentable
CHRW,"C. H. ROBINSON WORLDWIDE, INC.",Stock,Nasdaq,4731,USD,184.58999633789065,12,12,100.0,0.47446713960728903,0.44179463408056735,-0.03575096438458316,2026-06-05,5.0,12.0,19.296726052976872,433.66131991433775,180.81347584544062,1841.3655045162488,667.6169969150847,34.6361011913321,34.6361011913321,95.0,100.0,80.70327394702312,86.07995823166075,Muy rapida,Alta,Variable,Rapido y rentable
RPM,RPM INTERNATIONAL INC/DE/,Stock,NYSE,2851,USD,105.69000244140624,6,6,100.0,0.47048218313864526,0.48094080377757603,-0.6327038490264555,2026-04-16,5.0,7.0,6.985699678629192,213.5573309103386,104.35046214243073,804.663723381217,294.0087382902584,34.345199369121104,34.345199369121104,95.0,100.0,93.01430032137081,87.92262723134426,Muy rapida,Alta,Estable,Rapido y rentable
FBNC,FIRST BANCORP /NC/,Stock,Nasdaq,6022,USD,64.05000305175781,11,11,100.0,0.46712906915718144,0.4468622392561467,-0.0715594892977367,2026-06-30,5.0,16.181818181818183,28.148954445301097,203.53239571243446,85.09786090380334,583.2121366817655,221.669444538266,34.10042204847424,34.10042204847424,95.0,100.0,71.8510455546989,84.74478590236201,Muy rapida,Alta,Variable,Rapido y rentable
PSKY,Paramount Skydance Corp,Stock,Nasdaq,4833,USD,10.470000267028809,10,10,100.0,0.4127710523867096,0.42411872319127264,-0.6998508880006633,2026-06-15,5.0,8.6,8.248905651323964,115.89714793423988,71.89479983659413,312.060655723145,109.3976948094049,30.1322868242298,30.1322868242298,95.0,100.0,91.75109434867603,87.67543520468811,Muy rapida,Alta,Estable,Rapido y rentable
NIXT,Research Affiliates Deletions ETF,ETF/Fund,US Listed,,USD,32.500999450683594,6,6,100.0,0.3990634180570774,0.40852984182493335,-1.012051331107394,2026-06-29,5.0,13.333333333333334,16.52472894381831,118.32479529231456,90.55285448223515,233.50772268261645,88.63340312221715,29.131629518166648,29.131629518166648,95.0,100.0,83.4752710561817,86.42035407648434,Muy rapida,Alta,Variable,Rapido y rentable
EQBK,EQUITY BANCSHARES INC,Stock,NYSE,6022,USD,44.040000915527344,5,5,100.0,0.3982661959631657,0.4010695091713803,-0.3880570953127091,2026-03-31,5.0,5.0,2.9154759474226504,157.555512302102,55.57406021787349,455.83470927485934,181.91867999247455,29.073432305311098,29.073432305311098,95.0,100.0,97.08452405257735,88.46094480384976,Muy rapida,Alta,Muy estable,Rapido y rentable
FUL,FULLER H B CO,Stock,NYSE,2891,USD,59.84000015258789,6,6,100.0,0.3948416510729882,0.4031587778021084,-0.5403460215431933,2026-04-30,5.0,5.333333333333333,4.501851470969102,180.94820147777565,98.91047120277739,564.2130857758009,202.80976025734958,28.82344052832814,28.82344052832814,95.0,100.0,95.4981485290309,88.21956393042763,Muy rapida,Alta,Muy estable,Rapido y rentable
ISHP,First Trust S-Network E-Commerce ETF,ETF/Fund,US Listed,,USD,32.98099899291992,4,4,100.0,0.3825899248188274,0.34940478041751133,-0.9411416859581412,2026-06-25,5.0,9.25,10.594810050208544,75.08363926059221,57.98640451985621,168.7649941016718,66.30133686797761,27.929064511774403,27.929064511774403,95.0,100.0,89.40518994979146,87.29336841728755,Muy rapida,Alta,Estable,Rapido y rentable
FINX,Global X FinTech ETF,ETF/Fund,US Listed,,USD,24.899999618530277,2,2,100.0,0.36907955082468175,0.36907955082468175,-0.34989688626428306,2026-06-29,5.0,5.0,2.8284271247461903,91.23316950797343,91.23316950797343,93.25467581223754,2.8588416319130188,26.942807210201767,26.942807210201767,95.0,100.0,97.17157287525382,88.44481548211276,Muy rapida,Alta,Muy estable,Rapido y rentable
UMBF,UMB FINANCIAL CORP,Stock,Nasdaq,6021,USD,131.82000732421875,12,12,100.0,0.362253317956362,0.37734194051450143,-0.22936912371855803,2026-06-10,5.0,7.833333333333333,8.40814900539766,342.0626668329165,115.02996917118446,1572.7523240696391,579.2455421908448,26.444492210814428,26.444492210814428,95.0,100.0,91.59185099460234,87.60103096714671,Muy rapida,Alta,Estable,Rapido y rentable
CARR,CARRIER GLOBAL Corp,Stock,NYSE,3585,USD,67.62000274658203,5,5,100.0,0.3562118007102586,0.3549245641107744,0.14731644242748415,2026-05-04,5.0,3.4,2.1908902300206643,601.021169224062,305.31809140279813,1388.7884985516944,574.0584345113665,26.003461451848874,26.003461451848874,95.0,100.0,97.80910976997933,88.52757826620716,Muy rapida,Alta,Muy estable,Rapido y rentable
NDSN,NORDSON CORP,Stock,Nasdaq,3569,USD,290.2200012207031,14,14,100.0,0.34478670339732015,0.3642817194971013,0.10560863495880694,2026-06-18,5.0,14.714285714285714,24.367154978746324,307.63648035095804,47.74871947072901,828.8029612363193,362.18723594140704,25.169429348004368,25.169429348004368,95.0,100.0,75.63284502125367,85.18971345658537,Muy rapida,Alta,Variable,Rapido y rentable
DE,DEERE & CO,Stock,NYSE,3523,USD,555.5,5,5,100.0,0.3296219376912855,0.3447248567016781,-0.2740703408434272,2026-03-31,5.0,8.0,9.219544457292887,220.6372599342882,147.9947511505551,618.9550935073977,231.97544478732723,24.062401451463842,24.062401451463842,95.0,100.0,90.78045554270712,87.44669026909736,Muy rapida,Alta,Estable,Rapido defensivo
CFBK,CF BANKSHARES INC.,Stock,Nasdaq,6021,USD,29.489999771118164,12,12,100.0,0.32874326964301687,0.3320309295034478,0.6174170793353191,2026-04-13,5.0,9.833333333333334,11.511522554169431,443.1097619561206,139.5588942175068,1635.1336778801017,608.3836506938202,23.99825868394023,23.99825868394023,95.0,100.0,88.48847744583057,87.1020148865176,Muy rapida,Alta,Estable,Rapido defensivo
XYL,Xylem Inc.,Stock,NYSE,3561,USD,110.0999984741211,6,6,100.0,0.3190951773890364,0.3137556939952225,0.0216822708097739,2026-05-28,5.0,16.333333333333332,21.509687739868905,112.29859564142116,70.37760514014386,372.8594959431897,134.85661885783878,23.29394794939966,23.29394794939966,95.0,100.0,78.49031226013109,85.59264201640869,Muy rapida,Alta,Variable,Rapido defensivo
ABCS,Alpha Blue Capital US Small-Mid Cap Dynamic ETF,ETF/Fund,US Listed,,USD,33.68600082397461,6,6,100.0,0.30571851601750205,0.3039197726844082,-0.6079501293717052,2026-06-29,5.0,6.333333333333333,3.8297084310253524,57.70754261155637,38.856600972865294,175.31770038113774,59.42245341930034,22.317451669277652,22.317451669277652,95.0,100.0,96.17029156897465,88.2312622513637,Muy rapida,Alta,Muy estable,Rapido defensivo
EQT,EQT Corp,Stock,NYSE,1311,USD,58.720001220703125,6,6,100.0,0.292417472223937,0.29551878511604923,-0.419923338024087,2026-05-06,5.0,5.333333333333333,4.802776974487434,159.68008783163228,107.37321997488851,456.1634871456836,156.71527394964127,21.3464754723474,21.3464754723474,95.0,100.0,95.19722302551257,88.07200092605082,Muy rapida,Alta,Muy estable,Rapido defensivo
CCK,"CROWN HOLDINGS, INC.",Stock,NYSE,3411,USD,100.20999908447266,6,6,100.0,0.2921643525123295,0.2759912222167268,-0.5036839894624797,2026-05-14,5.0,11.5,13.736811857195978,151.96755029401209,54.86284529106328,550.084624726996,206.7564349893028,21.327997733400046,21.327997733400046,95.0,100.0,86.26318814280403,86.73164257393293,Muy rapida,Alta,Estable,Rapido defensivo
VTOL,Bristow Group Inc.,Stock,NYSE,4522,USD,42.619998931884766,2,2,100.0,0.29202741284084216,0.29202741284084216,-0.865210865032627,2026-05-15,5.0,5.0,1.4142135623730951,64.6043778836541,64.6043778836541,92.06365281707166,38.833279023770686,21.31800113738148,21.31800113738148,95.0,100.0,98.58578643762691,88.57989537848488,Muy rapida,Alta,Muy estable,Rapido defensivo
USCL,iShares Climate Conscious & Transition MSCI USA ETF,ETF/Fund,US Listed,,USD,82.86100006103516,6,6,100.0,0.28825307192890853,0.28591421647824833,0.01159878655142547,2026-06-15,5.0,7.666666666666667,7.7631608682718065,95.24504006923125,78.5116876049195,210.16613492067512,70.52279404537816,21.042474250810322,21.042474250810322,95.0,100.0,92.23683913172819,87.62377894168813,Muy rapida,Alta,Estable,Rapido defensivo
MCDS,JPMorgan Fundamental Data Science Mid Core ETF,ETF/Fund,US Listed,,USD,67.41400146484375,6,6,100.0,0.2711201482941481,0.2772359983177817,-0.2922619839073392,2026-06-23,5.0,12.0,18.536450577173614,137.10234940704595,61.584885294260445,423.34853611008486,164.22611973452524,19.791770825472813,19.791770825472813,95.0,100.0,81.46354942282639,85.99065256171811,Muy rapida,Alta,Variable,Rapido defensivo
BSMZ,Invesco BulletShares 2035 Municipal Bond ETF,ETF/Fund,US Listed,,USD,25.59499931335449,9,9,100.0,0.26182004832669487,0.2709036565850135,-0.18636166967799728,2026-06-22,5.0,13.11111111111111,18.884149732278424,27.68818603153735,22.712034729307582,60.04578394868479,19.16561572132809,19.112863527848724,19.112863527848724,95.0,100.0,81.11585026772158,85.92919758848494,Muy rapida,Alta,Variable,Rapido defensivo
STE,STERIS plc,Stock,NYSE,3842,USD,212.3500061035156,5,5,100.0,0.26050259358078137,0.2574642041516946,-0.46077898048636906,2026-06-08,5.0,15.0,25.20912533191106,85.74190721716272,49.84689690060122,234.84175158508327,89.539182134574,19.01668933139704,19.01668933139704,95.0,100.0,74.79087466808895,84.97913379379412,Muy rapida,Alta,Variable,Rapido defensivo
ECL,ECOLAB INC.,Stock,NYSE,2840,USD,268.5799865722656,6,6,100.0,0.2601928204843958,0.26267548509797645,-0.38788947037141414,2026-06-16,5.0,7.666666666666667,8.57126983980009,220.67492940932496,64.34245681042744,818.118709044341,321.59788529046483,18.994075895360893,18.994075895360893,95.0,100.0,91.4287301601999,87.47450234451438,Muy rapida,Alta,Estable,Rapido defensivo
TT,Trane Technologies plc,Stock,NYSE,3822,USD,463.760009765625,5,5,100.0,0.23756340313977828,0.2275202744491675,-0.7822999340259303,2026-06-05,5.0,12.6,14.774978849392646,147.59685497339962,126.7142460810682,424.0334497578946,164.86323630741924,17.342128429203814,17.342128429203814,95.0,100.0,85.22502115060735,86.52131657573088,Muy rapida,Alta,Estable,Rapido defensivo
MCB,Metropolitan Bank Holding Corp.,Stock,NYSE,6022,USD,88.3499984741211,4,4,100.0,0.23454503595887669,0.2248253668966463,0.4324393059698987,2026-05-01,5.0,7.25,8.098353742170895,256.06185575949587,206.09304258488126,603.1688455417609,294.8862117419837,17.121787624998,17.121787624998,95.0,100.0,91.9016462578291,87.51979197463324,Muy rapida,Alta,Estable,Rapido defensivo
ZWS,Zurn Elkay Water Solutions Corp,Stock,NYSE,3560,USD,46.369998931884766,6,6,100.0,0.23117698954812782,0.2388677269332701,0.14831305263137776,2026-05-20,5.0,23.166666666666668,33.17478962505515,342.0211159396387,144.58173849238318,1227.9497338555502,478.14696131478007,16.87592023701333,16.87592023701333,95.0,100.0,66.82521037494485,83.75495854578986,Muy rapida,Alta,Variable,Rapido defensivo
SPBC,Simplify US Equity PLUS Bitcoin Strategy ETF,ETF/Fund,US Listed,,USD,46.43299865722656,6,6,100.0,0.22607974417894097,0.2233198768701859,-0.7931118010507442,2026-06-25,5.0,12.5,17.98610574860495,95.78038916081111,85.06697023087338,187.80711587766095,65.67736962601698,16.50382132506269,16.50382132506269,95.0,100.0,82.01389425139504,86.0281638818882,Muy rapida,Alta,Variable,Rapido defensivo
CP,CANADIAN PACIFIC KANSAS CITY LTD/CN,Stock,NYSE,4011,USD,87.04000091552734,5,5,100.0,0.20881237561979452,0.2113924050632911,-1.0151497783774384,2026-06-26,5.0,5.4,3.646916505762094,115.1966744082869,50.47587807570832,368.6074077878902,143.5633322563792,15.243303420244999,15.243303420244999,95.0,100.0,96.35308349423791,88.16177489975549,Muy rapida,Alta,Muy estable,Rapido defensivo
RNIN,Bushido Capital US SMID Cap Equity ETF,ETF/Fund,US Listed,,USD,32.40800094604492,5,5,100.0,0.20377163334076384,0.1648139955398989,-0.2664200286299442,2026-06-29,5.0,6.4,6.148170459575759,81.13658068533366,64.21508472305368,179.9716493314592,65.96180201280725,14.875329233875759,14.875329233875759,95.0,100.0,93.85182954042423,87.7815460644044,Muy rapida,Alta,Estable,Rapido defensivo
FBOT,Fidelity Disruptive Automation ETF,ETF/Fund,,,USD,34.125,5,5,100.0,0.19596209744877646,0.2312577651446325,-1.0332243821012355,2026-03-20,5.0,6.6,7.829431652425353,125.73861653381024,62.78540184384301,423.5142861789827,167.89119406287944,14.305233113760682,14.305233113760682,95.0,100.0,92.17056834757464,87.52154734958496,Muy rapida,Alta,Estable,Rapido defensivo
COR,"Cencora, Inc.",Stock,NYSE,5122,USD,261.1099853515625,6,6,100.0,0.19477539072904115,0.18942537165709164,0.08905962589479477,2026-05-15,5.0,4.333333333333333,2.8751811537130436,329.64176004829244,120.41835532113552,1078.1763847527204,430.5443241003894,14.218603523220006,14.218603523220006,95.0,100.0,97.12481884628696,88.26349821767208,Muy rapida,Alta,Muy estable,Rapido defensivo
SSD,"Simpson Manufacturing Co., Inc.",Stock,NYSE,3420,USD,171.0500030517578,6,6,100.0,0.17396394786345357,0.1747529853699925,-1.6662783131938121,2026-04-02,5.0,10.0,14.913081505845799,195.26239313781397,108.45556672651901,475.4988613810016,192.6267124523155,12.699368194032111,12.699368194032111,95.0,100.0,85.0869184941542,86.43700172198659,Muy rapida,Alta,Estable,Rapido defensivo
LAKE,LAKELAND INDUSTRIES INC,Stock,Nasdaq,3842,USD,15.770000457763672,8,8,100.0,0.16930105867034106,0.17721911277228505,-2.9179358719419257,2025-11-17,5.0,7.75,7.106335201775948,233.9497582137512,45.92326985703907,839.0799052735733,374.26338107285756,12.358977282934898,12.358977282934898,95.0,100.0,92.89366479822405,87.60335077840395,Muy rapida,Alta,Estable,Rapido defensivo
EHC,Encompass Health Corp,Stock,NYSE,8060,USD,96.7300033569336,6,6,100.0,0.169262804897461,0.17343018003498295,-0.5705192810798084,2026-04-01,5.0,15.0,20.248456731316587,82.17994342464364,46.936311841614476,316.96243314026515,118.34649000230701,12.356184757514654,12.356184757514654,95.0,100.0,79.7515432686834,85.63199429519997,Muy rapida,Alta,Variable,Rapido defensivo
VBNK,VersaBank Common Shares,Other Unmatched,,,USD,16.700000762939453,6,6,100.0,0.14120574573766748,0.1376126325102697,-0.9281860058596597,2026-04-10,5.0,4.0,2.3664319132398464,158.5978146692618,126.42120673783285,412.4730082495843,157.66834824899732,10.308019438849726,10.308019438849726,95.0,100.0,97.63356808676015,88.28624095875169,Muy rapida,Alta,Muy estable,Rapido defensivo
RVTY,"REVVITY, INC.",Stock,NYSE,3826,USD,89.52999877929688,6,6,100.0,0.06996933542982091,0.0738525812950773,-0.5937463401093197,2026-04-17,5.0,4.833333333333333,2.3166067138525404,404.61113140324295,102.2645309794541,1834.5807369417453,705.4466693127814,5.107761486376926,5.107761486376926,95.0,100.0,97.68339328614746,88.22247832835194,Muy rapida,Alta,Muy estable,Rapido defensivo
TIGO,Millicom International Cellular S.A. Common Stock,Other Unmatched,,,USD,81.26000213623047,6,6,100.0,2.777325125691496,2.5732600431847117,-1.8577301798095176,2026-04-08,5.5,7.833333333333333,7.359800721939872,470.4314246104853,364.3941374569222,1005.7677449405496,354.26746492237754,184.3133947049811,184.3133947049811,94.5,100.0,92.64019927806012,90.0233550174005,Muy rapida,Alta,Estable,Rapido y rentable
INSW,"International Seaways, Inc.",Stock,NYSE,4400,USD,82.55999755859375,6,6,100.0,2.585901661625274,1.8944211127591861,-1.6428571820995586,2026-06-12,5.5,8.333333333333334,10.911767348448492,574.8922855434251,396.4671777386054,1405.5484992265929,474.61615975252755,171.60983754422273,171.60983754422273,94.5,100.0,89.08823265155151,89.29913655935799,Muy rapida,Alta,Estable,Rapido y rentable
JOYY,JOYY Inc. American Depositary Shares,Preferred,,,USD,66.66000366210938,6,6,100.0,1.9561715597042981,2.0681301030543735,-1.7721569393098395,2026-06-29,5.5,19.5,24.039550744554276,171.83906816534363,184.42410262292918,298.4297235791076,105.51889732512707,129.81865805310343,129.81865805310343,94.5,100.0,75.96044925544572,86.70023894802115,Muy rapida,Alta,Variable,Rapido y rentable
OMF,"OneMain Holdings, Inc.",Stock,NYSE,6141,USD,56.09000015258789,6,6,100.0,1.869214957743627,1.84302610586173,-2.171200773254476,2026-05-11,5.5,10.5,11.84483009586883,210.27986699193193,167.47052663113465,514.4439949138387,169.7059475574224,124.04790174116798,124.04790174116798,94.5,100.0,88.15516990413117,88.4424904433633,Muy rapida,Alta,Estable,Rapido y rentable
SUN,Sunoco LP,Stock,NYSE,2911,USD,67.87999725341797,6,6,100.0,1.6065472976313888,1.5937300501891878,-1.3201690397050732,2026-05-08,5.5,8.833333333333334,6.112828041640519,157.36639102787433,164.0725399916986,259.17859516405616,91.66188743126595,106.61632066099217,106.61632066099217,94.5,100.0,93.88717195835949,89.03962309138531,Muy rapida,Alta,Estable,Rapido y rentable
GLP,GLOBAL PARTNERS LP,Stock,NYSE,5171,USD,48.75,6,6,100.0,1.549410024480489,1.559849528038001,-1.2743005146487474,2026-05-11,5.5,5.5,3.271085446759225,239.05189676035263,158.0931851460627,657.0751616046308,207.14383298278227,102.8244834427961,102.8244834427961,94.5,100.0,96.72891455324077,89.4087472074666,Muy rapida,Alta,Muy estable,Rapido y rentable
AES,AES CORP,Stock,NYSE,4991,USD,14.449999809265137,6,6,100.0,1.3839377478418193,1.2968762701880605,-1.18780750615245,2026-05-01,5.5,9.5,10.597169433391164,367.90614587261797,379.1071896681003,710.570151051863,316.1667802915753,91.84314144768437,91.84314144768437,94.5,100.0,89.40283056660884,88.14436233283313,Muy rapida,Alta,Estable,Rapido y rentable
FF,FutureFuel Corp.,Stock,NYSE,2860,USD,4.269999980926514,6,6,100.0,1.2959840002175247,1.4458040207668534,-1.2347551317174326,2026-06-04,5.5,6.0,5.440588203494177,451.81507893992347,172.2519760559784,1273.2530051274407,521.0601495799834,86.00621092352664,86.00621092352664,94.5,100.0,94.55941179650583,88.8298957696934,Muy rapida,Alta,Estable,Rapido y rentable
PII,Polaris Inc.,Stock,NYSE,3790,USD,70.56999969482422,6,6,100.0,1.2461281702748674,1.151844897085324,-2.8073045239598304,2026-06-01,5.5,14.333333333333334,19.314933773292278,146.53703736643067,103.75666197212591,479.2833718888139,169.3696391351468,82.69759675460483,82.69759675460483,94.5,100.0,80.68506622670772,86.69888810428102,Muy rapida,Alta,Variable,Rapido y rentable
BUSE,FIRST BUSEY CORP /NV/,Stock,Nasdaq,6022,USD,26.520000457763672,12,12,100.0,1.0711015457081106,1.051343188098702,-0.9304291783862458,2026-04-24,5.5,11.333333333333334,13.8257555002074,251.036277852018,163.3898194078184,866.047104763303,305.8882053568815,71.08219348790189,71.08219348790189,94.5,100.0,86.1742444997926,87.347238220677,Muy rapida,Alta,Estable,Rapido y rentable
HAFC,HANMI FINANCIAL CORP,Stock,Nasdaq,6021,USD,30.170000076293945,12,12,100.0,1.0636801877557385,1.0520203044831127,-1.3160620226779025,2026-05-04,5.5,14.5,22.228155773498372,112.80234091856505,103.931046727439,211.604680810482,70.60449067256448,70.58968518742628,70.58968518742628,94.5,100.0,77.77184422650163,86.07945682173097,Muy rapida,Alta,Variable,Rapido y rentable
SJM,J M SMUCKER Co,Stock,NYSE,2033,USD,100.1999969482422,6,6,100.0,1.0097824989940376,0.9940909094818005,-0.6658197296180205,2026-05-15,5.5,19.5,34.87549282805907,258.03325579672065,151.08916907175484,622.1026665224543,251.82289661402564,67.01283856960431,67.01283856960431,94.5,100.0,65.12450717194093,84.12845857478517,Muy rapida,Alta,Variable,Rapido y rentable
HBNC,HORIZON BANCORP INC /IN/,Stock,Nasdaq,6022,USD,16.770000457763672,12,12,100.0,1.0080928277888124,0.9929678747915895,-1.1318022960533047,2026-04-02,5.5,6.5,4.5427264540541765,188.26450025683485,103.15291119482019,605.3410469258122,204.84584417792826,66.90070584416664,66.90070584416664,94.5,100.0,95.45727354594582,88.67668385968068,Muy rapida,Alta,Muy estable,Rapido y rentable
PCB,PCB BANCORP,Stock,Nasdaq,6022,USD,25.06999969482422,12,12,100.0,0.9510460406261377,0.9622547720594332,-0.5232031668391054,2026-05-08,5.5,21.833333333333332,32.931977643548095,235.69201904518516,193.0004844812425,525.7877518085688,212.47686923636857,63.11487360518914,63.11487360518914,94.5,100.0,67.0680223564519,84.36124939409392,Muy rapida,Alta,Variable,Rapido y rentable
PLOW,"DOUGLAS DYNAMICS, INC",Stock,NYSE,3531,USD,47.06999969482422,6,6,100.0,0.889042885213013,0.8904950743025984,-0.6711022929620373,2026-06-16,5.5,12.166666666666666,18.75544365422121,183.13697543275444,146.4598635281194,376.0877414414871,144.15657007507207,59.0001187459545,59.0001187459545,94.5,100.0,81.24455634577879,86.42572633707982,Muy rapida,Alta,Variable,Rapido y rentable
BHRB,Burke & Herbert Financial Services Corp.,Stock,Nasdaq,6021,USD,62.33000183105469,12,12,100.0,0.8828926591078724,0.8850347898568822,-0.281488350452204,2026-05-15,5.5,5.166666666666667,2.2087978356535665,325.74934134238543,140.35408501228423,1362.4605588394911,485.677240095052,58.59196737715881,58.59196737715881,94.5,100.0,97.79120216434643,88.90157298375982,Muy rapida,Alta,Muy estable,Rapido y rentable
JXN,Jackson Financial Inc.,Stock,NYSE,6311,USD,106.63999938964844,6,6,100.0,0.8771210336635181,0.8518209689362904,-0.6172619779678965,2026-06-11,5.5,5.5,3.271085446759225,252.73626311201966,126.2134469957282,841.9909171284916,297.7494576502019,58.208941324942565,58.208941324942565,94.5,100.0,96.72891455324077,88.73645821664962,Muy rapida,Alta,Muy estable,Rapido y rentable
WMB,"WILLIAMS COMPANIES, INC.",Stock,NYSE,4922,USD,71.62000274658203,6,6,100.0,0.8054732467313409,0.8264861118445258,-0.16251940803473866,2026-06-12,5.5,7.666666666666667,8.981462390204987,311.526036227534,123.65376864270243,1033.0189614490146,393.14555025166624,53.45413364671626,53.45413364671626,94.5,100.0,91.01853760979502,87.80825388820058,Muy rapida,Alta,Estable,Rapido y rentable
LNT,ALLIANT ENERGY CORP,Stock,Nasdaq,4931,USD,72.0,12,12,100.0,0.792480286313643,0.7936712015682458,-0.32768293237586804,2026-04-30,5.5,5.5,4.033946860424326,256.30892738937024,86.42398149229729,996.1459880405002,356.98024952889256,52.591873546269035,52.591873546269035,94.5,100.0,95.96605313957568,88.53738825724999,Muy rapida,Alta,Muy estable,Rapido y rentable
QCMD,Direxion Daily QCOM Bear 1X ETF,ETF/Fund,US Listed,,USD,14.0600004196167,4,4,100.0,0.7716646201936433,0.8676318156753497,1.242302360103622,2026-06-23,5.5,5.25,3.5,821.1627633725634,123.00688126781313,2964.182537578057,1428.985523380307,51.21047024921452,51.21047024921452,94.5,100.0,96.5,88.59666462019364,Muy rapida,Alta,Muy estable,Rapido y rentable
KMPR,KEMPER Corp,Stock,NYSE,6331,USD,29.690000534057617,6,6,100.0,0.7470619834940053,0.7187286470963804,-0.9182459528577575,2026-05-18,5.5,11.833333333333334,13.905634349668004,139.98538954933034,156.10257952551916,327.8318487300179,118.10135797467144,49.577749813693075,49.577749813693075,94.5,100.0,86.094365650332,87.0112168310438,Muy rapida,Alta,Estable,Rapido y rentable
FEM,First Trust Emerging Markets AlphaDEX Fund,ETF/Fund,US Listed,,USD,31.549999237060547,6,6,100.0,0.6707538985419808,0.6872138046657894,-0.8547163982449475,2026-06-25,5.5,5.333333333333333,2.422120283277993,102.01710165155396,64.11133454095861,267.3915709553481,88.27669045974834,44.51366781233145,44.51366781233145,94.5,100.0,97.57787971672201,88.65743585605027,Muy rapida,Alta,Muy estable,Rapido y rentable
SCCO,SOUTHERN COPPER CORP/,Stock,NYSE,1000,USD,189.8514862060547,6,6,100.0,0.6607649653534016,0.6826505224843914,-1.3011134870763599,2026-05-13,5.5,8.166666666666666,8.424171571535487,271.20476636903413,133.33742024334387,735.5643007785769,310.19540397891456,43.850765882543925,43.850765882543925,94.5,100.0,91.57582842846452,87.74713922962307,Muy rapida,Alta,Estable,Rapido y rentable
BANC,"BANC OF CALIFORNIA, INC.",Stock,NYSE,6021,USD,20.170000076293945,6,6,100.0,0.6488768936890805,0.6578688265176476,0.13761056159639415,2026-06-15,5.5,5.833333333333333,3.6560452221856705,377.87562237027515,120.77656292516288,1740.685430315331,672.6698667267083,43.06183021754807,43.06183021754807,94.5,100.0,96.34395477781433,88.45047011036122,Muy rapida,Alta,Muy estable,Rapido y rentable
FSBC,FIVE STAR BANCORP,Stock,Nasdaq,6022,USD,41.09000015258789,12,12,100.0,0.6415643448668925,0.6443364314122895,-0.43596063486493014,2026-05-04,5.5,10.5,13.839994745138256,159.55030515098696,126.45939356176169,351.2792743834337,110.11340545971292,42.57654288662105,42.57654288662105,94.5,100.0,86.16000525486174,86.91556513309615,Muy rapida,Alta,Estable,Rapido y rentable
BPOP,"POPULAR, INC.",Stock,Nasdaq,6022,USD,149.6999969482422,12,12,100.0,0.6276760767577296,0.6207198779261491,-0.8534537597897796,2026-05-29,5.5,4.333333333333333,2.1461734799546393,187.97897821113943,148.26936482657294,481.5223147771808,155.83976250645097,41.65486691210388,41.65486691210388,94.5,100.0,97.85382652004536,88.65575005476452,Muy rapida,Alta,Muy estable,Rapido y rentable
USPH,U S PHYSICAL THERAPY INC /NV,Stock,NYSE,8000,USD,62.84999847412109,6,6,100.0,0.6107962136332669,0.593734635223724,-0.6961167545601445,2026-05-22,5.5,14.5,22.52776065213762,333.72511782704584,142.1233480644321,1473.4812925839794,561.6789811274982,40.53465781384407,40.53465781384407,94.5,100.0,77.47223934786238,85.58163211581261,Muy rapida,Alta,Variable,Rapido y rentable
USCB,"USCB FINANCIAL HOLDINGS, INC.",Stock,Nasdaq,6022,USD,18.34000015258789,12,12,100.0,0.5916886598075172,0.5790623044056075,-1.4196087732406133,2026-05-15,5.5,6.5,4.5427264540541765,130.76436039673095,66.05652284776856,446.6796238921872,149.80420710077527,39.26661105995341,39.26661105995341,94.5,100.0,95.45727354594582,88.26027969169938,Muy rapida,Alta,Muy estable,Rapido y rentable
YUMC,"Yum China Holdings, Inc.",Stock,NYSE,5812,USD,44.22999954223633,4,4,100.0,0.5600911362018706,0.5543968830236629,-0.5366049023905671,2026-05-27,5.5,7.25,7.41057802513857,158.1210599042216,96.90544774098679,405.1785695538648,167.51175293231657,37.169684493396865,37.169684493396865,94.5,100.0,92.58942197486144,87.79850443243109,Muy rapida,Alta,Estable,Rapido y rentable
EFSC,ENTERPRISE FINANCIAL SERVICES CORP,Stock,Nasdaq,6022,USD,64.19000244140625,12,12,100.0,0.5538319263129899,0.5476563264849263,-0.5312484967645018,2026-06-15,5.5,6.166666666666667,3.927370930309795,231.06880628511658,89.80566262210176,1009.2481951962616,364.3405686714268,36.754300564407515,36.754300564407515,94.5,100.0,96.07262906969021,88.31472628676651,Muy rapida,Alta,Muy estable,Rapido y rentable
CPK,CHESAPEAKE UTILITIES CORP,Stock,NYSE,4923,USD,123.5500030517578,6,6,100.0,0.5479089240833732,0.5426154494891,-0.24868544887926022,2026-06-15,5.5,9.5,9.137833441248533,176.03485723799042,95.14143881591049,656.4024942480545,238.62667220903572,36.361228598260226,36.361228598260226,94.5,100.0,90.86216655875147,87.52723390789609,Muy rapida,Alta,Estable,Rapido y rentable
CAKE,CHEESECAKE FACTORY INC,Stock,Nasdaq,5812,USD,60.75,12,12,100.0,0.5021220607968074,0.49793627095766446,-1.3020712836336983,2026-05-13,5.5,8.666666666666666,8.668997355606654,281.0927690006726,251.93075812767904,616.334090182317,260.56264079428047,33.32264585287904,33.32264585287904,94.5,100.0,91.33100264439335,87.5517724574558,Muy rapida,Alta,Estable,Rapido y rentable
EML,EASTERN CO,Stock,Nasdaq,3420,USD,20.270000457763672,12,12,100.0,0.5009848173695978,0.507287186387777,-2.0236462349929956,2026-05-15,5.5,6.166666666666667,3.8807996676723806,156.5127290805038,87.96821170600398,568.8714610105878,195.88708623965036,33.247174243618765,33.247174243618765,94.5,100.0,96.11920033232762,88.26886486721874,Muy rapida,Alta,Muy estable,Rapido y rentable
OTIS,Otis Worldwide Corp,Stock,NYSE,3600,USD,73.05999755859375,6,6,100.0,0.47174682996691536,0.4606965091261018,-1.214431479043198,2026-05-15,5.5,20.0,27.597101297056543,123.31143599808718,46.32933374680188,540.823166914405,206.68612028739562,31.306835079622566,31.306835079622566,94.5,100.0,72.40289870294346,84.68218163540843,Muy rapida,Alta,Variable,Rapido y rentable
GTX,Garrett Motion Inc.,Stock,Nasdaq,3714,USD,32.7599983215332,12,12,100.0,0.46478106736382313,0.47293114725685315,-1.4178748014628304,2026-06-01,5.5,17.166666666666668,20.709388882311035,136.63946370121704,76.33123663792139,505.8623457561443,179.63099989689735,30.844561743235534,30.844561743235534,94.5,100.0,79.29061111768897,85.70837273501715,Muy rapida,Alta,Variable,Rapido y rentable
PRG,"PROG Holdings, Inc.",Stock,NYSE,7359,USD,33.75,6,6,100.0,0.44572756438897554,0.44933163662271913,-2.1925639942233337,2026-05-19,5.5,12.0,13.069047402163633,108.17253942072209,60.075385462369056,410.5425972046989,149.88583795829737,29.580102000359282,29.580102000359282,94.5,100.0,86.93095259783637,86.83537045406442,Muy rapida,Alta,Estable,Rapido y rentable
LHX,"L3HARRIS TECHNOLOGIES, INC. /DE/",Stock,NYSE,3812,USD,309.7799987792969,6,6,100.0,0.4405981254951789,0.4271209332616527,-0.10646819418934843,2026-06-05,5.5,12.5,14.720733677368122,187.54750798736688,65.73261610049911,786.5571723214299,300.2261454993601,29.239693782861874,29.239693782861874,94.5,100.0,85.27926632263188,86.58248807388996,Muy rapida,Alta,Estable,Rapido y rentable
MGRC,MCGRATH RENTCORP,Stock,Nasdaq,7359,USD,115.1500015258789,12,12,100.0,0.42417486058173576,0.4215134062381952,-0.2975571928116147,2026-04-16,5.5,6.0,4.7482054026183995,225.2543176303145,207.12567917624784,522.3132790729499,159.12981354972337,28.149786202242463,28.149786202242463,94.5,100.0,95.2517945973816,88.06194405018897,Muy rapida,Alta,Muy estable,Rapido y rentable
POWI,POWER INTEGRATIONS INC,Stock,Nasdaq,3674,USD,87.06999969482422,12,12,100.0,0.4212637724364825,0.4291784173790778,-1.5280799287368556,2026-05-29,5.5,14.0,16.79826830901978,150.16382915008282,129.101980069997,375.6582545217073,139.63060131609143,27.956595807148382,27.956595807148382,94.5,100.0,83.20173169098022,86.2515235260835,Muy rapida,Alta,Variable,Rapido y rentable
ROK,"ROCKWELL AUTOMATION, INC",Stock,NYSE,3829,USD,448.739990234375,6,6,100.0,0.3785126953227036,0.3743245767903882,-0.8743071751506557,2026-05-18,5.5,6.0,2.9664793948382653,108.67467151080837,61.600912807195456,249.82167637496772,85.72790391157078,25.119478871415787,25.119478871415787,94.5,100.0,97.03352060516174,88.28354078609695,Muy rapida,Alta,Muy estable,Rapido y rentable
RGR,STURM RUGER & CO INC,Stock,NYSE,3480,USD,39.22999954223633,6,6,100.0,0.3598013635332616,0.37028223126916837,-0.1445437629562302,2026-05-14,5.5,9.5,10.193134944657606,252.29950071350223,173.7113126732337,697.8072404180161,282.83025180672774,23.877726852661905,23.877726852661905,94.5,100.0,89.8068650553424,87.18083112183461,Muy rapida,Alta,Estable,Rapido defensivo
TPR,"TAPESTRY, INC.",Stock,NYSE,3100,USD,140.47000122070312,6,6,100.0,0.3583668218229359,0.3628225467881746,-1.516549736984208,2026-06-05,5.5,19.666666666666668,26.61327989306592,118.63268881896282,49.41960155988417,520.2520578014506,198.2307185976664,23.782525448249384,23.782525448249384,94.5,100.0,73.38672010693408,84.71637483786304,Muy rapida,Alta,Variable,Rapido defensivo
SCHW,SCHWAB CHARLES CORP,Stock,NYSE,6211,USD,89.5,6,6,100.0,0.3182567448600834,0.3255115002561193,-0.6159726036970513,2026-05-08,5.5,7.666666666666667,9.750213672872336,143.59943883988484,67.25744204875771,517.1387218526481,189.9808873036662,21.12067488616917,21.12067488616917,94.5,100.0,90.24978632712767,87.20572469392923,Muy rapida,Alta,Estable,Rapido defensivo
BAX,BAXTER INTERNATIONAL INC,Stock,NYSE,3841,USD,19.25,6,6,100.0,0.314790629961069,0.2686062893947182,-0.7392142640731634,2026-05-29,5.5,5.166666666666667,3.8166302763912916,149.61727724182546,37.85878204205768,688.1161343952263,264.1889283190928,20.890650897416393,20.890650897416393,94.5,100.0,96.1833697236087,88.09229608850237,Muy rapida,Alta,Muy estable,Rapido defensivo
FELE,FRANKLIN ELECTRIC CO INC,Stock,Nasdaq,3621,USD,100.9800033569336,12,12,100.0,0.2791336561227886,0.27708034641087004,-0.02809925355319994,2026-05-07,5.5,9.166666666666666,8.952737857857514,221.6837081744832,114.42349035708187,786.5632538657932,283.2245319273008,18.524324451785063,18.524324451785063,94.5,100.0,91.04726214214249,87.28622297744415,Muy rapida,Alta,Estable,Rapido defensivo
LYTS,LSI INDUSTRIES INC,Stock,Nasdaq,3640,USD,23.88999938964844,12,12,100.0,0.24600209089543856,0.231723119198185,-1.625000883891709,2026-05-04,5.5,7.166666666666667,5.638074031784151,68.7244991946614,72.61179739399627,126.5643133901679,40.04746451076668,16.325593304879103,16.325593304879103,94.5,100.0,94.36192596821584,87.75029098612782,Muy rapida,Alta,Estable,Rapido defensivo
RGLD,"Royal Gold, Inc. Common Stock",Other Unmatched,,,USD,264.3500061035156,6,6,100.0,0.24565709808212313,0.23853629165935497,-1.2133074966010142,2026-04-02,5.5,4.5,2.8106938645110393,179.6860788686071,163.4152629123575,322.76496650088967,93.2535939090556,16.30269832726817,16.30269832726817,94.5,100.0,97.18930613548896,88.17405301840546,Muy rapida,Alta,Muy estable,Rapido defensivo
CHRI,Global X S&P 500 Christian Values ETF,ETF/Fund,US Listed,,USD,87.21499633789062,2,2,100.0,0.2015977616537851,0.2015977616537851,0.2785322104230772,2026-06-29,5.5,5.5,3.5355339059327378,79.49151465448959,79.49151465448959,128.1818154906764,68.85848379856144,13.37876054611483,13.37876054611483,94.5,100.0,96.46446609406726,88.02126767576387,Muy rapida,Alta,Muy estable,Rapido defensivo
JBL,JABIL INC,Stock,NYSE,3672,USD,354.3399963378906,6,6,100.0,0.03758829704662615,0.03821399727870635,-0.7798820515561024,2026-05-15,5.5,10.5,12.405643876881202,54.91849428096567,33.81796525952667,110.46605696742586,40.945082164329996,2.4944960767306443,2.4944960767306443,94.5,100.0,87.5943561231188,86.52674171551443,Muy rapida,Alta,Estable,Rapido defensivo
QFIN,"Qfin Holdings, Inc. American Depositary Shares",Preferred,,,USD,13.850000381469728,3,3,100.0,3.3729714054412736,2.641640555813449,-1.0269254918267032,2026-04-22,6.0,9.666666666666666,10.969655114602888,728.5336947744045,162.8143199339829,1914.9758194659585,1027.8570081716614,205.1890938310108,205.1890938310108,94.0,100.0,89.03034488539711,89.92752313825085,Muy rapida,Alta,Estable,Rapido y rentable
MPLX,MPLX LP,Stock,NYSE,4610,USD,56.27000045776367,6,6,100.0,1.924737507442576,1.918600204202857,-1.8134998016502086,2026-05-08,6.0,20.833333333333332,34.13746719759195,165.68847432652748,206.27606395756584,276.6804561999614,109.63793044843578,117.0881983694234,117.0881983694234,94.0,100.0,65.86253280240805,85.00411742780378,Muy rapida,Alta,Variable,Rapido y rentable
JBSS,SANFILIPPO JOHN B & SON INC,Stock,Nasdaq,2060,USD,81.70999908447266,6,6,100.0,1.8585170641112383,1.8357606373845192,-2.0937135550601282,2026-04-27,6.0,6.666666666666667,3.6147844564602556,180.96916477967588,117.631598498074,371.8228858721852,150.5950329793025,113.059788066767,113.059788066767,94.0,100.0,96.38521554353974,89.5162993956422,Muy rapida,Alta,Muy estable,Rapido y rentable
MOV,MOVADO GROUP INC,Stock,NYSE,3873,USD,36.93000030517578,6,6,100.0,1.787903467441023,1.7177237019868707,-1.8898520657685125,2026-06-10,6.0,7.166666666666667,7.194905605125523,600.4541422705865,279.0824615320363,1951.0018783914463,719.4676933625601,108.76412760266224,108.76412760266224,94.0,100.0,92.80509439487447,88.9086676266722,Muy rapida,Alta,Estable,Rapido y rentable
CEFA,Global X S&P Catholic Values Developed ex-U.S. ETF,ETF/Fund,US Listed,,USD,39.57400131225586,3,3,100.0,1.3194705081261902,1.1360334653234712,-0.5754429130434754,2026-06-29,6.0,6.666666666666667,4.041451884327381,96.47976190417758,89.1172478017404,130.61120029961833,31.110585084942635,80.26778924434323,80.26778924434323,94.0,100.0,95.95854811567261,88.91325272547708,Muy rapida,Alta,Muy estable,Rapido y rentable
BRKRP,"Bruker Corporation 6.375% Mandatory Convertible Preferred Stock, Series A",Preferred,,,USD,344.92999267578125,3,3,100.0,1.2035977161942413,1.15513295004913,-2.625600439564401,2026-05-15,6.0,7.666666666666667,3.785938897200183,199.0308557202325,147.2149940907747,318.97334139664986,104.19289872797584,73.21886106848301,73.21886106848301,94.0,100.0,96.21406110279982,88.83570688161421,Muy rapida,Alta,Muy estable,Rapido y rentable
POR,PORTLAND GENERAL ELECTRIC CO /OR/,Stock,NYSE,4911,USD,52.08000183105469,6,6,100.0,1.1349846537052153,1.121642999826959,-1.1210521884489422,2026-06-25,6.0,6.333333333333333,3.2041639575194445,137.54321917182972,88.65080320338706,350.771767725377,115.83684700288634,69.04489976706726,69.04489976706726,94.0,100.0,96.79583604248056,88.8543600600773,Muy rapida,Alta,Muy estable,Rapido y rentable
SON,SONOCO PRODUCTS CO,Stock,NYSE,2650,USD,51.709999084472656,6,6,100.0,1.1185443421058416,1.129568564962608,-0.9757934580277029,2026-05-08,6.0,19.833333333333332,23.43003770092286,171.74011399422793,186.96730334809524,333.58142027546086,129.49264337190374,68.0447808114387,68.0447808114387,94.0,100.0,76.56996229907713,85.8040386869674,Muy rapida,Alta,Variable,Rapido y rentable
SWKS,"SKYWORKS SOLUTIONS, INC.",Stock,Nasdaq,3674,USD,82.41999816894531,12,12,100.0,1.0247537193135057,1.0251512974647845,0.08909533047206486,2026-05-26,6.0,8.833333333333334,7.963933853582815,197.82801565952764,132.94562336689984,506.7765284186656,186.7139893184943,62.3391845915716,62.3391845915716,94.0,100.0,92.03606614641718,88.03016364127609,Muy rapida,Alta,Estable,Rapido y rentable
VLY,VALLEY NATIONAL BANCORP,Stock,Nasdaq,6021,USD,14.630000114440918,12,12,100.0,1.0233131399138558,0.9734749240719316,-1.0195032272746,2026-06-15,6.0,7.0,4.431293675255978,339.0269324778506,108.77789901259905,1492.4054929409722,543.0957454427278,62.25154934475956,62.25154934475956,94.0,100.0,95.56870632474403,88.55861908862546,Muy rapida,Alta,Muy estable,Rapido y rentable
SR,SPIRE INC,Stock,NYSE,4924,USD,80.26000213623047,6,6,100.0,1.0089019356409152,1.0282366064226731,-1.1492549859052417,2026-06-11,6.0,10.333333333333334,10.98483803552272,143.38653386813547,83.82972865439822,429.6078156931269,156.78158638182558,61.374867751489006,61.374867751489006,94.0,100.0,89.01516196447727,87.56117623031251,Muy rapida,Alta,Estable,Rapido y rentable
JEPQ.MI,JPM Nasdaq Equity Premium Incom,ETF/Fund,Borsa Italiana,Europe,EUR,23.565000534057617,2,2,100.0,0.9670673253428687,0.9670673253428687,-0.8765295818733846,2026-05-21,6.0,6.0,1.4142135623730951,65.35244854605249,65.35244854605249,71.94042709546548,9.316808613202886,58.82992895835784,58.82992895835784,94.0,100.0,98.58578643762691,88.95493529098691,Muy rapida,Alta,Muy estable,Rapido y rentable
FULT,FULTON FINANCIAL CORP,Stock,Nasdaq,6021,USD,24.190000534057617,11,11,100.0,0.95460042164279,0.9661836184033044,-0.21350904944966748,2026-07-01,6.0,10.272727272727273,15.862477165253281,484.39337713510577,117.34305700274147,1335.3648597041538,519.4436304126978,58.07152564993639,58.07152564993639,94.0,100.0,84.13752283474672,86.7752288468548,Muy rapida,Alta,Variable,Rapido y rentable
TNL,Travel & Leisure Co.,Stock,NYSE,7011,USD,73.5999984741211,6,6,100.0,0.9358024792021279,0.8694772109940392,-1.6955294372429475,2026-06-12,6.0,11.5,14.976648490233053,175.84384947335266,124.74077417475618,560.3934279813649,194.3920627251326,56.927984151462766,56.927984151462766,94.0,100.0,85.02335150976694,86.88930520566717,Muy rapida,Alta,Estable,Rapido y rentable
ALRS,ALERUS FINANCIAL CORP,Stock,Nasdaq,6021,USD,30.6299991607666,12,12,100.0,0.9170180393805882,0.9332365698959129,-0.8326313198742216,2026-06-26,6.0,17.0,27.830656739384622,217.68601307078873,113.91469651677669,520.5732508733731,215.11307218494898,55.78526406231912,55.78526406231912,94.0,100.0,72.16934326061538,84.9424195284729,Muy rapida,Alta,Variable,Rapido y rentable
NATH,"NATHANS FAMOUS, INC.",Stock,Nasdaq,5812,USD,101.66000366210938,12,12,100.0,0.9153824806879395,0.49405671405700546,-0.9312644977011907,2026-06-22,6.0,11.0,9.610600208292736,104.46272657816165,49.415981927761216,284.21143195550786,96.6638476786573,55.68576757518299,55.68576757518299,94.0,100.0,90.38939979170726,87.67379244944404,Muy rapida,Alta,Estable,Rapido y rentable
QSR,Restaurant Brands International Inc.,Stock,NYSE,5812,USD,71.8499984741211,6,6,100.0,0.9120841419406808,0.9084148133450585,-0.9093527950904435,2026-06-23,6.0,11.666666666666666,16.439789130845526,140.7313059151027,113.27533859296922,396.2431097858747,133.26997453715387,55.48511863472475,55.48511863472475,94.0,100.0,83.56021086915447,86.64611577231386,Muy rapida,Alta,Variable,Rapido y rentable
EFSI,EAGLE FINANCIAL SERVICES INC,Stock,Nasdaq,6022,USD,37.959999084472656,11,11,100.0,0.884018187427305,0.8561171163711303,-1.8122031754077432,2026-05-04,6.0,8.272727272727273,8.36768676625636,106.13181400860016,97.47662515553344,171.49565053829448,48.35889010343669,53.77777306849438,53.77777306849438,94.0,100.0,91.63231323374364,87.82886517248885,Muy rapida,Alta,Estable,Rapido y rentable
CHY,Calamos Convertible and High Income Fund Common Stock,ETF/Fund,,,USD,12.859999656677246,17,17,100.0,0.8828310137534303,0.8756567367068908,-0.733777758039548,2026-06-12,6.0,7.117647058823529,6.781245764433483,175.76470431469932,70.1248618435149,596.0359628666206,194.78117305903407,53.70555333666701,53.70555333666701,94.0,100.0,93.21875423556652,88.06564414908841,Muy rapida,Alta,Estable,Rapido y rentable
CNS,"COHEN & STEERS, INC.",Stock,NYSE,6282,USD,72.76000213623047,6,6,100.0,0.8641959180047581,0.8758207317482904,-0.4856720653172786,2026-05-11,6.0,20.833333333333332,26.95490060576493,123.64791744712367,52.90484254118684,480.1838970317963,179.15039703082857,52.57191834528945,52.57191834528945,94.0,100.0,73.04509939423507,85.02096082714002,Muy rapida,Alta,Variable,Rapido y rentable
WEC,"WEC ENERGY GROUP, INC.",Stock,NYSE,4931,USD,112.1999969482422,6,6,100.0,0.8365558622706216,0.8425605627612656,-0.5577038587236506,2026-05-14,6.0,9.0,10.770329614269007,249.0788905267776,81.67898159587071,868.4081297244638,332.9810596318087,50.89048162146281,50.89048162146281,94.0,100.0,89.229670385731,87.42100642013027,Muy rapida,Alta,Estable,Rapido y rentable
PKBK,"PARKE BANCORP, INC.",Stock,Nasdaq,6022,USD,28.520000457763672,12,12,100.0,0.8244690829230845,0.8482791457803839,-0.6843038484360764,2026-04-02,6.0,6.166666666666667,4.951277765905637,208.1508502765678,124.20573581147451,564.6969582483797,203.39328309354994,50.15520254448765,50.15520254448765,94.0,100.0,95.04872223409436,88.28177741803725,Muy rapida,Alta,Muy estable,Rapido y rentable
COP,CONOCOPHILLIPS,Stock,NYSE,2911,USD,113.87000274658205,6,6,100.0,0.8160448037855462,0.8115819794590774,-0.6777395075748253,2026-05-11,6.0,10.166666666666666,10.008329864001619,234.97468443739672,111.0851785267503,865.6915157597006,321.54285890587556,49.642725563620736,49.642725563620736,94.0,100.0,89.99167013599838,87.5147953241853,Muy rapida,Alta,Estable,Rapido y rentable
FDTS,First Trust Developed Markets ex-US Small Cap AlphaDEX Fund,ETF/Fund,US Listed,,USD,65.27999877929688,6,6,100.0,0.7669444529220839,0.8499239606143374,-1.2094880597841526,2026-06-25,6.0,10.5,9.460443964212251,67.24580138000452,49.96701705673644,160.23530031118938,52.91313747075765,46.6557875527601,46.6557875527601,94.0,100.0,90.53955603578775,87.54787785829025,Muy rapida,Alta,Estable,Rapido y rentable
CARZ,First Trust S-Network Future Vehicles & Technology ETF,ETF/Fund,,,USD,79.4800033569336,3,3,100.0,0.7466382744747134,0.4874322411801184,-0.9607247985338624,2025-12-12,6.0,9.666666666666666,10.969655114602888,231.84790727835994,36.88272516501854,633.6393732415308,348.01215212148304,45.42049503054506,45.42049503054506,94.0,100.0,89.03034488539711,87.30119000728429,Muy rapida,Alta,Estable,Rapido y rentable
JEPI.L,JPMORGAN ETFS (IRELAND) ICAV JP,ETF/Fund,London Stock Exchange,Europe,USD,24.184999465942383,3,3,100.0,0.7351846737682907,0.7545999753152725,-0.804115025792242,2026-06-11,6.0,17.333333333333332,20.502032419575706,46.74980258108152,46.9674433601523,85.26991235344428,38.629389991097995,44.72373432090435,44.72373432090435,94.0,100.0,79.4979675804243,85.85987981083194,Muy rapida,Alta,Variable,Rapido y rentable
DTM,"DT Midstream, Inc.",Stock,NYSE,4922,USD,142.32000732421875,6,6,100.0,0.7211795219053387,0.7208780117010938,-0.58246115217827,2026-06-15,6.0,7.0,3.286335345030997,89.69617582779773,65.33648748181344,231.1653943177273,70.64119870427595,43.87175424924144,43.87175424924144,94.0,100.0,96.71366465496901,88.4282292201507,Muy rapida,Alta,Muy estable,Rapido y rentable
SRET,Global X SuperDividend REIT ETF,ETF/Fund,US Listed,,USD,22.21999931335449,17,17,100.0,0.6798769080861161,0.6726457101853018,-0.5099649846881169,2026-06-03,6.0,15.588235294117647,22.77350111294213,126.84655827925468,90.34086172001216,421.0881363724537,135.7729070501076,41.35917857523873,41.35917857523873,94.0,100.0,77.22649888705787,85.4638517411448,Muy rapida,Alta,Variable,Rapido y rentable
UNP,UNION PACIFIC CORP,Stock,NYSE,4011,USD,267.0,6,6,100.0,0.5646564147360325,0.5641747055775099,-0.30278572982533514,2026-05-29,6.0,5.0,3.4641016151377544,200.97603012987963,107.0893251460283,440.8528932486258,181.87506941906193,34.34993189644197,34.34993189644197,94.0,100.0,96.53589838486225,88.24504117246538,Muy rapida,Alta,Muy estable,Rapido y rentable
FTA,First Trust Large Cap Value AlphaDEX Fund,ETF/Fund,US Listed,,USD,96.87999725341795,6,6,100.0,0.4550059195660923,0.4391570041205014,-0.44365118958765953,2026-06-25,6.0,15.0,19.748417658131498,97.9277050073461,29.49270556705241,327.84768696282435,130.06440214815106,27.679526773603946,27.679526773603946,94.0,100.0,80.2515823418685,85.69274327084636,Muy rapida,Alta,Variable,Rapido y rentable
FTAG,First Trust Indxx Global Agriculture ETF,ETF/Fund,US Listed,,USD,28.270000457763672,5,5,100.0,0.4288736499061959,0.3795203588225873,-0.07867032408995081,2026-06-25,6.0,21.6,32.68485887991564,261.95541372999287,79.83301335601249,916.4363291413044,383.6585882390355,26.089813702626916,26.089813702626916,94.0,100.0,67.31514112008436,83.72614481791885,Muy rapida,Alta,Variable,Rapido y rentable
0LLW.L,VANGUARD DIVIDEND APPRECIATION ,ETF/Fund,London Stock Exchange,Europe,USD,235.0,2,2,100.0,0.4062245881474699,0.4062245881474699,-0.9161108623225506,2026-06-26,6.0,6.0,0.0,69.05008643227573,69.05008643227573,75.81626430213873,9.568820508988951,24.711995778971087,24.711995778971087,94.0,100.0,100.0,88.60622458814747,Muy rapida,Alta,Muy estable,Rapido defensivo
EQRR,ProShares Equities for Rising Rates ETF,ETF/Fund,US Listed,,USD,80.06700134277344,6,6,100.0,0.39381132547513786,0.3513553572243058,-0.48660515461908743,2026-06-24,6.0,12.166666666666666,18.36754383870273,86.64513782647863,52.38552199253066,264.9174305612321,96.73732586450673,23.956855633070887,23.956855633070887,94.0,100.0,81.63245616129727,85.83867974966974,Muy rapida,Alta,Variable,Rapido defensivo
0P0000WGSU.L,0P0000WGSU.L,ETF/Fund,London Stock Exchange,Europe,GBP,1.1444200277328491,3,3,100.0,0.3707376945233905,0.3707087652718063,-0.1512937638538351,2026-06-01,6.0,8.333333333333334,8.736894948054106,92.28456368041816,43.542906749003166,225.0521230661812,116.32567693536,22.553209750172922,22.553209750172922,94.0,100.0,91.2631050519459,87.26020345231527,Muy rapida,Alta,Estable,Rapido defensivo
0P0000WV73.L,0P0000WV73.L,ETF/Fund,London Stock Exchange,Europe,GBP,1.1626299619674685,3,3,100.0,0.36258768923918777,0.3626314295799226,-0.14369740473442225,2026-06-01,6.0,8.333333333333334,8.736894948054106,92.22347501376085,43.46737681392192,225.0492274418334,116.37771346312559,22.05741776205059,22.05741776205059,94.0,100.0,91.2631050519459,87.25205344703107,Muy rapida,Alta,Estable,Rapido defensivo
BWA,BORGWARNER INC,Stock,NYSE,3714,USD,71.81999969482422,6,6,100.0,0.3377145902843486,0.35096310197105035,-1.632269132532711,2026-06-01,6.0,16.5,25.367301787931645,97.70582529161398,69.11007594623084,308.7408742317358,107.25916578481643,20.544304242297873,20.544304242297873,94.0,100.0,74.63269821206836,84.7326193220946,Muy rapida,Alta,Variable,Rapido defensivo
CMC,COMMERCIAL METALS Co,Stock,NYSE,3312,USD,61.790000915527344,6,6,100.0,0.32574761461723595,0.3362232898770574,-1.4192313144759616,2026-04-06,6.0,6.666666666666667,3.723797345005051,141.79039277640692,169.24119414968249,267.7884123669367,97.37879587188355,19.81631322254852,19.81631322254852,94.0,100.0,96.27620265499495,87.96717801286648,Muy rapida,Alta,Muy estable,Rapido defensivo
ESI,Element Solutions Inc,Stock,NYSE,2890,USD,42.43000030517578,6,6,100.0,0.2861320824316677,0.3075189920447958,-1.4716054442399782,2026-06-01,6.0,10.5,9.049861877399014,52.00181758675037,45.676597112617365,115.55761053789595,36.107992989545295,17.406368347926453,17.406368347926453,94.0,100.0,90.95013812260099,87.12865280082181,Muy rapida,Alta,Estable,Rapido defensivo
VONE,Vanguard Russell 1000 ETF,ETF/Fund,US Listed,,USD,334.9700012207031,6,6,100.0,0.2841211784380129,0.2851995138201563,-0.13559708310643018,2026-06-18,6.0,13.166666666666666,18.11537100549328,87.01009242041721,34.37890900934462,356.7844381033057,134.35968821508268,17.284038354979117,17.284038354979117,94.0,100.0,81.88462899450673,85.76681552761403,Muy rapida,Alta,Variable,Rapido defensivo
ORCL,ORACLE CORP,Stock,NYSE,7372,USD,143.66000366210938,6,6,100.0,0.2666797382260487,0.25441587262345416,-1.1087342745795268,2026-04-09,6.0,7.666666666666667,7.118052168020874,644.6379522958214,401.1624423338096,1803.3503281303529,700.4012496038695,16.223017408751293,16.223017408751293,94.0,100.0,92.88194783197912,87.39897191302292,Muy rapida,Alta,Estable,Rapido defensivo
KOP,Koppers Holdings Inc.,Stock,NYSE,2400,USD,41.290000915527344,6,6,100.0,0.25371475620917905,0.26123666888907626,-0.8091224387659025,2026-05-29,6.0,17.833333333333332,26.018583102595468,111.88610185593602,84.58324862249833,245.37918090820315,107.85533726474472,15.434314336058392,15.434314336058392,94.0,100.0,73.98141689740453,84.55092729081986,Muy rapida,Alta,Variable,Rapido defensivo
NVT,nVent Electric plc,Stock,NYSE,3550,USD,142.75999450683594,6,6,100.0,0.23987553545469162,0.22894625519230155,-0.4874039731022018,2026-04-24,6.0,4.833333333333333,3.125166662222459,172.4680531887217,103.19437805962838,567.3554560478093,209.83878432361126,14.592428406827073,14.592428406827073,94.0,100.0,96.87483333777755,87.97110053612131,Muy rapida,Alta,Muy estable,Rapido defensivo
WCC,WESCO INTERNATIONAL INC,Stock,NYSE,5063,USD,344.2099914550781,6,6,100.0,0.20868708584029597,0.19996363905713285,-1.314737171938188,2026-06-12,6.0,12.666666666666666,14.65150731722394,260.8080961797874,38.76536787024071,1110.9585189896293,432.6387751808708,12.695131055284671,12.695131055284671,94.0,100.0,85.34849268277605,86.2109609882567,Muy rapida,Alta,Estable,Rapido defensivo
LOTI,Liberty One Tactical Income ETF,ETF/Fund,US Listed,,USD,25.85700035095215,8,8,100.0,0.20085154084087753,0.2063747343950512,-0.3331544715196496,2026-06-18,6.0,8.0,8.194074514114279,56.624637373366305,20.35901708282293,180.17651794202308,69.23538090782276,12.218468734486715,12.218468734486715,94.0,100.0,91.80592548588572,87.17174036372373,Muy rapida,Alta,Estable,Rapido defensivo
FSS,FEDERAL SIGNAL CORP /DE/,Stock,NYSE,3711,USD,115.08000183105467,6,6,100.0,0.14028110240835895,0.13538362425365444,-0.6611817873281424,2026-05-15,6.0,6.166666666666667,4.875106836436168,252.95468037549014,33.77596696078777,904.6404942189512,373.9606342479769,8.53376706317517,8.53376706317517,94.0,100.0,95.12489316356383,87.60901507694292,Muy rapida,Alta,Muy estable,Rapido defensivo
0LOE.L,VANGUARD SMALL-CAP GROWTH INDEX,ETF/Fund,London Stock Exchange,Europe,USD,360.7049865722656,2,2,100.0,0.1075595880640067,0.1075595880640067,-0.171658719870024,2026-06-26,6.0,6.0,0.0,108.72422520296124,108.72422520296124,119.44173428516206,15.156846698905238,6.5432082738937405,6.5432082738937405,94.0,100.0,100.0,88.30755958806401,Muy rapida,Alta,Muy estable,Rapido defensivo
FCNCA,FIRST CITIZENS BANCSHARES INC /DE/,Stock,Nasdaq,6022,USD,2009.030029296875,12,12,100.0,0.10323959386634653,0.10473490619826055,-1.1376377827985962,2026-05-29,6.0,11.833333333333334,18.01430408078956,95.66580891185777,78.33361024662068,253.3287616226212,85.84374944575163,6.280408626869414,6.280408626869414,94.0,100.0,81.98569591921044,85.60109398174792,Muy rapida,Alta,Variable,Rapido defensivo
SFLO,VictoryShares Small Cap Free Cash Flow ETF,ETF/Fund,US Listed,,USD,33.48600006103516,17,17,100.0,0.09062783018662154,0.0793224194553885,-0.35786292738497055,2026-06-09,6.0,9.647058823529411,12.589386286027748,164.72296468785166,62.07944115549838,887.6122492259203,243.04965409229465,5.513193003019477,5.513193003019477,94.0,100.0,87.41061371397225,86.40221988728246,Muy rapida,Alta,Estable,Rapido defensivo
ESAB,ESAB Corp,Stock,NYSE,3569,USD,101.0,5,5,100.0,0.08542248941973211,0.0883002207505518,-0.8309385253597956,2026-04-02,6.0,4.2,2.949576240750525,458.7702420644249,184.0774558228612,1667.3483737462302,679.2616208590708,5.1965347730337035,5.1965347730337035,94.0,100.0,97.05042375924947,87.84298605330716,Muy rapida,Alta,Muy estable,Rapido defensivo
VIOT,"Viomi Technology Co., Ltd American Depositary Shares",Preferred,,,USD,1.0800000429153442,2,2,100.0,4.474910316512959,4.474910316512959,-1.1857829726716802,2026-04-06,6.5,6.5,7.7781745930520225,1093.5110213189394,1093.5110213189394,1860.3246590498848,1084.4382462917522,251.28342546572773,251.28342546572773,93.5,100.0,92.22182540694797,91.35818412755515,Muy rapida,Alta,Estable,Rapido y rentable
CALM,CAL-MAINE FOODS INC,Stock,Nasdaq,200,USD,77.27999877929688,12,12,100.0,1.6654168929422346,1.4466651025314603,-2.179460434125699,2026-04-29,6.5,7.166666666666667,4.8021459849327846,244.55876395717124,114.62613270963399,872.7041989523286,295.80986377601823,93.51956398829472,93.51956398829472,93.5,100.0,95.19785401506722,88.99509499520231,Muy rapida,Alta,Muy estable,Rapido y rentable
NVEC,NVE CORP /NEW/,Stock,Nasdaq,3674,USD,89.73999786376953,12,12,100.0,1.4116627555839685,1.4218522185499634,-2.510965789282976,2026-05-18,6.5,12.166666666666666,12.320222351397671,135.75995192937168,138.62680872966104,303.8162660094602,95.99733594493217,79.27029319817669,79.27029319817669,93.5,100.0,87.67977764860233,87.61362940287432,Muy rapida,Alta,Estable,Rapido y rentable
CSWC,CAPITAL SOUTHWEST CORP,Stock,Nasdaq,0,USD,23.540000915527344,28,28,100.0,1.231654298843002,0.9413038682155436,-1.0046626986735412,2026-06-15,6.5,14.428571428571429,17.804345227913018,216.44518975313977,105.22519194817892,737.1610516488678,265.8301389906755,69.16212601195319,69.16212601195319,93.5,100.0,82.19565477208698,86.61100251465604,Muy rapida,Alta,Variable,Rapido y rentable
PZZA,PAPA JOHNS INTERNATIONAL INC,Stock,Nasdaq,5812,USD,34.72999954223633,12,12,100.0,1.1810627863600591,1.1746215090869512,-1.0679182750759117,2026-05-18,6.5,10.5,11.082336478296524,195.22265227382738,151.34089083741657,419.2283171955752,148.3865071617396,66.32121800329563,66.32121800329563,93.5,100.0,88.91766352170347,87.56871231461558,Muy rapida,Alta,Estable,Rapido y rentable
AUGO,Aura Minerals Inc. Common Shares,Other Unmatched,,,USD,75.63999938964844,4,4,100.0,1.083071836485046,1.0980216786056354,-2.469549884056749,2026-05-19,6.5,9.5,8.582928793055823,150.60146520528895,107.06939661907145,341.218547901414,135.8525682292811,60.818649279544886,60.818649279544886,93.5,100.0,91.41707120694417,87.84563251752667,Muy rapida,Alta,Estable,Rapido y rentable
WABC,WESTAMERICA BANCORPORATION,Stock,Nasdaq,6021,USD,55.2599983215332,12,12,100.0,0.9154764072298184,0.9183413720658249,-0.9247067873573185,2026-05-04,6.5,11.0,9.742129690631865,118.4911294564382,92.88656651262967,247.75924278437995,95.51299274093972,51.40752132905903,51.40752132905903,93.5,100.0,90.25787030936813,87.50415695363503,Muy rapida,Alta,Estable,Rapido y rentable
PFG,PRINCIPAL FINANCIAL GROUP INC,Stock,Nasdaq,6321,USD,103.62000274658205,12,12,100.0,0.9122154283062166,0.9209149170875134,-0.2147636534472981,2026-06-01,6.5,10.166666666666666,9.842702265068667,366.03966453432434,125.11302943786137,1043.2293710698823,439.95817530799616,51.22440482027216,51.22440482027216,93.5,100.0,90.15729773493133,87.4858100885459,Muy rapida,Alta,Estable,Rapido y rentable
RFDI,First Trust RiverFront Dynamic Developed International ETF,ETF/Fund,US Listed,,USD,86.78500366210938,6,6,100.0,0.892001273436963,0.8658066048428736,-1.0489433579893295,2026-06-25,6.5,9.666666666666666,10.385887861259945,163.56478136191208,37.11814530502184,502.6767086379318,211.68198020343652,50.08930227761407,50.08930227761407,93.5,100.0,89.61411213874005,87.38411809424797,Muy rapida,Alta,Estable,Rapido y rentable
TSBK,TIMBERLAND BANCORP INC,Stock,Nasdaq,6036,USD,41.43000030517578,12,12,100.0,0.7913401141181858,0.8206521117251857,-0.8393632849833236,2026-05-08,6.5,14.5,15.288141572057498,128.28732905546323,88.69831903856141,379.86882115195687,135.2924550830094,44.436791023559664,44.436791023559664,93.5,100.0,84.7118584279425,86.54811887830955,Muy rapida,Alta,Variable,Rapido y rentable
WNC,WABASH NATIONAL Corp,Stock,NYSE,3715,USD,8.579999923706055,6,6,100.0,0.7484252729373192,0.7653061205871106,-0.9819857250881703,2026-04-02,6.5,29.333333333333332,40.262472187716774,673.4261406408602,190.03693651780023,3240.106819678859,1267.206897931859,42.02695763417254,42.02695763417254,93.5,100.0,59.737527812283226,82.7590544447798,Muy rapida,Alta,Muy variable,Rapido y rentable
PKE,PARK AEROSPACE CORP,Stock,NYSE,3728,USD,28.270000457763672,6,6,100.0,0.7142240892072894,0.7304313314397444,-0.5439084530974053,2026-04-02,6.5,12.333333333333334,14.528133626404552,171.80737053509176,155.98357566006268,343.79071326794246,146.68567204779416,40.10642962471702,40.10642962471702,93.5,100.0,85.47186637359545,86.5850040452466,Muy rapida,Alta,Estable,Rapido y rentable
JEF,Jefferies Financial Group Inc.,Stock,NYSE,6211,USD,52.22999954223633,6,6,100.0,0.7030823923899598,0.7327261015558593,-1.9235128314035472,2026-05-18,6.5,9.0,8.024961059095553,170.45656429442516,89.99153502345274,504.5143309403147,177.61928551746558,39.4807804957439,39.4807804957439,93.5,100.0,91.97503894090445,87.54933823352563,Muy rapida,Alta,Estable,Rapido y rentable
FGSI,FT Vest Growth Strength & Target Income ETF,ETF/Fund,US Listed,,USD,20.11000061035156,12,12,100.0,0.6906220225999559,0.6938999691649286,-0.8320866250392687,2026-06-25,6.5,9.583333333333334,11.688831758511535,140.5700576306043,59.057871357827864,500.7516618832616,153.9554141040105,38.78108280753598,38.78108280753598,93.5,100.0,88.31116824148846,86.98729725882322,Muy rapida,Alta,Estable,Rapido y rentable
MSEX,MIDDLESEX WATER CO,Stock,Nasdaq,4941,USD,51.91999816894531,12,12,100.0,0.6599527326859136,0.6616020727966485,0.0016631773932006915,2026-05-15,6.5,10.666666666666666,9.828838212426767,317.86390524769814,60.64541221032185,1501.8128310461743,558.8988839523138,37.05888422005515,37.05888422005515,93.5,100.0,90.17116178757323,87.23562700082189,Muy rapida,Alta,Estable,Rapido y rentable
PKG,PACKAGING CORP OF AMERICA,Stock,NYSE,2650,USD,228.22999572753903,6,6,100.0,0.6215570761349684,0.6280888556454882,-0.1400652666226438,2026-06-15,6.5,7.666666666666667,7.2571803523590805,297.15707184411957,139.21090549147024,1144.249113896853,426.19813846864946,34.902820429117455,34.902820429117455,93.5,100.0,92.74281964764091,87.5829800232811,Muy rapida,Alta,Estable,Rapido y rentable
ESNT,Essent Group Ltd.,Stock,NYSE,6351,USD,57.88999938964844,4,4,100.0,0.5792013970887406,0.5889628992035666,-0.16027997741246602,2026-06-01,6.5,6.75,6.652067347825035,304.31373267274296,270.6243140326607,648.0498592999667,305.4748744730819,32.5243861442139,32.5243861442139,93.5,100.0,93.34793265217496,87.63139129491498,Muy rapida,Alta,Estable,Rapido y rentable
BFST,"Business First Bancshares, Inc.",Stock,Nasdaq,6022,USD,27.13999938964844,12,12,100.0,0.5521277787238047,0.5588307525016005,-0.5840399450570831,2026-05-15,6.5,12.333333333333334,16.84870285448669,147.03469415325608,95.43586411305695,377.5857267708614,126.13922406113392,31.00409834372134,31.00409834372134,93.5,100.0,83.15129714551331,86.07482235055079,Muy rapida,Alta,Variable,Rapido y rentable
FINY,GraniteShares YieldBOOST Financials ETF,ETF/Fund,,,USD,25.25,8,8,100.0,0.4867914443251872,0.4768807055554044,-0.2776019415886966,2026-06-26,6.5,6.5,4.47213595499958,73.23556779821557,33.33909854214282,245.5496418987312,86.69896212121392,27.335211873645125,27.335211873645125,93.5,100.0,95.52786404500043,87.86597105107525,Muy rapida,Alta,Muy estable,Rapido y rentable
PRI,"Primerica, Inc.",Stock,NYSE,6311,USD,281.0599975585937,6,6,100.0,0.40500039248807357,0.39494455821189683,-0.7300416945839351,2026-05-21,6.5,8.333333333333334,8.286535263104035,221.4943674181234,67.11965549836334,795.7857836494563,309.77223642481704,22.742329732022593,22.742329732022593,93.5,100.0,91.71346473689596,87.21202010302247,Muy rapida,Alta,Estable,Rapido defensivo
ACU,ACME UNITED CORP,Stock,NYSE,3420,USD,44.5099983215332,6,6,100.0,0.38428418618306576,0.38750265459089117,-0.8936999882135309,2026-03-25,6.5,17.333333333333332,28.140125562382742,187.66071394241445,55.776211893427906,730.0003459290688,278.2831187199562,21.579035070279847,21.579035070279847,93.5,100.0,71.85987443761726,84.21326535182565,Muy rapida,Alta,Variable,Rapido defensivo
FCX,FREEPORT-MCMORAN INC,Stock,NYSE,1000,USD,68.2699966430664,6,6,100.0,0.32976441280665514,0.34306461070078087,-0.6215438325834793,2026-04-15,6.5,5.166666666666667,3.3115957885386114,186.51486997214013,57.90728498488153,628.3533023882516,241.28956830651262,18.51754010375833,18.51754010375833,93.5,100.0,96.68840421146139,87.88302504452587,Muy rapida,Alta,Muy estable,Rapido defensivo
LH,LABCORP HOLDINGS INC.,Stock,NYSE,8071,USD,262.75,6,6,100.0,0.2710124290683799,0.2704297126532703,-0.7212374511331587,2026-05-29,6.5,13.833333333333334,19.364056048944565,104.13843078631031,66.03971148963265,281.7258931076236,111.39318489452484,15.21839024768595,15.21839024768595,93.5,100.0,80.63594395105544,85.41640402172669,Muy rapida,Alta,Variable,Rapido defensivo
QQXT,First Trust NASDAQ-100 Ex-Technology Sector Index Fund,ETF/Fund,US Listed,,USD,97.23999786376952,6,6,100.0,0.2683695397085643,0.19867089238187965,-0.3736041647770884,2026-06-25,6.5,12.5,17.58124000177462,90.08590508990356,38.42268950915422,293.3086311433552,109.88603670640616,15.069981845173226,15.069981845173226,93.5,100.0,82.41875999822538,85.68118353944236,Muy rapida,Alta,Variable,Rapido defensivo
ARCB,ARCBEST CORP /DE/,Stock,Nasdaq,4213,USD,121.77999877929688,12,12,100.0,0.14688816730343454,0.14847230329598038,-1.0291827401614755,2026-05-08,6.5,15.833333333333334,20.91903584312768,310.53212176711446,56.856932314417506,1172.3805346679687,451.2988773856251,8.248335548577478,8.248335548577478,93.5,100.0,79.08096415687231,85.05903279083428,Muy rapida,Alta,Variable,Rapido defensivo
CW,CURTISS WRIGHT CORP,Stock,NYSE,3590,USD,758.0,6,6,100.0,0.04531799436929395,0.044538861474667,-0.7689987288112151,2026-06-15,6.5,9.833333333333334,10.684880283216403,159.46045918171328,64.37128297005054,683.0544888179971,258.3283142683489,2.5447796838141987,2.5447796838141987,93.5,100.0,89.3151197167836,86.49258595188684,Muy rapida,Alta,Estable,Rapido defensivo
BRBI,BRBI BR Partners S.A. ADSs,Other Unmatched,,,USD,13.539999961853027,2,2,100.0,2.9600328453464106,2.9600328453464106,-3.5983741590617315,2026-05-19,7.0,7.0,5.656854249492381,630.516271730939,630.516271730939,1142.860141024352,724.563648553453,154.34456979306285,154.34456979306285,93.0,100.0,94.34314575050762,90.01150470792255,Muy rapida,Alta,Estable,Rapido y rentable
UAE,iShares MSCI UAE ETF,ETF/Fund,US Listed,,USD,19.6200008392334,3,3,100.0,2.5615080157089145,3.3332328186443125,-0.5315585549344825,2026-06-15,7.0,7.0,4.0,260.2811380730134,188.54661137538005,522.789240646693,235.0009611575031,133.5643465333934,133.5643465333934,93.0,100.0,96.0,89.86150801570892,Muy rapida,Alta,Muy estable,Rapido y rentable
MRP,"Millrose Properties, Inc.",Stock,NYSE,6500,USD,28.51000022888184,5,5,100.0,2.2520567988934004,2.389196745328729,-3.3442245583439414,2026-04-02,7.0,13.8,9.959919678390985,143.09194642061786,139.02353597142542,305.9001013522738,115.05431007960136,117.42867594229872,117.42867594229872,93.0,100.0,90.04008032160901,88.65806884713476,Muy rapida,Alta,Estable,Rapido y rentable
VOD,Vodafone Group Plc American Depositary Shares,Preferred,,,USD,15.100000381469728,3,3,100.0,2.1432410246875677,2.11975233094626,-2.5352058723590485,2026-06-05,7.0,7.333333333333333,3.5118845842842465,173.02185751314994,150.78189241164523,276.3139070456531,94.16290122694535,111.7547105729946,111.7547105729946,93.0,100.0,96.48811541571575,89.51645833704494,Muy rapida,Alta,Muy estable,Rapido y rentable
XOMAP,XOMA Royalty Corporation 8.625% Series A Cumulative Perpetual Preferred Stock,Preferred,,,USD,26.75,6,6,100.0,2.046495597255614,2.0486972482986645,-0.9291660280701781,2026-04-02,7.0,11.5,12.062338081814818,172.34048426833613,137.75886327823724,529.1343646758193,182.0665153618305,106.71012757118561,106.71012757118561,93.0,100.0,87.93766191818519,88.1371448849834,Muy rapida,Alta,Estable,Rapido y rentable
MSBI,"Midland States Bancorp, Inc.",Stock,Nasdaq,6022,USD,27.040000915527344,12,12,100.0,1.5983889529294328,1.6262406923800925,-1.7488728490091505,2026-05-15,7.0,13.0,16.981273107857266,263.9946099465574,137.6114509302461,1000.625009061392,349.8892186009385,83.34456683132042,83.34456683132042,93.0,100.0,83.01872689214274,86.95119798675084,Muy rapida,Alta,Variable,Rapido y rentable
GNK,GENCO SHIPPING & TRADING LTD,Stock,NYSE,4412,USD,24.6299991607666,6,6,100.0,1.455119796665772,1.2656599836764242,-1.9594912596488074,2026-05-18,7.0,10.0,8.414273587185052,221.47201836564065,123.8622179949136,805.5360277738673,295.89458510461753,75.87410368328668,75.87410368328668,93.0,100.0,91.58572641281495,88.09297875858802,Muy rapida,Alta,Estable,Rapido y rentable
LAMR,Lamar Advertising Company Class A Common Stock,Other Unmatched,,,USD,154.47999572753906,6,6,100.0,1.2632860938234243,1.268257526941798,-0.45979720981809286,2026-06-16,7.0,16.666666666666668,19.986662219256786,212.0683527490269,122.31779100215971,804.8800406147175,300.0914806257329,65.87134632079284,65.87134632079284,93.0,100.0,80.01333778074321,86.1652867609349,Muy rapida,Alta,Variable,Rapido y rentable
CFFN,"Capitol Federal Financial, Inc.",Stock,Nasdaq,6035,USD,7.679999828338623,14,14,100.0,1.2068337918737888,1.3665595316263024,-1.2646889301877404,2026-05-01,7.0,7.0,4.224470836229533,214.64260858578115,99.09494109124785,923.6471018911128,301.6722209335648,62.92776200484755,62.92776200484755,93.0,100.0,95.77552916377047,88.47316316643936,Muy rapida,Alta,Muy estable,Rapido y rentable
OVLY,Oak Valley Bancorp,Stock,Nasdaq,6022,USD,31.950000762939453,6,6,100.0,1.137755603494994,1.1596443381054402,-0.366022528887567,2026-02-02,7.0,9.333333333333334,6.947421584060281,131.77010927837435,66.51363992264984,279.8906795744716,115.00359883459646,59.325827896524686,59.325827896524686,93.0,100.0,93.05257841593972,87.99564236588596,Muy rapida,Alta,Estable,Rapido y rentable
XHR,"Xenia Hotels & Resorts, Inc.",Stock,NYSE,7011,USD,14.65999984741211,5,5,100.0,1.037963831864067,0.9866103181112168,-1.3018070422059176,2026-03-31,7.0,26.0,31.78049716414141,250.87507258232435,165.87619854564574,771.8283016712589,306.8616518802511,54.12239980434064,54.12239980434064,93.0,100.0,68.21950283585859,84.17088925724286,Muy rapida,Alta,Variable,Rapido y rentable
KMI,"KINDER MORGAN, INC.",Stock,NYSE,4922,USD,32.529998779296875,6,6,100.0,1.027782644292264,1.04704496188622,-1.0487646551410437,2026-05-04,7.0,6.166666666666667,3.8166302763912916,151.79494952535808,93.07820912643086,446.9643716675449,152.77304907404672,53.59152359523948,53.59152359523948,93.0,100.0,96.1833697236087,88.35528810283357,Muy rapida,Alta,Muy estable,Rapido y rentable
OGE,OGE ENERGY CORP.,Stock,NYSE,4911,USD,48.7599983215332,6,6,100.0,0.9518835935211118,0.9553810864830391,-1.5065323537882562,2026-04-06,7.0,7.666666666666667,3.723797345005051,92.46518935312069,91.06711058384504,173.5454666186839,47.29599698207041,49.63393023360084,49.63393023360084,93.0,100.0,96.27620265499495,88.29331399177036,Muy rapida,Alta,Muy estable,Rapido y rentable
ARTNA,ARTESIAN RESOURCES CORP,Stock,Nasdaq,4941,USD,32.11000061035156,12,12,100.0,0.9518066890159395,0.9536027437488221,-0.8343159776166175,2026-05-15,7.0,9.833333333333334,12.126854747237886,332.75169835552106,100.46540997255035,905.0881247887022,387.60393729247994,49.62992021297399,49.62992021297399,93.0,100.0,87.87314525276211,87.03277847693026,Muy rapida,Alta,Estable,Rapido y rentable
GGLL,Direxion Daily GOOGL Bull 2X ETF,ETF/Fund,US Listed,,USD,110.19000244140624,7,7,100.0,0.9000063660247118,0.6364595744376368,-0.9153791899335754,2026-06-23,7.0,11.857142857142858,12.75968353093147,468.89376795743937,82.83981143062563,1323.457154805943,558.4003135599581,46.92890337128854,46.92890337128854,93.0,100.0,87.24031646906853,86.886053836385,Muy rapida,Alta,Estable,Rapido y rentable
CNNE,"Cannae Holdings, Inc.",Stock,NYSE,5810,USD,14.149999618530272,6,6,100.0,0.898929746744877,0.8515540714466767,0.23150088876040384,2026-06-16,7.0,10.5,10.502380682492898,246.89949670701012,184.51185006355976,740.24919317068,263.06455615717704,46.87276536598288,46.87276536598288,93.0,100.0,89.4976193175071,87.22357264437095,Muy rapida,Alta,Estable,Rapido y rentable
CHI,Calamos Convertible Opportunities and Income Fund Common Stock,ETF/Fund,,,USD,12.65999984741211,17,17,100.0,0.8711135030496416,0.8739650505995735,-0.8172960607109095,2026-06-12,7.0,8.058823529411764,6.731182921999057,175.33833606613933,74.71071459164665,904.5638855643894,228.48719001698205,45.422346944731316,45.422346944731316,93.0,100.0,93.26881707800095,87.76143606474979,Muy rapida,Alta,Estable,Rapido y rentable
VGSR,Vert Global Sustainable Real Estate ETF,ETF/Fund,US Listed,,USD,11.472999572753906,6,6,100.0,0.8508579593876874,0.8654377972330509,-0.9129889877987726,2026-06-25,7.0,7.5,4.54972526643093,100.76352888584597,57.1767308584568,357.1642633044928,127.04054017009871,44.36616502521513,44.36616502521513,93.0,100.0,95.45027473356907,88.06839916942305,Muy rapida,Alta,Muy estable,Rapido y rentable
BKU,"BankUnited, Inc.",Stock,NYSE,6035,USD,47.630001068115234,6,6,100.0,0.792891099210672,0.7632461949950256,-2.494452837535661,2026-04-10,7.0,8.666666666666666,5.715476066494082,85.06325967067563,59.52646336842127,159.12170016530357,54.65973080041199,41.34360731598504,41.34360731598504,93.0,100.0,94.28452393350592,87.83556968923658,Muy rapida,Alta,Estable,Rapido y rentable
XEL,XCEL ENERGY INC,Stock,Nasdaq,4931,USD,79.22000122070312,14,14,100.0,0.7859022946200954,0.7770961306851341,-0.3071556836306014,2026-06-15,7.0,10.0,10.55389100685692,293.33616461245765,111.00006035202179,877.0215296253165,352.209909002352,40.979191076619266,40.979191076619266,93.0,100.0,89.44610899314308,87.10281864359156,Muy rapida,Alta,Estable,Rapido y rentable
SEEM,SEI Select Emerging Markets Equity ETF,ETF/Fund,US Listed,,USD,32.64500045776367,5,5,100.0,0.7611411245430623,0.5817248484976011,-1.1567622870286287,2026-04-06,7.0,11.8,10.963576058932597,72.02101787103089,71.25910077344687,138.83283036655763,44.68348649060148,39.68807292260254,39.68807292260254,93.0,100.0,89.0364239410674,87.01660471570318,Muy rapida,Alta,Estable,Rapido y rentable
BFC,Bank First Corp,Stock,Nasdaq,6021,USD,144.66000366210938,14,14,100.0,0.7531880636559832,0.3802018429950178,-0.8443521206714818,2026-06-24,7.0,13.428571428571429,17.19442792442807,221.81181703481278,88.83300789220279,587.8954326793763,221.84606481570927,39.273377604919126,39.273377604919126,93.0,100.0,82.80557207557193,86.07402387499178,Muy rapida,Alta,Variable,Rapido y rentable
ALV,AUTOLIV INC,Stock,NYSE,3714,USD,115.5500030517578,5,5,100.0,0.7212011862686358,0.719572377450496,-0.17301269029265703,2026-05-20,7.0,24.2,28.542950092798748,273.3092497322962,140.60856416127038,1004.4994186342096,413.81191711477237,37.605490426864584,37.605490426864584,93.0,100.0,71.45704990720125,84.33975867234882,Muy rapida,Alta,Variable,Rapido y rentable
FHN,FIRST HORIZON CORP,Stock,NYSE,6021,USD,24.989999771118164,6,6,100.0,0.717084875263966,0.7187327360929565,-0.7318776903596094,2026-06-12,7.0,5.833333333333333,4.020779360604939,368.9444828912039,105.61996688917219,1423.6218733842811,540.4433322249307,37.390854210192515,37.390854210192515,93.0,100.0,95.97922063939507,88.01396797117323,Muy rapida,Alta,Muy estable,Rapido y rentable
SEIE,SEI Select International Equity ETF,ETF/Fund,US Listed,,USD,32.94499969482422,5,5,100.0,0.6376765687134263,0.56854925816312,-0.9200848952073727,2026-04-06,7.0,10.4,9.016651263079881,85.44892671047629,52.4420028002972,257.85832926539933,98.28034577346787,33.25027822577151,33.25027822577151,93.0,100.0,90.98334873692012,87.18517887925145,Muy rapida,Alta,Estable,Rapido y rentable
LVHD,Franklin U.S. Low Volatility High Dividend Index ETF,ETF/Fund,US Listed,,USD,42.9900016784668,7,7,100.0,0.6105607378080619,0.750895527788946,-0.5747677469803253,2026-05-07,7.0,7.714285714285714,5.822779568622008,82.47613119021264,81.53516653572225,191.82625081023087,57.60641696971432,31.836381328563224,31.836381328563224,93.0,100.0,94.17722043137799,87.63714380251476,Muy rapida,Alta,Estable,Rapido y rentable
BAC,BANK OF AMERICA CORP /DE/,Stock,NYSE,6021,USD,54.16999816894531,6,6,100.0,0.5603525178364144,0.5576385821933731,-0.6431290440800795,2026-06-05,7.0,10.666666666666666,11.039323650779817,153.8918908603146,53.85055214565185,699.0762691023883,267.96250718619564,29.218381287184467,29.218381287184467,93.0,100.0,88.96067634922018,86.80445397021946,Muy rapida,Alta,Estable,Rapido y rentable
OC,Owens Corning,Stock,NYSE,3290,USD,109.75,6,6,100.0,0.5543608674671038,0.5180973275815388,-1.2850004373416068,2026-03-09,7.0,10.833333333333334,11.373946837693003,127.83140691242522,90.25394293883564,289.3102109568004,107.7521709392969,28.90595951792756,28.90595951792756,93.0,100.0,88.626053162307,86.74826884181317,Muy rapida,Alta,Estable,Rapido y rentable
UFCS,UNITED FIRE GROUP INC,Stock,Nasdaq,6331,USD,43.790000915527344,11,11,100.0,0.5112115000039892,0.519143418508436,-0.3005460826179865,2026-06-05,7.0,4.545454545454546,3.236159339823562,435.2309332438847,191.17940559964464,1366.9775890242652,487.0001533227601,26.656028214493723,26.656028214493723,93.0,100.0,96.76384066017644,87.92578759903047,Muy rapida,Alta,Muy estable,Rapido y rentable
CSGS,CSG SYSTEMS INTERNATIONAL INC,Stock,Nasdaq,7374,USD,79.91999816894531,5,5,100.0,0.469101642393693,0.4775406503486511,-0.7434622423871754,2026-03-18,7.0,14.4,12.934450123604018,39.62091039770577,47.32858812181589,65.02474116444264,25.006490698439205,24.460299924813988,24.460299924813988,93.0,100.0,87.06554987639598,86.4289341238531,Muy rapida,Alta,Estable,Rapido defensivo
IBP,"Installed Building Products, Inc.",Stock,NYSE,1520,USD,207.08999633789065,6,6,100.0,0.45188790131670964,0.2025455781106697,-0.11507828782082785,2026-06-15,7.0,13.666666666666666,16.439789130845526,548.7500182257968,145.6228167659787,1981.2048539225032,797.0427597603857,23.562726282942716,23.562726282942716,93.0,100.0,83.56021086915447,85.88591953168988,Muy rapida,Alta,Variable,Rapido defensivo
GRMN,GARMIN LTD,Stock,NYSE,3812,USD,238.1000061035156,6,6,100.0,0.4046969002893995,0.4043789877714841,0.018140893137114696,2026-06-15,7.0,10.666666666666666,10.633281086601006,218.34337477791692,55.92312340335005,920.4755215114168,350.6185917954429,21.102052657947254,21.102052657947254,93.0,100.0,89.366718913399,86.70970473729925,Muy rapida,Alta,Estable,Rapido defensivo
OPY,OPPENHEIMER HOLDINGS INC,Stock,NYSE,6211,USD,95.5,7,7,100.0,0.4034534137990609,0.2632348745685314,-0.7768373179332182,2026-05-15,7.0,10.285714285714286,8.712333895390023,227.84878270005603,89.13722769947067,1057.7235626810511,373.9929590319568,21.03721371952246,21.03721371952246,93.0,100.0,91.28766610460998,86.99660332949055,Muy rapida,Alta,Estable,Rapido defensivo
THYM,T. Rowe Price High Income Municipal ETF,ETF/Fund,US Listed,,USD,51.22700119018555,7,7,100.0,0.36855323401550383,0.3673956318151217,-0.3699268549699867,2026-06-25,7.0,12.0,12.999999999999998,25.213534303882064,22.584936440934644,49.30798146163275,13.578220716568598,19.217418630808414,19.217418630808414,93.0,100.0,87.0,86.31855323401551,Muy rapida,Alta,Estable,Rapido defensivo
TUG,STF Tactical Growth ETF,ETF/Fund,US Listed,,USD,45.77999877929688,5,5,100.0,0.3423713363944121,0.0351384615384615,-0.6159637425120711,2026-06-25,7.0,18.4,21.72095762161512,38.89852675412428,20.248611116458207,119.3163147723614,44.98030166415,17.852219683422916,17.852219683422916,93.0,100.0,78.27904237838487,84.98422769315215,Muy rapida,Alta,Variable,Rapido defensivo
SNX,TD SYNNEX CORP,Stock,NYSE,5045,USD,204.7100067138672,6,6,100.0,0.31430768526499236,0.30815808990812965,-0.30678172001471765,2026-04-15,7.0,6.833333333333333,5.231315959361149,90.64590972263068,52.70068474013153,217.52548529261043,94.78900052384233,16.388900731674603,16.388900731674603,93.0,100.0,94.76868404063885,87.42961029136083,Muy rapida,Alta,Estable,Rapido defensivo
SDVY,First Trust SMID Cap Rising Dividend Achievers ETF,ETF/Fund,US Listed,,USD,42.70000076293945,6,6,100.0,0.30548354438190456,0.2900556558106812,-0.387954010420571,2026-06-25,7.0,14.833333333333334,18.519359240175312,174.23159835900606,71.98261333819995,521.5194864129878,214.26321997898617,15.92878481419931,15.92878481419931,93.0,100.0,81.4806407598247,85.42757965835561,Muy rapida,Alta,Variable,Rapido defensivo
RDVY,First Trust Rising Dividend Achievers ETF,ETF/Fund,US Listed,,USD,78.94000244140625,6,6,100.0,0.27597114890003266,0.2691367468145385,-0.47385018909010307,2026-06-25,7.0,12.666666666666666,17.693690024035874,155.32873318124928,62.197098116311174,442.6781075236227,188.21830745721695,14.38992419264456,14.38992419264456,93.0,100.0,82.30630997596413,85.52191764529465,Muy rapida,Alta,Variable,Rapido defensivo
QTUM,Defiance Quantum ETF,ETF/Fund,US Listed,,USD,163.33999633789062,6,6,100.0,0.24720109508783364,0.21331981421765878,-0.8955162122408131,2026-06-24,7.0,11.666666666666666,16.585133905599516,124.04165138315811,67.61933655238515,387.0660250517692,144.2475996934805,12.889771386722755,12.889771386722755,93.0,100.0,83.41486609440048,85.65943100924791,Muy rapida,Alta,Variable,Rapido defensivo
FYX,First Trust Small Cap Core AlphaDEX Fund,ETF/Fund,US Listed,,USD,140.19000244140625,5,5,100.0,0.22551405090732185,0.2466104717560047,-0.3038708006235926,2026-06-25,7.0,9.4,10.358571330062848,204.34285533894558,27.666741060882387,678.432364126512,289.7380353808511,11.758946940167496,11.758946940167496,93.0,100.0,89.64142866993716,86.5717283513979,Muy rapida,Alta,Estable,Rapido defensivo
BGC,"BGC Group, Inc.",Stock,Nasdaq,6200,USD,10.779999732971191,12,12,100.0,0.20880602756288602,0.20629853870368842,-0.2953135142334498,2026-05-27,7.0,8.333333333333334,7.352591792055782,188.70470341478594,127.55246531665745,559.5545441009167,195.93498427150897,10.887742865779057,10.887742865779057,93.0,100.0,92.64740820794422,87.00591725875452,Muy rapida,Alta,Estable,Rapido defensivo
NPB,NORTHPOINTE BANCSHARES INC,Stock,NYSE,6022,USD,19.0,5,5,100.0,0.15640777463388306,0.142126206839867,-0.295855400540731,2026-04-15,7.0,14.8,19.75348070594142,409.989587579629,137.67578058075486,1536.091553582195,646.6841612847262,8.15554824876676,8.15554824876676,93.0,100.0,80.24651929405857,85.09338566874267,Muy rapida,Alta,Variable,Rapido defensivo
FV,First Trust Dorsey Wright Focus 5 ETF,ETF/Fund,US Listed,,USD,72.4800033569336,6,6,100.0,0.13964737714070458,0.13609118293098318,-0.47746468519681146,2026-06-25,7.0,12.833333333333334,17.702165592567106,221.1478531037293,38.48468034647147,793.1965909828939,327.5369095122743,7.281613236622453,7.281613236622453,93.0,100.0,82.2978344074329,85.38432253825565,Muy rapida,Alta,Variable,Rapido defensivo
AVUQ,Avantis U.S. Quality ETF,ETF/Fund,US Listed,,USD,65.03199768066406,5,5,100.0,0.1020758980022914,0.0963232709337683,-0.14968158290674155,2026-06-09,7.0,11.2,12.657013865837392,134.7818372165867,75.58472070054053,461.3444377404658,188.3186530311817,5.322528967262338,5.322528967262338,93.0,100.0,87.3429861341626,86.10352381812669,Muy rapida,Alta,Estable,Rapido defensivo
NBN,Northeast Bank Common Stock,Other Unmatched,,,USD,123.33999633789062,6,6,100.0,0.009759219120548968,0.009495205636506101,-0.7088729032247576,2026-05-12,7.0,24.833333333333332,33.713004414716096,55.283460901907254,33.17549307240451,125.67927845314652,55.12069353781627,0.5088735684286247,0.5088735684286247,93.0,100.0,66.2869955852839,82.85280855691315,Muy rapida,Alta,Variable,Rapido defensivo
GRNT,"Granite Ridge Resources, Inc.",Stock,NYSE,1311,USD,4.940000057220459,6,6,100.0,2.029690016150651,2.0273936553305316,-1.6789725808107805,2026-05-29,7.5,11.666666666666666,9.72967967955095,176.59350529190309,155.95467041556904,406.3767601347924,146.6185407036176,98.77824745266501,98.77824745266501,92.5,100.0,90.27032032044904,88.320238064218,Rapida,Alta,Estable,Rapido y rentable
MSBIP,"Midland States Bancorp, Inc. Depositary Shares Each Representing a 1/40th Interest in a Share of 7.750% Fixed-Rate Reset Non-Cumulative Perpetual Preferred Stock, Series A",Preferred,,,USD,25.36000061035156,6,6,100.0,1.9729539565723133,1.9802973595840787,-0.8791497691533374,2026-06-15,7.5,21.333333333333332,25.335087658555015,159.3719730653445,158.01622788927816,317.2459783713023,139.35862198589467,96.01709255318592,96.01709255318592,92.5,100.0,74.66491234144499,85.92269080778907,Rapida,Alta,Variable,Rapido y rentable
GTY,GETTY REALTY CORP /MD/,Stock,NYSE,6500,USD,33.86000061035156,6,6,100.0,1.5982933239505261,1.5945510732763828,-1.0857315541650523,2026-06-25,7.5,11.5,11.811011811017716,178.4027574847054,102.67280924206727,565.9342312855642,198.63319710548933,77.78360843225894,77.78360843225894,92.5,100.0,88.18898818898228,87.57664155229787,Rapida,Alta,Estable,Rapido y rentable
PFIS,PEOPLES FINANCIAL SERVICES CORP.,Stock,Nasdaq,6021,USD,60.02999877929688,12,12,100.0,1.1804753526341287,1.2022984484721508,-1.8243381303469401,2026-05-29,7.5,12.666666666666666,13.653726320101867,163.11626986435715,64.62893894849051,591.082459785165,206.6879605895645,57.44980049486093,57.44980049486093,92.5,100.0,86.34627367989813,86.88241640461885,Rapida,Alta,Estable,Rapido y rentable
LKQ,LKQ CORP,Stock,Nasdaq,5010,USD,25.86000061035156,12,12,100.0,0.9180249572986744,0.957689564178051,-0.9946221241675278,2026-05-21,7.5,12.166666666666666,13.217298123934773,397.7609169688365,73.73904297262112,1863.106958739315,694.7326046425775,44.67721458853548,44.67721458853548,92.5,100.0,86.78270187606523,86.68543023870845,Rapida,Alta,Estable,Rapido y rentable
GEF,"GREIF, INC",Stock,NYSE,3412,USD,70.72000122070312,6,6,100.0,0.8711347433217558,0.8563697979605727,-0.7577839352838346,2026-06-17,7.5,17.333333333333332,22.259080544053628,171.83550635599963,127.22173177633273,506.5072163265111,178.2086608279609,42.395224174992116,42.395224174992116,92.5,100.0,77.74091945594637,85.28227266171372,Rapida,Alta,Variable,Rapido y rentable
PM,Philip Morris International Inc.,Stock,NYSE,2111,USD,178.77999877929688,6,6,100.0,0.860669673520003,0.879885845831389,-1.0790269388131672,2026-06-25,7.5,12.0,13.475904422338413,152.72838332238754,81.78377880681423,347.5026043659427,147.6064184575565,41.885924111306814,41.885924111306814,92.5,100.0,86.52409557766158,86.58928401016924,Rapida,Alta,Estable,Rapido y rentable
KALU,KAISER ALUMINUM CORP,Stock,Nasdaq,3350,USD,164.83999633789062,12,12,100.0,0.8399540257323225,0.8503492128859333,-0.32351289027302177,2026-04-24,7.5,21.166666666666668,33.283447519568625,817.1184959993343,219.2201529705515,3053.4771119084653,1151.9579687656742,40.877762585639694,40.877762585639694,92.5,100.0,66.71655248043137,83.59743689779704,Rapida,Alta,Variable,Rapido y rentable
NBHC,National Bank Holdings Corp,Stock,NYSE,6021,USD,41.93999862670898,6,6,100.0,0.7730369081080841,0.7724190185367861,-0.9642462656710552,2026-05-29,7.5,11.166666666666666,15.458546719102241,154.96676320780753,102.98280942087271,349.61740576276907,134.25655765210328,37.62112952792676,37.62112952792676,92.5,100.0,84.54145328089776,86.20425490024274,Rapida,Alta,Variable,Rapido y rentable
MCHP,MICROCHIP TECHNOLOGY INC,Stock,Nasdaq,3674,USD,91.11000061035156,12,12,100.0,0.6966659406009562,0.7166988353650681,0.6601705726187396,2026-05-22,7.5,25.666666666666668,32.750665040668416,553.4645841575611,127.13973154980707,1929.917342837643,758.4305957006018,33.90440910924654,33.90440910924654,92.5,100.0,67.24933495933158,83.53406618450069,Rapida,Alta,Variable,Rapido y rentable
FCEF,First Trust Income Opportunities ETF,ETF/Fund,US Listed,,USD,23.459999084472656,18,18,100.0,0.6007980404684452,0.5939673816864721,-0.39726297733007815,2026-06-11,7.5,10.555555555555555,11.53114566127052,112.10767097816624,57.46420504400695,388.2997484875626,118.89302342186541,29.23883796946433,29.23883796946433,92.5,100.0,88.46885433872949,86.62112619127787,Rapida,Alta,Estable,Rapido y rentable
BLK,"BlackRock, Inc.",Stock,NYSE,6211,USD,1022.5599975585938,6,6,100.0,0.5229980484311296,0.5348613274453401,-2.1979357857053587,2026-06-05,7.5,13.5,14.024977718342372,70.71416205672057,70.57798431636303,144.04722317298194,47.1591228627494,25.452571690314976,25.452571690314976,92.5,100.0,85.97502228165763,86.16925139067978,Rapida,Alta,Estable,Rapido y rentable
NX,Quanex Building Products CORP,Stock,NYSE,3350,USD,17.020000457763672,6,6,100.0,0.461593931342295,0.46663313210148005,-0.18698654638186027,2026-06-15,7.5,10.5,10.96813566655701,357.5969587267859,135.83127793198835,1014.4751367669436,394.3640220001176,22.46423799199169,22.46423799199169,92.5,100.0,89.031864333443,86.56637358135875,Rapida,Alta,Estable,Rapido defensivo
FYT,First Trust Small Cap Value AlphaDEX Fund,ETF/Fund,US Listed,,USD,68.91999816894531,4,4,100.0,0.41804987822524886,0.3986815818061936,-0.776764501808835,2026-06-25,7.5,11.25,11.470977871713176,109.78734915326129,21.07255794672018,380.78191465926426,180.68991773605222,20.34509407362878,20.34509407362878,92.5,100.0,88.52902212828683,86.44740319746828,Rapida,Alta,Estable,Rapido defensivo
FTDS,First Trust Dividend Strength ETF,ETF/Fund,US Listed,,USD,60.617000579833984,6,6,100.0,0.41607585469515157,0.4226208950652693,-0.15626261422169077,2026-06-25,7.5,9.0,8.921883209278185,154.45800503125483,23.112181093828262,490.41217742904416,212.99166197811692,20.249024928497377,20.249024928497377,92.5,100.0,91.07811679072182,86.82779337330342,Rapida,Alta,Estable,Rapido defensivo
TNC,TENNANT CO,Stock,NYSE,3580,USD,87.48999786376953,6,6,100.0,0.39501807048809573,0.3756339986703345,-0.6708319953301465,2026-05-29,7.5,8.333333333333334,5.00666222813829,158.1629633034786,30.725229281027318,783.3994637261451,307.33266984776753,19.224212763753993,19.224212763753993,92.5,100.0,94.9933377718617,87.39401873626734,Rapida,Alta,Estable,Rapido defensivo
KINS,"KINGSTONE COMPANIES, INC.",Stock,Nasdaq,6331,USD,15.510000228881836,8,8,100.0,0.32474166651778447,0.32707883403880217,-0.6688810234328857,2026-05-11,7.5,8.0,5.398412465054624,258.6807319846425,176.71815733387052,662.022059599056,282.42691936920744,15.804094437198843,15.804094437198843,92.5,100.0,94.60158753494538,87.26497979675959,Rapida,Alta,Estable,Rapido defensivo
SMRI,Bushido Capital US Equity ETF,ETF/Fund,US Listed,,USD,41.37099838256836,6,6,100.0,0.2773282789874177,0.27808504044030347,-0.5671694535649263,2026-06-29,7.5,13.5,16.67033293008871,79.25283609771095,20.79957232793825,224.9201175962067,98.61951277107808,13.496642910720993,13.496642910720993,92.5,100.0,83.3296670699113,85.5267783394741,Rapida,Alta,Variable,Rapido defensivo
SCDS,JPMorgan Fundamental Data Science Small Core ETF,ETF/Fund,US Listed,,USD,76.73699951171875,6,6,100.0,0.24596079453822275,0.2406249772105842,-0.3955768452954527,2026-06-23,7.5,20.5,28.612934138252932,135.00272694482263,28.35220792511782,471.78100185637976,195.32489127025787,11.970092000860172,11.970092000860172,92.5,100.0,71.38706586174706,83.70402067380029,Rapida,Alta,Variable,Rapido defensivo
UFOX,Defiance Space and Connective Tech ETF,ETF/Fund,US Listed,,USD,91.11000061035156,6,6,100.0,0.1501645216211885,0.1470744359579203,-0.5519906279420778,2026-06-24,7.5,12.5,17.807301873108123,230.08122018004585,51.466047164252714,1132.917696069284,443.5495774405628,7.308006718897841,7.308006718897841,92.5,100.0,82.19269812689188,85.22906924065498,Rapida,Alta,Variable,Rapido defensivo
QQQE,Direxion NASDAQ-100 Equal Weighted Index ETF,ETF/Fund,US Listed,,USD,121.5500030517578,6,6,100.0,0.1425008938424669,0.1523021602122802,-0.4081326646828134,2026-06-23,7.5,7.666666666666667,6.0553007081949835,135.30719549113937,32.86538449470203,634.6243923973243,245.88349230080829,6.935043500333389,6.935043500333389,92.5,100.0,93.94469929180502,86.98420578761322,Rapida,Alta,Estable,Rapido defensivo
SPCT,Liberty One Spectrum ETF,ETF/Fund,US Listed,,USD,27.225000381469727,8,8,100.0,0.09569873715770215,0.03583743550294185,-0.16925589818564804,2026-06-18,7.5,7.5,6.369570517030843,86.49441832452855,12.644019365579366,440.4408478786528,152.82621082771013,4.657338541674838,4.657338541674838,92.5,100.0,93.63042948296916,86.89026315960308,Rapida,Alta,Estable,Rapido defensivo
LPLA,LPL Financial Holdings Inc.,Stock,Nasdaq,6200,USD,283.8299865722656,12,12,100.0,0.08989845226602788,0.09009353332074915,-0.32466470529682107,2026-05-21,7.5,12.666666666666666,12.773077747806719,164.48851246868506,59.33504749520813,551.6885630631594,206.1998054561651,4.375058010280024,4.375058010280024,92.5,100.0,87.22692225219328,85.92393679009501,Rapida,Alta,Estable,Rapido defensivo
FTXL,First Trust Nasdaq Semiconductor ETF,ETF/Fund,US Listed,,USD,271.5299987792969,6,6,100.0,0.06087722147613369,0.0559777448151857,-1.158055770763666,2026-06-25,7.5,14.333333333333334,18.0849845636281,324.9569879241111,54.98660685214787,1506.2972487424831,587.9146389674605,2.96269144517184,2.96269144517184,92.5,100.0,81.9150154363719,85.09812953693192,Rapida,Alta,Variable,Rapido defensivo
BGS,"B&G Foods, Inc.",Stock,NYSE,2000,USD,5.099999904632568,5,5,100.0,3.8671340395596716,4.203539840746938,-2.47169703343326,2026-03-31,8.0,13.6,13.685759021698432,335.20218969798236,187.8676335085632,789.0895613323573,302.75441668016407,176.43799055491002,176.43799055491002,92.0,100.0,86.31424097830157,89.4142701863049,Rapida,Alta,Estable,Rapido y rentable
ESEA,Euroseas Ltd. Common Stock (Marshall Islands),Other Unmatched,,,USD,66.91000366210938,6,6,100.0,1.3842202383366067,1.1692029929528007,-2.249919335017778,2026-06-09,8.0,18.333333333333332,29.884221031619123,354.8170415794065,295.5901201203458,750.8033649316371,349.8219802543968,63.15504837410768,63.15504837410768,92.0,100.0,70.11577896838088,84.50158708359373,Rapida,Alta,Variable,Rapido y rentable
D,"DOMINION ENERGY, INC",Stock,NYSE,4911,USD,67.37999725341797,6,6,100.0,1.1127579353499202,1.126278900526777,-0.6271140698037961,2026-05-29,8.0,8.5,7.259476565152615,207.37739869088978,66.830164477497,527.7733922413237,247.04002853564273,50.76958080034011,50.76958080034011,92.0,100.0,92.74052343484739,87.62383645057702,Rapida,Alta,Estable,Rapido y rentable
IOSP,INNOSPEC INC.,Stock,Nasdaq,2800,USD,79.05000305175781,6,6,100.0,1.1036184264355888,1.1638203219266572,-1.713140279793321,2026-05-19,8.0,21.0,23.306651411131543,125.08131726884744,167.37809424777456,200.23679139347723,92.15724371528476,50.352590706123735,50.352590706123735,92.0,100.0,76.69334858886846,85.20762071476585,Rapida,Alta,Variable,Rapido y rentable
KFRC,KFORCE INC,Stock,NYSE,7363,USD,49.900001525878906,6,6,100.0,1.0854458857084286,1.094309389846029,-1.210990921706578,2026-06-12,8.0,15.333333333333334,20.65591117977289,313.05031012653154,199.58725038994123,803.3917174397853,346.5953744353582,49.52346853544705,49.52346853544705,92.0,100.0,79.34408882022711,85.58705920874249,Rapida,Alta,Variable,Rapido y rentable
HTO,H2O AMERICA,Stock,Nasdaq,4941,USD,57.970001220703125,12,12,100.0,0.8222704792590153,0.8311335907384805,-1.3736262464164328,2026-05-11,8.0,10.833333333333334,7.918141808339233,110.42766249773217,66.9515754455289,308.8349691543968,105.87653005645357,37.51609061619257,37.51609061619257,92.0,100.0,92.08185819166077,87.23454920800813,Rapida,Alta,Estable,Rapido y rentable
STRA,"Strategic Education, Inc.",Stock,Nasdaq,8200,USD,78.80999755859375,12,12,100.0,0.731011728841426,0.7252585448725317,-0.4909889063651749,2026-05-22,8.0,9.833333333333334,6.617241025372945,94.5157427413215,66.16546094088893,215.07393595124572,64.21240970514351,33.35241012839006,33.35241012839006,92.0,100.0,93.38275897462705,87.33842557503547,Rapida,Alta,Estable,Rapido y rentable
LMT,LOCKHEED MARTIN CORP,Stock,NYSE,3760,USD,530.4500122070312,6,6,100.0,0.6782099487743568,0.704189918632797,-0.8257382375730096,2026-06-01,8.0,8.166666666666666,4.875106836436168,140.33025386561104,101.10226648145701,408.03286371347457,135.41687972883824,30.94332891283003,30.94332891283003,92.0,100.0,95.12489316356383,87.54694392330892,Rapida,Alta,Muy estable,Rapido y rentable
CCBG,CAPITAL CITY BANK GROUP INC,Stock,Nasdaq,6022,USD,45.63999938964844,12,12,100.0,0.6234200787731216,0.6258301518320712,-1.328372963718977,2026-06-01,8.0,8.833333333333334,5.638074031784151,81.48576492292423,72.20767386001882,145.53444244831374,41.18299148927816,28.443541094023672,28.443541094023672,92.0,100.0,94.36192596821584,87.3777089740055,Rapida,Alta,Estable,Rapido y rentable
RNST,RENASANT CORP,Stock,NYSE,6022,USD,42.130001068115234,6,6,100.0,0.6123013829878463,0.6235127316846323,-0.7068847688004308,2026-06-16,8.0,11.166666666666666,12.02358792817962,111.24483594463148,88.94814134718919,225.48439135665905,78.48296932948364,27.93625059882049,27.93625059882049,92.0,100.0,87.97641207182038,86.4087631937609,Rapida,Alta,Estable,Rapido y rentable
RCKY,"ROCKY BRANDS, INC.",Stock,Nasdaq,3140,USD,38.65999984741211,12,12,100.0,0.5409588434462421,0.5098689079863443,-1.2436255974817942,2026-06-01,8.0,17.166666666666668,21.52729064290819,88.6307250584451,71.91091339069382,232.8848850464755,72.52294797932468,24.681247232234796,24.681247232234796,92.0,100.0,78.47270935709182,84.91186524701001,Rapida,Alta,Variable,Rapido defensivo
AMTB,Amerant Bancorp Inc.,Stock,NYSE,6021,USD,22.649999618530277,6,6,100.0,0.43594725344369584,0.42024349029032293,-0.8683454352329694,2026-05-15,8.0,13.0,17.686152775547317,146.01692700699707,124.987881070247,354.07202296734226,120.8191588457242,19.890093438368623,19.890093438368623,92.0,100.0,82.31384722445269,85.38302433711159,Rapida,Alta,Variable,Rapido defensivo
FNK,First Trust Mid Cap Value AlphaDEX Fund,ETF/Fund,US Listed,,USD,61.06999969482422,6,6,100.0,0.3812164960457361,0.36531150923829236,-0.33656784953122876,2026-06-25,8.0,9.333333333333334,9.266426855410163,136.53100844822404,31.56569435214214,529.573624211847,203.6344656388131,17.39300263208671,17.39300263208671,92.0,100.0,90.73357314458984,86.59125246773421,Rapida,Alta,Estable,Rapido defensivo
FCFS,"FirstCash Holdings, Inc.",Stock,Nasdaq,5900,USD,227.52999877929688,12,12,100.0,0.26626326747723167,0.2802324734329356,-0.4886092740085899,2026-05-15,8.0,13.0,13.12873323529869,151.5007945482253,76.01856702823609,561.3594905032387,202.65547033181434,12.148261578648693,12.148261578648693,92.0,100.0,86.87126676470132,85.89695328218242,Rapida,Alta,Estable,Rapido defensivo
HWKN,HAWKINS INC,Stock,Nasdaq,5160,USD,160.0800018310547,12,12,100.0,0.13414828897891806,0.13373084077099306,-0.7436891285946653,2026-05-29,8.0,15.666666666666666,20.44653041620035,181.54870725716867,65.02615059619947,671.0041564456242,246.49241616847334,6.120515684663137,6.120515684663137,92.0,100.0,79.55346958379965,84.66716872654887,Rapida,Alta,Variable,Rapido defensivo
HEQQ,JPMorgan Nasdaq Hedged Equity Laddered Overlay ETF,ETF/Fund,US Listed,,USD,61.18999862670898,5,5,100.0,0.05077182444448118,0.0512502054319569,-0.21278246229722325,2026-06-23,8.0,6.8,6.220932405998316,55.09970648491624,31.92208970504184,193.56804352934304,79.19351290926465,2.316464490279454,2.316464490279454,92.0,100.0,93.77906759400169,86.71763196354473,Rapida,Alta,Estable,Rapido defensivo
QQQG,Pacer Nasdaq 100 Top 50 Cash Cows Growth Leaders ETF,ETF/Fund,US Listed,,USD,32.029998779296875,5,5,100.0,0.01467760700905964,0.0148776153031892,-0.9253801207919533,2026-06-04,8.0,17.2,26.583829671437485,95.45734634613548,63.128131973333566,251.46871914364107,94.46037309951762,0.6696658197883462,0.6696658197883462,92.0,100.0,73.41617032856252,83.62710315629343,Rapida,Alta,Variable,Rapido defensivo
DHCNI,Diversified Healthcare Trust 5.625% Senior Notes due 2042,ETF/Fund,,,USD,17.239999771118164,4,4,100.0,2.2476007195863787,2.2033249233668064,-1.1217563278477132,2026-01-15,8.5,16.75,21.884164746836163,360.5050969681464,180.74515920114453,1061.891970382991,474.4877201489009,96.51461913517979,96.51461913517979,91.5,100.0,78.11583525316384,86.41497600756095,Rapida,Alta,Variable,Rapido y rentable
LOGI,LOGITECH INTERNATIONAL S.A.,Stock,Nasdaq,3577,USD,113.08000183105467,2,2,100.0,1.4098279999300778,1.4098279999300778,-0.16081237625786216,2025-09-23,8.5,8.5,7.7781745930520225,191.09131682502053,191.09131682502053,319.6021393441643,181.7417481182949,60.539672938173936,60.539672938173936,91.5,100.0,92.22182540694797,87.69310181097227,Rapida,Alta,Estable,Rapido y rentable
CZNC,CITIZENS & NORTHERN CORP,Stock,Nasdaq,6022,USD,22.479999542236328,12,12,100.0,1.3686228305917156,1.3794930305041346,-1.2457469215636863,2026-05-04,8.5,15.0,18.547236990991408,158.76163300299305,141.72448051843222,356.8214186198623,130.89511509282949,58.77027449011485,58.77027449011485,91.5,100.0,81.45276300900859,86.03653728194301,Rapida,Alta,Variable,Rapido y rentable
BTSGU,"BrightSpring Health Services, Inc. Tangible Equity Unit",Other Unmatched,,,USD,62.68000030517578,2,2,100.0,1.313936312824333,1.313936312824333,-1.0274990163787756,2025-04-15,8.5,8.5,9.192388155425117,237.0985539632483,237.0985539632483,439.1140405317672,285.6930409145993,56.42197108010371,56.42197108010371,91.5,100.0,90.80761184457488,87.38507808951057,Rapida,Alta,Estable,Rapido y rentable
METC,"Ramaco Resources, Inc.",Stock,Nasdaq,1220,USD,9.109999656677246,2,2,100.0,1.1142512158022693,1.1142512158022693,-2.471086259779454,2025-05-30,8.5,8.5,4.949747468305833,555.5819503556585,555.5819503556585,791.6387028238889,333.83466083032005,47.84725809033274,47.84725809033274,91.5,100.0,95.05025253169417,87.8217890955564,Rapida,Alta,Muy estable,Rapido y rentable
HP,"Helmerich & Payne, Inc.",Stock,NYSE,1381,USD,39.5,6,6,100.0,0.9848915356483087,0.9107777303866204,-1.2002261577386504,2026-05-18,8.5,9.833333333333334,9.217736526212207,283.90745978102046,138.41818081077997,702.2781050154932,308.18704796064594,42.29240123666267,42.29240123666267,91.5,100.0,90.7822634737878,87.05223105671648,Rapida,Alta,Estable,Rapido y rentable
COFS,CHOICEONE FINANCIAL SERVICES INC,Stock,Nasdaq,6022,USD,32.56999969482422,12,12,100.0,0.9500070895850472,0.9363092212820965,-1.49490167674909,2026-06-15,8.5,8.666666666666666,6.110100926607787,120.65024100273685,58.04244987575635,447.9308785426895,154.48406471845786,40.79442208218144,40.79442208218144,91.5,100.0,93.88989907339221,87.48349195059387,Rapida,Alta,Estable,Rapido y rentable
PSX,Phillips 66,Stock,NYSE,2911,USD,176.1999969482422,6,6,100.0,0.8672756524323736,0.8680830461398056,-1.201285467977284,2026-05-18,8.5,15.833333333333334,17.56606577087387,146.4090720766369,108.49428398479859,336.2754934865956,135.89064298852205,37.2418368397431,37.2418368397431,91.5,100.0,82.43393422912612,85.68236578680128,Rapida,Alta,Variable,Rapido y rentable
MRK,"Merck & Co., Inc.",Stock,NYSE,2834,USD,119.0500030517578,6,6,100.0,0.8537726224119307,0.8519830052844902,-1.0880553090140344,2026-06-15,8.5,10.0,6.782329983125268,67.36595946406295,61.23393323770782,132.51222966050767,39.82107441410989,36.66200084474762,36.66200084474762,91.5,100.0,93.21767001687473,87.28642312494314,Rapida,Alta,Estable,Rapido y rentable
DTE,DTE ENERGY CO,Stock,NYSE,4911,USD,147.55999755859375,6,6,100.0,0.8124072353775076,0.8012030799147205,-0.5036276106972211,2026-06-22,8.5,14.5,13.292855223765885,71.23897993762179,56.55917979851959,138.2728109386782,50.50183767909938,34.88572246032827,34.88572246032827,91.5,100.0,86.70714477623412,86.26847895181263,Rapida,Alta,Estable,Rapido y rentable
MDU,MDU RESOURCES GROUP INC,Stock,NYSE,1400,USD,21.13999938964844,6,6,100.0,0.7407923257236041,0.7416767961159993,-0.7188513722276157,2026-06-11,8.5,12.0,12.409673645990857,130.2794358170506,84.39697496500044,349.90861297589004,135.21366801389672,31.810493986954768,31.810493986954768,91.5,100.0,87.59032635400914,86.32934127882497,Rapida,Alta,Estable,Rapido y rentable
CCNE,CNB FINANCIAL CORP/PA,Stock,Nasdaq,6022,USD,30.670000076293945,12,12,100.0,0.6941910705186438,0.6832717439785903,-1.7545607152251497,2026-06-01,8.5,13.666666666666666,13.6670362108205,92.9617408429562,56.869289741395804,322.36184126602,109.99470022023122,29.809381263447648,29.809381263447648,91.5,100.0,86.3329637891795,86.09413563889557,Rapida,Alta,Estable,Rapido y rentable
IDA,IDACORP INC,Stock,NYSE,4911,USD,146.61000061035156,6,6,100.0,0.6874646726981174,0.6798284780739413,-0.4362879562225568,2026-05-05,8.5,15.833333333333334,19.333045974875937,171.81811745562825,56.474454709507384,612.7346304954923,239.75312099592375,29.520541827625042,29.520541827625042,91.5,100.0,80.66695402512406,85.23750777646673,Rapida,Alta,Variable,Rapido y rentable
YOU,"Clear Secure, Inc.",Stock,NYSE,7372,USD,53.18999862670898,6,6,100.0,0.6252825559430688,0.4155817510077245,-0.8278724626820866,2026-06-10,8.5,8.5,6.410928169929842,233.5487694857227,129.13889716136305,667.8728144219581,244.6488684741036,26.85036857873178,26.85036857873178,91.5,100.0,93.58907183007015,87.1136433304536,Rapida,Alta,Estable,Rapido y rentable
TRMK,TRUSTMARK CORP,Stock,Nasdaq,6021,USD,44.15999984741211,12,12,100.0,0.6145003624432069,0.6046333244006328,-1.2499827675483817,2026-06-01,8.5,12.5,13.74772708486752,125.31839452768618,51.2300034147937,492.1574002449846,174.98730184116704,26.38736850491418,26.38736850491418,91.5,100.0,86.25227291513248,86.00234129971308,Rapida,Alta,Estable,Rapido y rentable
AIG,"AMERICAN INTERNATIONAL GROUP, INC.",Stock,NYSE,6331,USD,75.73999786376953,6,6,100.0,0.559637202703864,0.5543317468940616,-0.7986537414745838,2026-06-15,8.5,10.0,8.532291603080617,88.13213645571368,44.749985182373166,229.0233278753233,89.58738319746924,24.03147988081298,24.03147988081298,91.5,100.0,91.46770839691938,86.72979346224177,Rapida,Alta,Estable,Rapido defensivo
PLUS,EPLUS INC,Stock,Nasdaq,5045,USD,82.41000366210938,8,8,100.0,0.31638489143257836,0.3224847792907291,-1.301982907370144,2026-06-17,8.5,8.75,6.734771180756096,85.60653606307238,75.25821910904027,157.52795346411446,56.91095893788701,13.585939455634248,13.585939455634248,91.5,100.0,93.2652288192439,86.75616921431917,Rapida,Alta,Estable,Rapido defensivo
ROL,ROLLINS INC,Stock,NYSE,7340,USD,53.83000183105469,6,6,100.0,0.30796488056640653,0.3073313814632087,-1.0576937093081442,2026-05-11,8.5,14.666666666666666,19.043809142780933,71.77013173596568,51.26435745523505,201.4174738958076,75.15968183885997,13.224374283145695,13.224374283145695,91.5,100.0,80.95619085721907,84.90139350914927,Rapida,Alta,Variable,Rapido defensivo
DOV,DOVER Corp,Stock,NYSE,3530,USD,212.50999450683597,6,6,100.0,0.2646609852210708,0.27067889117612387,-0.5298930064543511,2026-05-29,8.5,25.666666666666668,31.15552385479446,109.02413620835289,36.20643189926152,515.4336129289802,200.30325197770185,11.364854071257746,11.364854071257746,91.5,100.0,68.84447614520553,83.0413324070019,Rapida,Alta,Variable,Rapido defensivo
FEX,First Trust Large Cap Core AlphaDEX Fund,ETF/Fund,US Listed,,USD,137.82000732421875,6,6,100.0,0.26452566102539554,0.2645184567141045,-0.5315143438800338,2026-06-25,8.5,15.166666666666666,18.026831853286552,135.88008408488716,24.099016601706076,470.58950843717327,194.57582081225735,11.359043091090514,11.359043091090514,91.5,100.0,81.97316814671345,85.01050088303242,Rapida,Alta,Variable,Rapido defensivo
BCO,BRINKS CO,Stock,NYSE,4731,USD,103.7699966430664,6,6,100.0,0.25071591043056823,0.2530511031404082,-0.3441716999008226,2026-05-18,8.5,12.5,13.70766209096212,142.81279019067145,176.1468721034649,281.8936029889736,107.03500634339231,10.766036153783226,10.766036153783226,91.5,100.0,86.29233790903788,85.64456659678626,Rapida,Alta,Estable,Rapido defensivo
FIX,COMFORT SYSTEMS USA INC,Stock,NYSE,1731,USD,2042.3599853515625,6,6,100.0,0.07407319838998085,0.06643423887534079,-3.101252838570847,2026-05-15,8.5,12.833333333333334,14.07716827585245,157.81698270666485,21.989920729263254,712.875728379392,278.6810816122419,3.18079028380506,3.18079028380506,91.5,100.0,85.92283172414756,85.41249795701212,Rapida,Alta,Estable,Rapido defensivo
MRVL,"Marvell Technology, Inc.",Stock,Nasdaq,3674,USD,119.93000030517578,12,12,100.0,0.07235302627144263,0.069033041757324,-0.32313523008008166,2026-04-10,8.5,10.166666666666666,8.642740867165328,565.9986208474376,155.00640573005148,2623.448583014753,970.6719221695727,3.106924069303125,3.106924069303125,91.5,100.0,91.35725913283467,86.22594189619664,Rapida,Alta,Estable,Rapido defensivo
FTC,First Trust Large Cap Growth AlphaDEX Fund,ETF/Fund,US Listed,,USD,187.8600006103516,6,6,100.0,0.045215783545206584,0.035073353126313545,-0.6578512179989263,2026-06-25,8.5,13.5,14.638989036132243,179.39639753024554,27.40660908572123,668.7380326493899,274.7509459792382,1.9416189404706357,1.9416189404706357,91.5,100.0,85.36101096386776,85.29936742812536,Rapida,Alta,Estable,Rapido defensivo
MOMO,Hello Group Inc. American Depositary Shares,Preferred,,,USD,6.170000076293945,2,2,100.0,4.981521025182475,4.981521025182475,-4.5388220248452775,2026-04-10,9.0,9.0,4.242640687119285,241.398129092473,241.398129092473,295.78603912527404,76.91611999751497,202.02835268795587,202.02835268795587,91.0,100.0,95.75735931288071,91.64512492211458,Rapida,Alta,Muy estable,Rapido y rentable
KMLI,KraneShares 2x Long MELI Daily ETF,ETF/Fund,,,USD,13.87399959564209,2,2,100.0,4.859433664620821,4.859433664620821,-4.831765066424775,2025-12-30,9.0,9.0,11.313708498984761,198.65689511199804,198.65689511199804,270.40040743276575,101.46064813631094,197.07703195406663,197.07703195406663,91.0,100.0,88.68629150101523,90.46237738977311,Rapida,Alta,Estable,Rapido y rentable
FFIC,FLUSHING FINANCIAL CORP,Stock,Nasdaq,6022,USD,16.309999465942383,6,6,100.0,1.5280390537676884,1.5186811522174022,-2.2009054990095693,2026-04-10,9.0,10.666666666666666,7.554248252914824,220.73277145716494,82.25744642132378,869.7160161718531,323.21201515920984,61.970472736134035,61.970472736134035,91.0,100.0,92.44575174708518,87.69490181583046,Rapida,Alta,Estable,Rapido y rentable
QUAD,"Quad/Graphics, Inc.",Stock,NYSE,2750,USD,7.519999980926514,6,6,100.0,1.3034268981195127,1.3345364872544985,-3.1270394028559267,2026-05-21,9.0,14.166666666666666,16.61826304601858,462.0745981090611,82.81920829903409,2224.126297371266,870.8219349835751,52.861201979291344,52.861201979291344,91.0,100.0,83.38173695398142,86.11068744121673,Rapida,Alta,Variable,Rapido y rentable
FISI,FINANCIAL INSTITUTIONS INC,Stock,Nasdaq,6021,USD,37.97999954223633,12,12,100.0,1.061993742674919,1.100717445963115,-1.218632562250622,2026-06-12,9.0,13.666666666666666,13.733392174042821,156.45432015511872,100.35661599330417,505.3835443349985,170.8766044084222,43.06974623070505,43.06974623070505,91.0,100.0,86.26660782595718,86.30198491656849,Rapida,Alta,Estable,Rapido y rentable
UGI,UGI CORP /PA/,Stock,NYSE,4932,USD,35.029998779296875,6,6,100.0,1.0514797949860075,1.053211304130699,-1.2098924799456123,2026-06-15,9.0,19.166666666666668,22.586869341869107,61.90861272037365,64.87163051772016,102.08877854133776,37.13357941653761,42.64334724109919,42.64334724109919,91.0,100.0,77.4131306581309,84.96344939370564,Rapida,Alta,Variable,Rapido y rentable
BMO,BANK OF MONTREAL /CAN/,Stock,NYSE,6029,USD,151.4600067138672,4,4,100.0,1.0357113334401555,1.0686379793487468,-1.4835496751289234,2026-04-29,9.0,9.0,7.52772652709081,127.12697617429953,128.0843522638332,224.23898953897523,100.15977874355379,42.003848522850745,42.003848522850745,91.0,100.0,92.4722734729092,87.20655235437654,Rapida,Alta,Estable,Rapido y rentable
HWC,HANCOCK WHITNEY CORP,Stock,Nasdaq,6022,USD,69.18000030517578,12,12,100.0,0.7586515269536284,0.7390766637372342,-1.0706087037954015,2026-06-05,9.0,20.166666666666668,24.22182837229613,134.34334502143813,61.13521022523864,369.3247831473094,145.59650001549113,30.767534148674926,30.767534148674926,91.0,100.0,75.77817162770387,84.4253772711092,Rapida,Alta,Variable,Rapido y rentable
RFEM,First Trust RiverFront Dynamic Emerging Markets ETF,ETF/Fund,US Listed,,USD,92.66400146484376,5,5,100.0,0.662223985448002,0.814663718431358,-1.3163238292461878,2026-06-25,9.0,10.2,7.918333157931662,130.05611719062415,48.377502051550906,396.75642429200815,158.9072231636365,26.856861632057857,26.856861632057857,91.0,100.0,92.08166684206834,86.77447401175826,Rapida,Alta,Estable,Rapido y rentable
SBCF,SEACOAST BANKING CORP OF FLORIDA,Stock,Nasdaq,6022,USD,32.08000183105469,12,12,100.0,0.6323789292540513,0.6111213854330788,-1.0853364812775024,2026-06-15,9.0,8.833333333333334,6.422026490324082,231.89794243045176,83.84738185633246,1004.7194809971676,364.6382324870641,25.64647879752541,25.64647879752541,91.0,100.0,93.57797350967591,86.96907495570542,Rapida,Alta,Estable,Rapido y rentable
ESMV,iShares ESG Optimized MSCI USA Min Vol Factor ETF,ETF/Fund,US Listed,,USD,30.15999984741211,6,6,100.0,0.375126197279634,0.3837156523878176,-0.4715912487569085,2026-06-15,9.0,12.166666666666666,10.833589740555375,34.71641094020719,23.52385555948706,95.13220733756684,31.79717818424512,15.21345133411849,15.21345133411849,91.0,100.0,89.16641025944463,86.05008773619632,Rapida,Alta,Estable,Rapido defensivo
MBIN,Merchants Bancorp,Stock,Nasdaq,6022,USD,50.11000061035156,12,12,100.0,0.2739415430580988,0.2745073106367336,-0.5516704052310404,2026-06-15,9.0,8.5,5.869799439039246,292.20662381512466,68.19838489521854,1365.1382814700798,504.9142144385881,11.10985146846734,11.10985146846734,91.0,100.0,94.13020056096076,86.69347162720221,Rapida,Alta,Estable,Rapido defensivo
CNXN,PC CONNECTION INC,Stock,Nasdaq,5045,USD,66.51000213623047,12,12,100.0,0.26056681134787457,0.2513218635262467,-0.7022863856094599,2026-05-12,9.0,24.166666666666668,28.821814129179476,233.62775460685066,34.753778859034384,909.8223978162382,348.71574920982766,10.567431793552691,10.567431793552691,91.0,100.0,71.17818587082053,83.23729469197094,Rapida,Alta,Variable,Rapido defensivo
HIMX,"Himax Technologies, Inc. American Depositary Shares",Preferred,,,USD,14.56999969482422,2,2,100.0,2.824536533689381,2.824536533689381,-0.05884991818312724,2026-06-30,9.5,9.5,12.020815280171307,1331.6847452992847,1331.6847452992847,2560.26201027481,1737.4706305516315,108.52166682069726,108.52166682069726,90.5,100.0,87.9791847198287,88.1714142416637,Rapida,Alta,Estable,Rapido y rentable
USAC,"USA Compression Partners, LP",Stock,NYSE,4922,USD,27.520000457763672,6,6,100.0,2.0824395898212744,2.0829299800175876,-2.686349104095653,2026-04-27,9.5,13.333333333333334,10.614455552060438,174.62318023700314,133.27049143160744,484.112457320649,164.04905559286414,80.00952108260687,80.00952108260687,90.5,100.0,89.38554444793957,87.64027125701222,Rapida,Alta,Estable,Rapido y rentable
SGC,"SUPERIOR GROUP OF COMPANIES, INC.",Stock,Nasdaq,2300,USD,11.869999885559082,12,12,100.0,1.245140596355911,1.2615070177632421,-1.6855292236887454,2026-05-15,9.5,10.166666666666666,5.507570547286103,150.243216231657,64.08001041356171,575.0407851275103,201.71925057657165,47.839612386306065,47.839612386306065,90.5,100.0,94.49242945271389,87.569005014263,Rapida,Alta,Estable,Rapido y rentable
BKH,BLACK HILLS CORP /SD/,Stock,NYSE,4911,USD,74.44999694824219,6,6,100.0,1.0404483836233807,1.0317945748541613,-1.1037049257636502,2026-05-15,9.5,16.5,19.138965489283894,69.19737101783622,50.239406778489354,145.57729264808273,57.18694453634129,39.97512210763515,39.97512210763515,90.5,100.0,80.86103451071611,85.3196035602308,Rapida,Alta,Variable,Rapido y rentable
FFUT,Fidelity Managed Futures ETF,ETF/Fund,,,USD,53.15499877929688,2,2,100.0,1.0349526912857623,1.0349526912857623,-0.889013962942574,2025-12-30,9.5,9.5,12.020815280171307,35.5350199066945,35.5350199066945,47.03623795632643,16.26517854959972,39.763971823084546,39.763971823084546,90.5,100.0,87.9791847198287,86.38183039926008,Rapida,Alta,Estable,Rapido y rentable
REYN,Reynolds Consumer Products Inc.,Stock,Nasdaq,2673,USD,21.655000686645508,12,12,100.0,0.9829452326611566,0.9892518867924498,-1.3661121490934285,2026-05-15,9.5,21.5,32.24198279488181,217.82116764639352,66.45582743273222,1033.9060913186163,382.5601076673637,37.76579051803392,37.76579051803392,90.5,100.0,67.7580172051182,83.29664781342889,Rapida,Alta,Variable,Rapido y rentable
BOH,BANK OF HAWAII CORP,Stock,NYSE,6022,USD,77.29000091552734,6,6,100.0,0.9813834484201575,1.0005157478927844,-1.1377809365510996,2026-05-29,9.5,13.5,14.48792600754159,166.77852810558036,58.958763742254405,740.5204854630522,281.8247903736797,37.70578512351131,37.70578512351131,90.5,100.0,85.51207399245841,85.95819454728893,Rapida,Alta,Estable,Rapido y rentable
GIC,GLOBAL INDUSTRIAL Co,Stock,NYSE,5084,USD,28.989999771118164,6,6,100.0,0.9390045400332605,0.9592901032869932,-0.884556513539684,2026-05-18,9.5,18.833333333333332,20.60501557064849,184.98361447363996,110.91586594631899,527.9610373720376,189.08244482807015,36.077542853909485,36.077542853909485,90.5,100.0,79.39498442935151,84.998252204436,Rapida,Alta,Variable,Rapido y rentable
ACNB,ACNB CORP,Stock,Nasdaq,6022,USD,54.290000915527344,12,12,100.0,0.92338850436043,0.784814965477977,-1.5009622583080517,2026-06-01,9.5,22.666666666666668,25.801104040272573,148.07960717672748,100.100404722832,447.41384479765645,159.27584657291186,35.47755832542705,35.47755832542705,90.5,100.0,74.19889595972742,84.20322289831955,Rapida,Alta,Variable,Rapido y rentable
CBU,"COMMUNITY FINANCIAL SYSTEM, INC.",Stock,NYSE,6021,USD,66.18000030517578,6,6,100.0,0.7862208048525949,0.797026878457183,-1.0647727640733438,2026-06-15,9.5,8.666666666666666,4.88535225614967,208.5141671505963,41.06892887280078,1047.8765074787927,411.4116412074263,30.207430923283916,30.207430923283916,90.5,100.0,95.11464774385033,87.20341796643014,Rapida,Alta,Muy estable,Rapido y rentable
HBB,Hamilton Beach Brands Holding Co,Stock,NYSE,3634,USD,20.299999237060547,6,6,100.0,0.673810954819471,0.6352967969153956,-2.275100748825925,2026-06-01,9.5,16.833333333333332,16.179204760020397,167.96682128700814,155.04672310188352,366.1439082004452,151.24046705563694,25.888526158853356,25.888526158853356,90.5,100.0,83.8207952399796,85.39693024081642,Rapida,Alta,Variable,Rapido y rentable
VXUS,Vanguard Total International Stock ETF,ETF/Fund,US Listed,,USD,86.1500015258789,6,6,100.0,0.6430983428176406,0.46801643905595863,-1.125206440730904,2026-06-18,9.5,13.666666666666666,15.095253117012206,117.08033943308858,61.85028373263766,426.2619979909409,156.32811764306754,24.70851527667777,24.70851527667777,90.5,100.0,84.9047468829878,85.5288103752658,Rapida,Alta,Variable,Rapido defensivo
UVE,"UNIVERSAL INSURANCE HOLDINGS, INC.",Stock,NYSE,6331,USD,40.52999877929688,6,6,100.0,0.6329178025807559,0.6529985484571921,-1.5027927726344352,2026-05-08,9.5,19.666666666666668,20.333879774078202,226.81713513236636,66.51187310869395,1062.131218684006,412.7249426390316,24.317368204418518,24.317368204418518,90.5,100.0,79.6661202259218,84.73283583646902,Rapida,Alta,Variable,Rapido defensivo
DKS,"DICK'S SPORTING GOODS, INC.",Stock,NYSE,5940,USD,223.9499969482422,6,6,100.0,0.5880534698286762,0.5685787378089071,-2.7239328332528743,2026-06-12,9.5,12.5,8.87130204648675,86.76726602737483,54.273980845288364,273.26598067431564,97.42756482608637,22.593633314470193,22.593633314470193,90.5,100.0,91.12869795351325,86.40735816285567,Rapida,Alta,Estable,Rapido defensivo
CDW,CDW Corp,Stock,Nasdaq,5961,USD,106.87999725341795,12,12,100.0,0.43084727665640093,0.40908178293375524,-0.2878947591956624,2026-05-22,9.5,23.5,29.19371040605711,374.89938617605475,85.20384044872264,1560.6763978092613,581.257843395414,16.553605892588035,16.553605892588035,90.5,100.0,70.80628959394289,83.20179071574785,Rapida,Alta,Variable,Rapido defensivo
FAB,First Trust Multi Cap Value AlphaDEX Fund,ETF/Fund,US Listed,,USD,101.12000274658205,6,6,100.0,0.3914631664723762,0.38342088849513734,-0.3281600088682529,2026-06-25,9.5,16.333333333333332,19.345972879818337,126.85981353155712,33.36695281657634,511.9980164521806,197.1263544488961,15.040426922359718,15.040426922359718,90.5,100.0,80.65402712018167,84.63956723449964,Rapida,Alta,Variable,Rapido defensivo
SNDR,"Schneider National, Inc.",Stock,NYSE,4213,USD,38.11000061035156,6,6,100.0,0.3688570053408251,0.3877567169716104,-0.541609510297424,2026-06-12,9.5,19.833333333333332,31.612761136393427,202.79880900012134,52.50897665309861,678.2360389982322,279.9102906981828,14.171874415726439,14.171874415726439,90.5,100.0,68.38723886360657,82.77694283488182,Rapida,Alta,Variable,Rapido defensivo
HUBB,HUBBELL INC,Stock,NYSE,3670,USD,473.9299926757813,6,6,100.0,0.3146718534180939,0.31551703911481904,-1.053468030218533,2026-05-29,9.5,13.833333333333334,15.22388474295134,121.39429416589918,80.08795845259102,359.7916735363657,136.02511127888977,12.09002384185308,12.09002384185308,90.5,100.0,84.77611525704866,85.18108914197539,Rapida,Alta,Variable,Rapido defensivo
GFF,GRIFFON CORP,Stock,NYSE,3442,USD,88.05999755859375,6,6,100.0,0.2572241089100717,0.2540968605164567,-0.2557125445102364,2026-05-29,9.5,14.833333333333334,17.859637920928485,179.78447937710175,82.18844473686913,724.999329266386,274.58345629272054,9.88282102654486,9.88282102654486,90.5,100.0,82.14036207907151,84.72827842077079,Rapida,Alta,Variable,Rapido defensivo
EUFN,iShares MSCI Europe Financials ETF,ETF/Fund,US Listed,,USD,38.84999847412109,3,3,100.0,2.3035138453793125,2.5727972776689847,-1.3280196708307639,2026-06-15,10.0,9.333333333333334,5.033222956847166,133.13261758584426,130.29288542628484,191.25506045621816,56.75588316418623,84.07825535634488,84.07825535634488,90.0,100.0,94.96677704315283,88.54853040185223,Rapida,Alta,Estable,Rapido y rentable
GSBC,"GREAT SOUTHERN BANCORP, INC.",Stock,Nasdaq,6022,USD,79.05000305175781,11,11,100.0,0.6768770565732583,0.6894340345742344,-1.0010823287971344,2026-06-29,10.0,12.272727272727273,11.858253742359448,126.72829810421034,53.35611467617662,309.0875551448431,119.64437091703793,24.706012564923927,24.706012564923927,90.0,100.0,88.14174625764055,85.89813899521934,Rapida,Alta,Estable,Rapido defensivo
SEIC,SEI INVESTMENTS CO,Stock,Nasdaq,6211,USD,89.41999816894531,6,6,100.0,0.5888447176233792,0.5815253977276315,-1.170480173519645,2026-06-08,10.0,10.666666666666666,6.282250127674531,91.72212206577672,112.70470951697976,138.78367765150475,53.98171687498013,21.492832193253342,21.492832193253342,90.0,100.0,93.71774987232547,86.6465071984722,Rapida,Alta,Estable,Rapido defensivo
STEL,"Stellar Bancorp, Inc.",Stock,NYSE,6021,USD,38.869998931884766,6,6,100.0,0.4575005629072637,0.45476671769506993,-0.6355119888595989,2026-06-15,10.0,12.333333333333334,11.039323650779819,63.51632450827537,53.94651969179034,141.1679306664215,49.68216365198808,16.698770546115124,16.698770546115124,90.0,100.0,88.96067634922018,85.8016020152903,Rapida,Alta,Estable,Rapido defensivo
CRH,CRH PUBLIC LTD CO,Stock,NYSE,3241,USD,107.62999725341795,4,4,100.0,0.37333173792848134,0.37558566483704325,-1.7235924211155278,2026-05-15,10.0,13.75,14.72809107341025,293.4480942345284,33.631022536895976,1076.4792263116367,522.024755534838,13.62660843438957,13.62660843438957,90.0,100.0,85.27190892658975,85.16411807691694,Rapida,Alta,Estable,Rapido defensivo
INGM,Ingram Micro Holding Corp,Stock,NYSE,5045,USD,27.0,6,6,100.0,0.3679980604755943,0.3689081280343498,-0.7607465551067033,2026-05-12,10.0,14.5,15.069837424471439,195.99756077335357,153.16415174434303,451.42676512161006,204.29452294146034,13.431929207359195,13.431929207359195,90.0,100.0,84.93016257552856,85.10752244680488,Rapida,Alta,Variable,Rapido defensivo
GRID,First Trust NASDAQ Clean Edge Smart Grid Infrastructure Index Fund,ETF/Fund,US Listed,,USD,188.1499938964844,6,6,100.0,0.26151910887944607,0.18730087606530604,-0.9940054916804132,2026-06-25,10.0,12.333333333333334,11.877148928369412,208.27724345263792,82.90133992308023,553.9515076235556,253.0491933542293,9.545447474099781,9.545447474099781,90.0,100.0,88.12285107163059,85.47994676962404,Rapida,Alta,Estable,Rapido defensivo
TPC,TUTOR PERINI CORP,Stock,NYSE,1540,USD,76.98999786376953,3,3,100.0,0.08289427387682978,0.0832870616844588,-1.2654283926922218,2026-05-21,10.0,13.666666666666666,12.897028081435401,124.49968702542105,16.719707549764486,340.5248971653611,187.08346446618705,3.025640996504287,3.025640996504287,90.0,100.0,87.1029719185646,85.14834006166153,Rapida,Alta,Estable,Rapido defensivo
GREEL,Greenidge Generation Holdings Inc. 8.50% Senior Notes due 2026,Note/Bond,,,USD,7.199999809265137,2,2,100.0,6.312174925166901,6.312174925166901,-2.7798133654538013,2025-04-15,10.5,10.5,4.949747468305833,292.498913863822,292.498913863822,336.86651854034835,62.74526826355156,219.42322358913515,219.42322358913515,89.5,100.0,95.05025253169417,92.41971280492102,Rapida,Alta,Muy estable,Rapido y rentable
JIVE,JPMorgan International Value ETF,ETF/Fund,,,USD,80.86000061035156,2,2,100.0,1.427934502319065,1.427934502319065,-1.490215320639058,2025-12-16,10.5,10.5,10.606601717798213,66.07463288881954,66.07463288881954,77.71054395732976,16.455663243654364,49.63772317585321,49.63772317585321,89.5,100.0,89.39339828220179,86.68694424464933,Rapida,Alta,Estable,Rapido y rentable
MFIN,Medallion Financial Corp. Common Stock,Other Unmatched,,,USD,9.65999984741211,6,6,100.0,1.2797585157014728,1.261753200068216,-1.8864720758118336,2026-05-11,10.5,11.5,7.968688725254614,141.876673924996,69.26557560940165,470.96773227634776,173.01630345497497,44.486843641051195,44.486843641051195,89.5,100.0,92.03131127474539,86.93445520691327,Rapida,Alta,Estable,Rapido y rentable
FPA,First Trust Asia Pacific Ex-Japan AlphaDEX Fund,ETF/Fund,US Listed,,USD,53.09999847412109,6,6,100.0,1.0043779313305001,0.8068283453462965,-1.6708470255494052,2026-06-25,10.5,12.5,11.519548602267365,149.18163643461767,70.29906422960445,381.69361917960816,158.32916361343297,34.914089993869766,34.914089993869766,89.5,100.0,88.48045139773264,86.12644564099038,Rapida,Alta,Estable,Rapido y rentable
IVZ,Invesco Ltd.,Stock,NYSE,6282,USD,27.729999542236328,6,6,100.0,0.980380598774896,0.9257831009993558,-0.75013627548742,2026-05-15,10.5,13.666666666666666,16.2931478440069,238.13343450774894,54.79375236232596,695.769490478309,306.93244648120293,34.0798970050321,34.0798970050321,89.5,100.0,83.7068521559931,85.38640842217386,Rapida,Alta,Variable,Rapido y rentable
UNH,UNITEDHEALTH GROUP INC,Stock,NYSE,6324,USD,408.5199890136719,6,6,100.0,0.6274249886490346,0.6473939263098165,-1.3188824405858497,2026-06-15,10.5,11.333333333333334,6.623191577077223,83.34239245730812,76.17911431791268,147.62083551940736,54.862274235685845,21.810487700656918,21.810487700656918,89.5,100.0,93.37680842292278,86.48394625208745,Rapida,Alta,Estable,Rapido defensivo
DG,DOLLAR GENERAL CORP,Stock,NYSE,5331,USD,125.01000213623048,6,6,100.0,0.5707007525644321,0.5542759683524037,-1.7834807054877633,2026-04-07,10.5,16.833333333333332,17.747300264171635,320.6535643377003,62.51953894305466,1668.2888408855174,661.4414195986739,19.838645208192162,19.838645208192162,89.5,100.0,82.25269973582837,84.75860571293869,Rapida,Alta,Variable,Rapido defensivo
YUM,YUM BRANDS INC,Stock,NYSE,5812,USD,154.00999450683594,6,6,100.0,0.47643846013747043,0.47720707163813836,-1.1381127673160234,2026-05-27,10.5,13.333333333333334,10.708252269472673,82.88012633244192,33.92769259413819,207.6401518598633,89.98987439913829,16.561908376207306,16.561908376207306,89.5,100.0,89.29174773052733,85.72020061971656,Rapida,Alta,Estable,Rapido defensivo
PAHC,PHIBRO ANIMAL HEALTH CORP,Stock,Nasdaq,2834,USD,28.520000457763672,12,12,100.0,0.3733512861475838,0.37393325847079995,1.4346126275041782,2026-06-03,10.5,27.333333333333332,32.21894793534708,1014.4309700235711,48.11460369053235,4338.534878062776,1667.0268679888784,12.97840185179696,12.97840185179696,89.5,100.0,67.78105206465293,82.39050909584552,Rapida,Alta,Variable,Rapido defensivo
METCB,"Ramaco Resources, Inc. Class B Common Stock",Other Unmatched,,,USD,15.781193733215332,3,3,100.0,1.975243706526211,2.2751309584708954,-1.862736958335759,2025-09-05,11.0,10.333333333333334,2.0816659994661326,142.4331541614193,170.3605239003326,215.01237506462328,89.85893402982303,65.54217753473337,65.54217753473337,89.0,100.0,97.91833400053386,88.3629938066063,Rapida,Alta,Muy estable,Rapido y rentable
EFRA,iShares Environmental Infrastructure and Industrials ETF,ETF/Fund,US Listed,,USD,34.792999267578125,3,3,100.0,1.7350188885997688,1.0067718726252175,-1.4631179824606413,2026-06-15,11.0,13.333333333333334,10.692676621563626,88.410830043592,51.92051253933296,163.29432004382082,64.85798347343716,57.57108130353779,57.57108130353779,89.0,100.0,89.30732337843638,86.83111739536523,Rapida,Alta,Estable,Rapido y rentable
MO,"ALTRIA GROUP, INC.",Stock,NYSE,2111,USD,71.94000244140625,6,6,100.0,1.6639624687093264,1.676705176810191,-2.067638673392385,2026-06-15,11.0,11.833333333333334,9.347013783378447,164.45297999890627,86.37373770253015,385.88395230632017,161.82735803962626,55.21330009808219,55.21330009808219,89.0,100.0,90.65298621662156,86.96191040120256,Rapida,Alta,Estable,Rapido y rentable
BDL,FLANIGANS ENTERPRISES INC,Stock,NYSE,5812,USD,36.720001220703125,2,2,100.0,1.6582293241749269,1.6582293241749269,-4.5372808507955185,2026-06-10,11.0,11.0,7.0710678118654755,286.65033585490704,286.65033585490704,361.1561590044444,105.36714557384708,55.02306393853167,55.02306393853167,89.0,100.0,92.92893218813452,87.29756915239511,Rapida,Alta,Estable,Rapido y rentable
IXUS,iShares Core MSCI Total International Stock ETF,ETF/Fund,US Listed,,USD,96.37000274658205,3,3,100.0,1.55050886265061,1.527975669580912,-1.0234638033379897,2026-06-15,11.0,9.0,5.291502622129181,97.76865982355066,64.30432952988767,178.40550886825056,70.1691148268881,51.44870316977024,51.44870316977024,89.0,100.0,94.70849737787081,87.45678346933124,Rapida,Alta,Estable,Rapido y rentable
LCNB,LCNB CORP,Stock,Nasdaq,6021,USD,17.040000915527344,12,12,100.0,1.378065446624584,1.3729833559242688,-1.506613220053131,2026-06-01,11.0,19.5,26.708868122098252,138.48818175442946,96.05311951381874,386.6978443517426,132.348699967398,45.72671709254302,45.72671709254302,89.0,100.0,73.29113187790175,84.07173522830985,Rapida,Alta,Variable,Rapido y rentable
ACWX,iShares MSCI ACWI ex U.S. ETF,ETF/Fund,,,USD,76.45999908447266,3,3,100.0,1.3576753559002288,1.401231169491613,-0.8114277010243495,2026-06-15,11.0,9.0,5.291502622129181,97.66441594141914,58.06612483792325,188.1509671735468,78.56670933391877,45.05013680941668,45.05013680941668,89.0,100.0,94.70849737787081,87.26394996258085,Rapida,Alta,Estable,Rapido y rentable
TUR,iShares MSCI Turkey ETF,ETF/Fund,US Listed,,USD,39.459999084472656,3,3,100.0,1.2494991849621913,1.2143132567596804,-0.08660885961608411,2026-06-15,11.0,11.666666666666666,9.018499505645789,156.35159125346385,62.175994908594326,363.57206323593965,179.70602502903697,41.46065477374544,41.46065477374544,89.0,100.0,90.98150049435421,86.59672425911532,Rapida,Alta,Estable,Rapido y rentable
WOOD,iShares Global Timber & Forestry ETF,ETF/Fund,US Listed,,USD,68.08000183105469,3,3,100.0,1.1397228663849672,1.0238135080738513,-0.2926678500159652,2026-06-15,11.0,8.333333333333334,4.618802153517007,89.24111402634253,50.69416624016593,174.89359011310583,74.3005539679926,37.81807693004664,37.81807693004664,89.0,100.0,95.38119784648299,87.14690254335743,Rapida,Alta,Muy estable,Rapido y rentable
CORO,iShares International Country Rotation Active ETF,ETF/Fund,,,USD,31.364999771118164,3,3,100.0,1.0920279924322636,0.9806192795631486,-0.7260263617720044,2025-12-23,11.0,11.666666666666666,10.016652800877813,82.9205896132816,69.83125345418122,134.3479867518562,46.29208796976265,36.23547429434329,36.23547429434329,89.0,100.0,89.98334719912219,86.2895300723006,Rapida,Alta,Estable,Rapido y rentable
SDG,iShares MSCI Global Sustainable Development Goals ETF,ETF/Fund,US Listed,,USD,90.4800033569336,3,3,100.0,0.9393568080902401,1.0024897983161771,-0.48697040729162294,2026-06-15,11.0,11.0,8.0,74.64214203338453,43.649934595951066,143.36681218876117,59.61264946540792,31.169566813903426,31.169566813903426,89.0,100.0,92.0,86.43935680809024,Rapida,Alta,Estable,Rapido y rentable
NFTY,First Trust India Nifty 50 Equal Weight ETF,ETF/Fund,US Listed,,USD,52.5099983215332,2,2,100.0,0.9111470207810268,0.9111470207810268,-2.37093957904518,2026-03-26,11.0,11.0,4.242640687119285,77.41867509078489,77.41867509078489,85.66194794989308,11.65774827569284,30.233514780461345,30.233514780461345,89.0,100.0,95.75735931288071,86.97475091771314,Rapida,Alta,Muy estable,Rapido y rentable
ZION,"ZIONS BANCORPORATION, NATIONAL ASSOCIATION /UT/",Stock,Nasdaq,6021,USD,59.63999938964844,12,12,100.0,0.8010497041669717,0.8053466074613053,-1.2828823529245932,2026-05-14,11.0,20.0,24.151039879738665,175.8365833988089,125.16159945627587,550.8053015337846,195.24044143446918,26.580285638267696,26.580285638267696,89.0,100.0,75.84896012026134,83.87839372220617,Rapida,Alta,Variable,Rapido y rentable
KFY,KORN FERRY,Stock,NYSE,7361,USD,64.05999755859375,5,5,100.0,0.7152406600958738,0.6926406621389386,-0.9774247644857216,2026-03-27,11.0,16.4,16.39512122553536,107.4377369748654,50.99716777270595,394.649306487616,161.9181632429868,23.732985539544906,23.732985539544906,89.0,100.0,83.60487877446464,84.95597247626557,Rapida,Alta,Variable,Rapido defensivo
THG,"HANOVER INSURANCE GROUP, INC.",Stock,NYSE,6331,USD,196.07000732421875,6,6,100.0,0.5170667654022832,0.5188240598230911,0.004909856323664918,2026-06-12,11.0,16.666666666666668,21.18175315375634,269.9396204608615,138.1971130000076,853.3277301599747,339.29715515377467,17.157215397439398,17.157215397439398,89.0,100.0,78.81824684624365,84.03980379233883,Rapida,Alta,Variable,Rapido defensivo
GEN,Gen Digital Inc.,Stock,Nasdaq,7372,USD,23.450000762939453,12,12,100.0,0.468198354430253,0.45713734741322604,-0.013226432535905275,2026-05-18,11.0,11.166666666666666,9.013457951442623,183.76485988816066,44.59637226655647,526.6165816181701,228.91115236615036,15.535672669731122,15.535672669731122,89.0,100.0,90.98654204855738,85.81617966171386,Rapida,Alta,Estable,Rapido defensivo
ALSN,Allison Transmission Holdings Inc,Stock,NYSE,3714,USD,116.98999786376952,6,6,100.0,0.2759039995291781,0.2598446693614619,-0.4183015078616073,2026-05-18,11.0,19.666666666666668,27.273919165874688,308.50170730715143,36.05536077670458,1500.430632136418,590.7531676395394,9.154996348013638,9.154996348013638,89.0,100.0,72.72608083412531,82.88481612464797,Rapida,Alta,Variable,Rapido defensivo
QB,ProShares Nasdaq-100 Dynamic Buffer ETF,ETF/Fund,US Listed,,USD,46.262001037597656,4,4,100.0,0.21191633331778767,0.1846355542137083,-0.32807264139399955,2026-06-24,11.0,10.75,4.425306015783918,25.17563981248241,19.974588452058416,50.83789277079895,18.91269119010644,7.0317692419084095,7.0317692419084095,89.0,100.0,95.57469398421608,86.24812043095021,Rapida,Alta,Muy estable,Rapido defensivo
SEIS,SEI Select Small Cap ETF,ETF/Fund,US Listed,,USD,27.924999237060547,5,5,100.0,0.1340750114405025,0.1272796208530806,-1.8638812892767553,2026-04-06,11.0,19.8,18.660117898877274,28.452917546635415,20.6980874200755,51.75989584899454,16.41780589587525,4.448852652343946,4.448852652343946,89.0,100.0,81.33988210112273,84.03505732660891,Rapida,Alta,Variable,Rapido defensivo
QCLN,First Trust NASDAQ Clean Edge Green Energy Index Fund,ETF/Fund,US Listed,,USD,48.34000015258789,5,5,100.0,0.06113167076695012,0.0661073842428165,-1.236826297828189,2026-03-26,11.0,15.6,18.270194306574847,184.44283782256525,32.306936822883905,809.1819330471133,349.34395675468033,2.0284599845397087,2.0284599845397087,89.0,100.0,81.72980569342515,84.02060252478073,Rapida,Alta,Variable,Rapido defensivo
SGU,"STAR GROUP, L.P.",Stock,NYSE,5990,USD,12.869999885559082,6,6,100.0,1.498349633540508,1.497911405804817,-0.9657996418263002,2026-04-27,11.5,27.0,31.730111881302907,77.89430459889421,51.495782867997434,239.63131504245635,85.59877812088108,47.55631445585091,47.55631445585091,88.5,100.0,68.2698881186971,83.28883285134508,Rapida,Alta,Variable,Rapido y rentable
HUN,Huntsman CORP,Stock,NYSE,2800,USD,15.739999771118164,6,6,100.0,1.3277798513580343,1.1530374281625297,-2.7748783290395704,2026-06-15,11.5,13.333333333333334,12.07752734075426,311.71759912391195,136.8591564851821,1293.56252385594,485.91430001016425,42.14257789092891,42.14257789092891,88.5,100.0,87.92247265924574,86.06615075024489,Rapida,Alta,Estable,Rapido y rentable
TROW,PRICE T ROWE GROUP INC,Stock,Nasdaq,6282,USD,109.63999938964844,12,12,100.0,1.2981221964034806,1.276727695800684,-1.1655172150661195,2026-06-15,11.5,11.333333333333334,7.4264066109737845,197.34053823702436,57.06191967277818,900.2064230316863,328.5871671456292,41.201269711936554,41.201269711936554,88.5,100.0,92.57359338902621,86.73416120475741,Rapida,Alta,Estable,Rapido y rentable
EXC,EXELON CORP,Stock,Nasdaq,4931,USD,45.08000183105469,12,12,100.0,0.8892556419744647,0.8836862829028913,-1.3674830207471995,2026-06-04,11.5,29.166666666666668,34.167590527051246,126.91351973098189,43.40230790296906,441.2703144468029,165.91686837160452,28.22420081049388,28.22420081049388,88.5,100.0,65.83240947294875,82.31411706291676,Rapida,Alta,Variable,Rapido y rentable
MCBS,"MetroCity Bankshares, Inc.",Stock,Nasdaq,6022,USD,32.97999954223633,12,12,100.0,0.8468839858094542,0.8534339164496987,-1.9455105204068637,2026-04-29,11.5,15.0,13.197795959243276,182.89715992641152,40.416639482433304,705.0148661375428,261.16545055524057,26.879361288734852,26.879361288734852,88.5,100.0,86.80220404075672,85.41721459192296,Rapida,Alta,Estable,Rapido y rentable
ABBV,AbbVie Inc.,Stock,NYSE,2834,USD,210.25999450683597,6,6,100.0,0.840483330444799,0.8395491340242471,-1.6012742021473996,2026-04-15,11.5,11.166666666666666,5.636192568273964,63.11954151749412,57.921757433083684,110.44688967464434,27.33722342523349,26.67621005324797,26.67621005324797,88.5,100.0,94.36380743172603,86.5450544452037,Rapida,Alta,Estable,Rapido y rentable
GABC,"GERMAN AMERICAN BANCORP, INC.",Stock,Nasdaq,6022,USD,44.08000183105469,12,12,100.0,0.7262255551173467,0.7250493492189698,-0.8549314476099941,2026-05-08,11.5,19.833333333333332,20.63903333418736,125.5489432330936,116.2658968851131,298.1152647704426,114.31513930894357,23.049767618941875,23.049767618941875,88.5,100.0,79.36096666581264,84.18037055498924,Rapida,Alta,Variable,Rapido defensivo
MPC,Marathon Petroleum Corp,Stock,NYSE,2911,USD,263.0199890136719,6,6,100.0,0.5115011727779839,0.5272861074436888,-1.3196004927084262,2026-05-20,11.5,32.5,38.588858495684995,106.86520355591347,21.919187336193875,521.8097491387574,204.0304343099663,16.234602440344705,16.234602440344705,88.5,100.0,61.411141504315005,81.27317239842523,Rapida,Alta,Muy variable,Rapido defensivo
TXRH,"Texas Roadhouse, Inc.",Stock,Nasdaq,5812,USD,175.39999389648438,12,12,100.0,0.400388871445097,0.396667010101796,-1.035280188521694,2026-06-02,11.5,15.333333333333334,16.49977042999157,106.99006349866819,59.83015621366309,361.86880702009336,128.02665749092455,12.707994615431339,12.707994615431339,88.5,100.0,83.50022957000843,84.47542330694637,Rapida,Alta,Variable,Rapido defensivo
SOFA,Direxion Daily SOFI Bull 2X ETF,ETF/Fund,US Listed,,USD,13.760000228881836,2,2,100.0,0.3490658597186328,0.3490658597186328,-1.69971429454219,2026-06-23,11.5,11.5,14.849242404917497,456.8209344931802,456.8209344931802,796.2358152439015,480.00512762891685,11.079046851939216,11.079046851939216,88.5,100.0,85.1507575950825,84.671679498981,Rapida,Alta,Estable,Rapido defensivo
CGNX,COGNEX CORP,Stock,Nasdaq,3823,USD,63.369998931884766,12,12,100.0,0.19606046106521388,0.20185352829681802,-1.5835836518135533,2026-05-21,11.5,25.166666666666668,26.00990487324303,128.8311980324696,39.46740440042321,567.3412823751893,207.84297892176352,6.22278854685244,6.22278854685244,88.5,100.0,73.99009512675697,82.84457473007876,Rapida,Alta,Variable,Rapido defensivo
HVT,HAVERTY FURNITURE COMPANIES INC,Stock,NYSE,5712,USD,23.190000534057617,6,6,100.0,1.4485553224649952,1.4449550648037404,-0.813692340517723,2026-06-01,12.0,14.833333333333334,13.833534135088787,515.514261947908,65.47624836386717,2177.6931949212244,854.5781677313254,44.06022439164361,44.06022439164361,88.0,100.0,86.16646586491122,85.77352520220168,Rapida,Alta,Estable,Rapido y rentable
PSTR,PeakShares Sector Rotation ETF,ETF/Fund,US Listed,,USD,30.7549991607666,6,6,100.0,1.2653358767171652,1.250228765956595,-1.1917535747166963,2026-06-23,12.0,12.666666666666666,7.118052168020874,66.28650018269485,60.59046356328166,129.9567766127881,37.72594631465345,38.48729958348044,38.48729958348044,88.0,100.0,92.88194783197912,86.59762805151404,Rapida,Alta,Estable,Rapido y rentable
NWE,"NorthWestern Energy Group, Inc.",Stock,Nasdaq,4931,USD,71.05000305175781,12,12,100.0,1.083647108046039,1.0756701465533252,-0.48489375381290895,2026-06-15,12.0,14.666666666666666,13.068583656535958,296.99336737911267,54.61008234189218,998.6607162305414,399.45400958921704,32.96093286973369,32.96093286973369,88.0,100.0,86.93141634346404,85.52335955956565,Rapida,Alta,Estable,Rapido y rentable
UCB,UNITED COMMUNITY BANKS INC,Stock,NYSE,6022,USD,34.630001068115234,6,6,100.0,0.7963607625317731,0.7981510537712082,-1.285496807662244,2026-06-15,12.0,22.333333333333332,33.52412066955175,226.93226126205843,75.64113827845088,1059.6770345992363,409.1341595984176,24.22263986034143,24.22263986034143,88.0,100.0,66.47587933044825,82.16774266209902,Rapida,Alta,Variable,Rapido defensivo
GLOW,VictoryShares WestEnd Global Equity ETF,ETF/Fund,US Listed,,USD,31.472000122070312,7,7,100.0,0.2117048084068423,0.1537294234158195,-0.6058970231216101,2026-04-09,12.0,9.714285714285714,4.680252333449758,26.887356938410193,21.1610385245634,71.59366966990845,21.49046767477994,6.439354589041454,6.439354589041454,88.0,100.0,95.31974766655024,85.90966695838938,Rapida,Alta,Muy estable,Rapido defensivo
PHM,PULTEGROUP INC/MI/,Stock,NYSE,1531,USD,122.83999633789062,6,6,100.0,0.20328559694440382,0.2117099445852759,-0.8336008661544699,2026-06-16,12.0,12.666666666666666,10.782702196883054,185.69597760472755,101.79006316475724,647.7549170592124,245.1607870809359,6.183270240392282,6.183270240392282,88.0,100.0,89.21729780311695,84.98588026741194,Rapida,Alta,Estable,Rapido defensivo
AIRR,First Trust RBA American Industrial Renaissance ETF,ETF/Fund,,,USD,113.5199966430664,5,5,100.0,0.05802542570066436,0.0588442582587761,-1.373315590922875,2026-03-26,12.0,15.2,15.122830422906949,162.3544195259994,18.05882450834207,573.3087123573888,245.9646013988998,1.7649400317285409,1.7649400317285409,88.0,100.0,84.87716957709306,84.18960086226463,Rapida,Alta,Variable,Rapido defensivo
NEWT,"NewtekOne, Inc.",Stock,Nasdaq,6021,USD,14.140000343322754,12,12,100.0,1.6171276350858943,1.6199142498256935,-1.9157640182417015,2026-06-24,12.5,11.666666666666666,5.928871321888775,171.91603280901677,75.84305603496034,619.5190304895876,210.92705994371585,47.22012694450811,47.22012694450811,87.5,100.0,94.07112867811122,86.97779693680258,Rapida,Alta,Estable,Rapido y rentable
NWBI,"Northwest Bancshares, Inc.",Stock,Nasdaq,6021,USD,14.079999923706056,12,12,100.0,1.5672867442416354,1.5544504371158658,-1.8530520969706368,2026-05-07,12.5,19.666666666666668,21.41933422839932,128.94929074797352,89.70710221853372,363.74576551000894,126.83929189620436,45.76477293185575,45.76477293185575,87.5,100.0,78.58066577160068,84.60438660998174,Rapida,Alta,Variable,Rapido y rentable
OPBK,OP Bancorp,Stock,Nasdaq,6022,USD,14.670000076293944,12,12,100.0,0.896147938159309,0.915032679738562,-0.7551310547276734,2026-05-07,12.5,26.333333333333332,31.505651248721403,271.5457917869605,78.58294878944368,926.9835463937565,357.97444403415057,26.167519794251824,26.167519794251824,87.5,100.0,68.4943487512786,82.42030025085108,Rapida,Alta,Variable,Rapido y rentable
ADM,Archer-Daniels-Midland Co,Stock,NYSE,2070,USD,79.38999938964844,6,6,100.0,0.8687244845702025,0.8431108352492642,-1.8489984097130747,2026-05-20,12.5,17.833333333333332,18.21446311771683,173.86767015897794,55.165303835163776,779.1864146387674,299.61048715964654,25.36675494944991,25.36675494944991,87.5,100.0,81.78553688228317,84.38655501691268,Rapida,Alta,Variable,Rapido y rentable
FDP,FRESH DEL MONTE PRODUCE INC,Stock,NYSE,100,USD,32.720001220703125,6,6,100.0,0.8507429801226869,0.8613955784667033,-1.4553886048631484,2026-05-19,12.5,23.5,32.95299682881665,162.91487137431295,137.26428232278477,356.4234965015645,167.52571090128836,24.841695019582456,24.841695019582456,87.5,100.0,67.04700317118335,82.15779345580019,Rapida,Alta,Variable,Rapido defensivo
NRC,NRC HEALTH,Stock,Nasdaq,8731,USD,20.540000915527344,12,12,100.0,0.834089658217137,0.8523519580868122,-1.8048652205677878,2026-06-26,12.5,22.666666666666668,25.75878785026872,386.68402803029886,87.0945861218864,1352.6857670916518,528.2799456847415,24.355418019940398,24.355418019940398,87.5,100.0,74.24121214973128,83.22027148067683,Rapida,Alta,Variable,Rapido defensivo
SCHL,SCHOLASTIC CORP,Stock,Nasdaq,2731,USD,40.22999954223633,12,12,100.0,0.7691993075050855,0.7302352703552799,-1.281027708460302,2026-04-30,12.5,14.333333333333334,12.572215638486561,137.25898069659254,80.24057519455117,329.27744026943566,134.08502178036795,22.460619779148498,22.460619779148498,87.5,100.0,87.42778436151343,85.13336696173211,Rapida,Alta,Estable,Rapido defensivo
VLO,VALERO ENERGY CORP/TX,Stock,NYSE,2911,USD,253.7700042724609,6,6,100.0,0.6949209002790839,0.7183904847960074,-2.982309334619332,2026-05-21,12.5,13.666666666666666,9.563820714895625,159.76997068033162,53.6025432769932,598.1322998282043,224.85163578956573,20.29169028814925,20.29169028814925,87.5,100.0,90.43617928510437,85.51034779304474,Rapida,Alta,Estable,Rapido defensivo
VLGEA,VILLAGE SUPER MARKET INC,Stock,Nasdaq,5411,USD,42.810001373291016,12,12,100.0,0.673403240335044,0.6650712478916452,-0.8470849491451223,2026-04-02,12.5,25.5,28.665785751087878,162.43220688994788,71.26163269643052,460.403960477207,188.95137663288708,19.663374617783283,19.663374617783283,87.5,100.0,71.33421424891212,82.62353537767187,Rapida,Alta,Variable,Rapido defensivo
BSMW,Invesco BulletShares 2032 Municipal Bond ETF,ETF/Fund,US Listed,,USD,25.13999938964844,18,18,100.0,0.2702845541530908,0.2690577138623239,-0.28212125526838583,2026-06-22,12.5,15.444444444444445,13.474255287605157,13.908436302398245,9.819768713853442,38.38407219685656,10.858338785743163,7.892308981270251,7.892308981270251,87.5,100.0,86.52574471239484,84.49914626101231,Rapida,Alta,Estable,Rapido defensivo
ITT,ITT INC.,Stock,NYSE,3561,USD,191.4499969482422,6,6,100.0,0.21440906465645274,0.2042897849127701,-1.0657456825786016,2026-06-08,12.5,16.333333333333332,16.157557571200748,35.12917460447502,37.53733906473552,71.49904769621115,24.02619936436011,6.26074468796842,6.26074468796842,87.5,100.0,83.84244242879925,84.04077542897633,Rapida,Alta,Variable,Rapido defensivo
TEKY,Lazard Next Gen Technologies ETF,ETF/Fund,,,USD,35.540000915527344,2,2,100.0,0.13423255007066906,0.13423255007066906,-2.3491971731778842,2026-03-20,12.5,12.5,10.606601717798213,33.41120096936155,33.41120096936155,41.37674104388748,11.264974805020957,3.9195904620635367,3.9195904620635367,87.5,100.0,89.39339828220179,84.79324229240093,Rapida,Alta,Estable,Rapido defensivo
OMAB,Grupo Aeroportuario del Centro Norte S.A.B. de C.V. ADS,Other Unmatched,,,USD,103.20999908447266,3,3,100.0,2.49978663147343,2.3447595004764,-1.4716322759457778,2026-05-26,13.0,13.333333333333334,2.5166114784235836,87.20124698389675,100.01231902779617,103.40899616014264,25.188357283483537,70.18631696060014,70.18631696060014,87.0,100.0,97.48338852157642,88.22229490970989,Rapida,Alta,Muy estable,Rapido y rentable
GTR,WisdomTree Target Range Fund,ETF/Fund,US Listed,,USD,27.05900001525879,7,7,100.0,0.9561452529161787,0.5614714258134094,-1.194425470678745,2026-06-25,13.0,24.142857142857142,28.186454024516642,52.971711852740114,43.41025379199678,152.39554080957063,48.506133375036214,26.84561671649271,26.84561671649271,87.0,100.0,71.81354597548335,82.82817714923867,Rapida,Alta,Variable,Rapido y rentable
TOWN,TowneBank Common Stock,Other Unmatched,,,USD,36.130001068115234,7,7,100.0,0.9433896286926122,0.7839721566963392,-0.8991902796614768,2026-06-26,13.0,28.714285714285715,31.857569930940464,187.21614595046353,52.819519512207314,556.8328404922523,243.62649620398778,26.487478036369495,26.487478036369495,87.0,100.0,68.14243006905954,82.26475413905155,Rapida,Alta,Variable,Rapido y rentable
CMS,CMS ENERGY CORP,Stock,NYSE,4931,USD,73.95999908447266,6,6,100.0,0.7530311200867851,0.7492261147992559,-0.8028888384620734,2026-05-08,13.0,29.5,33.30915789989294,146.24007729395206,31.94137387534002,717.8946692201324,281.117883278023,21.14279683320589,21.14279683320589,87.0,100.0,66.69084210010706,81.85665743510285,Rapida,Alta,Variable,Rapido defensivo
ARVR,First Trust Indxx Metaverse ETF,ETF/Fund,US Listed,,USD,55.18199920654297,2,2,100.0,0.35630141912144575,0.35630141912144575,-1.1414780193401464,2026-06-25,13.0,13.0,16.97056274847714,116.09320153553155,116.09320153553155,221.91572465215827,149.6556473960739,10.00384753687136,10.00384753687136,87.0,100.0,83.02943725152286,83.91071700684988,Rapida,Alta,Variable,Rapido defensivo
WLFC,WILLIS LEASE FINANCE CORP,Stock,Nasdaq,5080,USD,222.72000122070312,12,12,100.0,0.19225611217060276,0.17925068569600594,-0.4221996520967608,2026-05-11,13.0,16.666666666666668,16.74044277318925,460.94950422203254,30.47883826773022,2517.155258685172,962.3426577033227,5.3979600724823085,5.3979600724823085,87.0,100.0,83.25955722681076,83.7811896961922,Rapida,Alta,Variable,Rapido defensivo
AFYA,Afya Limited Class A Common Shares,Other Unmatched,,,USD,15.489999771118164,2,2,100.0,2.7611572019418977,2.7611572019418977,-1.4249130405932753,2026-03-25,13.5,13.5,9.192388155425117,82.16769595131781,82.16769595131781,97.3752476774613,21.5067259016025,74.65350953398465,74.65350953398465,86.5,100.0,90.80761184457488,87.33229897862813,Rapida,Alta,Estable,Rapido y rentable
CWEN,"Clearway Energy, Inc.",Stock,NYSE,4911,USD,41.15999984741211,6,6,100.0,1.3387632832056893,1.3302466871125675,-2.4092673210631865,2026-06-01,13.5,21.333333333333332,21.814368353602784,88.95333818479908,109.47816275120937,150.64989100776566,60.90854023902188,36.19619247185752,36.19619247185752,86.5,100.0,78.18563164639721,84.01660803016527,Rapida,Alta,Variable,Rapido y rentable
PAX,Patria Investments Limited Class A Common Shares,Other Unmatched,,,USD,11.359999656677246,6,6,100.0,1.1785668628910193,1.1433085758916364,-0.6939009396252156,2026-05-18,13.5,12.0,8.854377448471462,156.81445922227627,64.7843569254795,391.07142857142856,172.26699813491467,31.864955922609038,31.864955922609038,86.5,100.0,91.14562255152853,85.8004102456203,Rapida,Alta,Estable,Rapido y rentable
PB,PROSPERITY BANCSHARES INC,Stock,NYSE,6022,USD,72.66999816894531,6,6,100.0,0.8486249049527537,0.8346586875421234,-1.365147934342815,2026-06-15,13.5,23.833333333333332,25.039302439698012,238.04903044856496,56.27510342209378,1232.4645849686624,487.75802034646136,22.944302985759638,22.944302985759638,86.5,100.0,74.96069756030198,83.04272953899806,Rapida,Alta,Variable,Rapido defensivo
CON,"Concentra Group Holdings Parent, Inc.",Stock,NYSE,8093,USD,26.07999992370605,6,6,100.0,0.27987709928803145,0.28000199108982426,-1.0445689040481978,2026-05-19,13.5,26.666666666666668,32.90997822343045,117.80452239483408,42.93999858939981,451.9124655539752,174.42663921826264,7.567047499268999,7.567047499268999,86.5,100.0,67.09002177656956,81.29338036577346,Rapida,Alta,Variable,Rapido defensivo
PRHIZ,"Presurance Holdings, Inc. 9.75% Senior Unsecured Notes due 2028",Note/Bond,,,USD,19.200000762939453,4,4,100.0,3.057100424730698,3.118006993615855,-2.798662556004915,2025-12-15,14.0,14.5,9.146948489341495,216.2496146710025,87.39908281242987,627.0122603886957,274.1810417649691,79.70297535905034,79.70297535905034,86.0,100.0,90.8530515106585,87.48505815132947,Rapida,Alta,Estable,Rapido y rentable
CCEL,CRYO CELL INTERNATIONAL INC,Stock,NYSE,8090,USD,5.239999771118164,2,2,100.0,3.0155817029271343,3.0155817029271343,-4.038227907385598,2025-05-21,14.0,14.0,9.899494936611665,200.16008485790255,200.16008485790255,270.9580316555472,100.12341654939789,78.62052296917172,78.62052296917172,86.0,100.0,90.10050506338834,87.33065746243538,Rapida,Alta,Estable,Rapido y rentable
SOHOB,SOTHERLY HOTELS LP,Stock,Nasdaq,7011,USD,16.180999755859375,2,2,100.0,2.994297324941832,2.994297324941832,-3.003565311377626,2025-05-30,14.0,14.0,8.48528137423857,119.85507605604047,119.85507605604047,142.8263291068699,32.486257609187305,78.06560882884062,78.06560882884062,86.0,100.0,91.51471862576143,87.52150511880603,Rapida,Alta,Estable,Rapido y rentable
NKSH,NATIONAL BANKSHARES INC,Stock,Nasdaq,6021,USD,35.58000183105469,6,6,100.0,2.4789411868206446,2.5700164421619944,-2.550315435649798,2026-05-26,14.0,14.666666666666666,2.7325202042558927,87.03090133883023,97.21312204309903,114.29654627982562,29.996237456751963,64.62953808496681,64.62953808496681,86.0,100.0,97.26747979574411,87.86906315618226,Rapida,Alta,Muy estable,Rapido y rentable
EWJV,iShares MSCI Japan Value ETF,ETF/Fund,US Listed,,USD,45.2599983215332,3,3,100.0,2.105661349063629,1.0867434356749934,-2.10349450703259,2026-06-15,14.0,16.0,14.106735979665885,79.75317917547612,54.72908397725518,148.69691667611352,60.449893552506076,54.89759945773033,54.89759945773033,86.0,100.0,85.89326402033412,85.78965095211373,Rapida,Alta,Estable,Rapido y rentable
DMXF,iShares ESG Advanced MSCI EAFE ETF,ETF/Fund,US Listed,,USD,84.36000061035156,3,3,100.0,1.9975986183222985,1.5408241714731752,-1.5789287957793254,2026-06-15,14.0,15.0,9.539392014169456,79.89235938534591,57.43053055115893,131.45559098969358,44.77829971789364,52.08024969197422,52.08024969197422,86.0,100.0,90.46060798583055,86.36668981619688,Rapida,Alta,Estable,Rapido y rentable
EPD,ENTERPRISE PRODUCTS PARTNERS L.P.,Stock,NYSE,4922,USD,38.790000915527344,6,6,100.0,1.6329522248671389,1.6691030775574918,-2.3164503213034835,2026-04-30,14.0,17.833333333333332,15.715173135115842,88.94953477905852,65.23636855303522,228.99452365604336,74.19243315982997,42.57339729117898,42.57339729117898,86.0,100.0,84.28482686488415,85.07567625459976,Rapida,Alta,Variable,Rapido y rentable
HD,"HOME DEPOT, INC.",Stock,NYSE,5211,USD,312.9700012207031,6,6,100.0,0.6439276235912584,0.6366115437544999,-1.816169710692386,2026-06-04,14.0,17.0,14.656056768449009,142.45345275301392,33.58106575909662,562.214333239445,219.18937493998635,16.788113043629238,16.788113043629238,86.0,100.0,85.343943231551,84.2455191083239,Rapida,Alta,Estable,Rapido defensivo
HODU,Direxion Daily HOOD Bull 2X ETF,ETF/Fund,US Listed,,USD,13.944000244140623,3,3,100.0,0.5217858643101635,0.4148020581418508,-6.253319890846975,2026-06-23,14.0,15.0,6.557438524302,138.00506259984053,159.1624941376418,247.6052931216329,121.56770464847494,13.603702890943548,13.603702890943548,86.0,100.0,93.442561475698,85.33817008566486,Rapida,Alta,Estable,Rapido defensivo
DGLO,First Trust RBA Deglobalization ETF,ETF/Fund,US Listed,,USD,23.60700035095215,3,3,100.0,0.21053326737541292,0.148928606617942,-0.19053765446373205,2026-06-25,14.0,13.333333333333334,12.013880860626733,197.75588166524744,46.07184782764326,536.2052840674461,293.6301644950001,5.488903042287552,5.488903042287552,86.0,100.0,87.98611913937327,84.2084511382814,Rapida,Alta,Estable,Rapido defensivo
QQEW,First Trust Nasdaq-100 Select Equal Weight ETF,ETF/Fund,US Listed,,USD,128.72000122070312,5,5,100.0,0.08823670892288356,0.0967765936335648,-0.747111552835027,2026-03-26,14.0,17.4,18.022208521710095,77.69122902390743,43.95996652224692,274.4374132371498,112.58839385994143,2.300457054060893,2.300457054060893,86.0,100.0,81.9777914782899,83.18490543066636,Rapida,Alta,Variable,Rapido defensivo
COWG,Pacer US Large Cap Cash Cows Growth Leaders ETF,ETF/Fund,US Listed,,USD,39.59999847412109,6,6,100.0,0.07149959386699245,0.05595805423894655,-0.8562192047871479,2026-06-04,14.0,16.5,15.782902141241324,53.50563554367199,32.78946527141878,173.99512992150034,65.86661976651295,1.864096554389446,1.864096554389446,86.0,100.0,84.21709785875868,83.5040642726808,Rapida,Alta,Variable,Rapido defensivo
FTGS,First Trust Growth Strength ETF,ETF/Fund,,,USD,35.972999572753906,4,4,100.0,0.043786775875662945,0.0413071627239011,-0.4396825567310658,2025-12-12,14.0,16.25,17.519037264263886,66.84214589646609,18.978201599752133,222.2317031243672,103.85791773000727,1.1415837996154983,1.1415837996154983,86.0,100.0,82.48096273573611,83.21593118623608,Rapida,Alta,Variable,Rapido defensivo
ADAM,"Adamas Trust, Inc. Common Stock",ETF/Fund,,,USD,8.9399995803833,6,6,100.0,3.082922118852307,3.0779528802283576,-1.643162444474733,2026-06-23,14.5,21.833333333333332,23.181170519770276,391.409719019186,89.67922568671963,1633.110163576488,626.9022753548885,77.60459126766152,77.60459126766152,85.5,100.0,76.81882948022972,85.25574654088678,Rapida,Alta,Variable,Rapido y rentable
WU,Western Union CO,Stock,NYSE,7389,USD,7.489999771118164,6,6,100.0,2.632725582565952,2.5996749761225226,-1.7373277607460806,2026-06-16,14.5,18.333333333333332,15.487629472151852,158.72504195308662,108.58594734341673,359.50103421539546,127.71990140385485,66.27205776803949,66.27205776803949,85.5,100.0,84.51237052784815,85.95958116174317,Rapida,Alta,Variable,Rapido y rentable
ATLCL,Atlanticus Holdings Corporation 6.125% Senior Notes due 2026,Note/Bond,,,USD,24.21999931335449,2,2,100.0,1.5861498229276287,1.5861498229276287,-1.5315986775018113,2025-04-15,14.5,14.5,0.7071067811865476,53.96365791987833,53.96365791987833,69.19507275380977,21.54047343227658,39.92721968059203,39.92721968059203,85.5,100.0,99.29289321881345,87.13008380574965,Rapida,Alta,Muy estable,Rapido y rentable
OFSSH,OFS Capital Corporation 4.95% Notes due 2028,Note/Bond,,,USD,22.440000534057617,2,2,100.0,1.3719838545530698,1.3719838545530698,-0.3309788604155798,2025-04-15,14.5,14.5,19.091883092036785,261.8015926030881,261.8015926030881,503.2168997884663,341.41280158602876,34.53614530426693,34.53614530426693,85.5,100.0,80.90811690796322,84.15820139074755,Rapida,Alta,Variable,Rapido y rentable
TRN,TRINITY INDUSTRIES INC,Stock,NYSE,3743,USD,34.650001525878906,6,6,100.0,1.0232961699054002,1.0761134046648142,-1.2059357231082406,2026-04-15,14.5,14.5,12.177848742696717,206.11668729670112,96.10261733476284,487.1870873818243,217.57815601824043,25.758834621756627,25.758834621756627,85.5,100.0,87.82215125730329,84.8466188585009,Rapida,Alta,Estable,Rapido y rentable
OVBC,OHIO VALLEY BANC CORP,Stock,Nasdaq,6022,USD,46.2599983215332,12,12,100.0,0.659596217317093,0.6234763754418111,-2.3586546955298444,2026-04-24,14.5,14.333333333333334,8.127767593909539,69.32320584340307,58.15511167686132,141.71691545579927,48.609424789232364,16.60362891867165,16.60362891867165,85.5,100.0,91.87223240609046,85.09043107823067,Rapida,Alta,Estable,Rapido defensivo
GFLW,VictoryShares Free Cash Flow Growth ETF,ETF/Fund,,,USD,26.448999404907227,2,2,100.0,0.01314945095485405,0.01314945095485405,-2.595661775156362,2025-07-10,14.5,14.5,0.7071067811865476,33.00289630816323,33.00289630816323,58.135056583058486,35.5422419124912,0.3310034205877054,0.3310034205877054,85.5,100.0,99.29289321881345,85.55708343377688,Rapida,Alta,Muy estable,Rapido defensivo
GDEN,NEW ROYAL HOLDCO I INC.,Stock,Nasdaq,7990,USD,28.549999237060547,6,6,100.0,2.371768474138579,0.9039956991010124,-1.9696001076488925,2026-05-01,15.0,19.333333333333332,19.27347054027029,629.7809071451254,50.50770442061242,3515.76191531746,1414.5052498871346,57.71303287070542,57.71303287070542,85.0,100.0,80.7265294597297,84.98074789309803,Rapida,Alta,Variable,Rapido y rentable
ENB,ENBRIDGE INC,Stock,NYSE,4610,USD,56.220001220703125,5,5,100.0,1.3972503782946415,1.4176006551968166,-2.7276895094714217,2026-05-15,15.0,21.0,27.15695122800054,163.44336943332638,42.57574959962043,593.8260037215191,245.62210433697769,33.99975920516961,33.99975920516961,85.0,100.0,72.84304877199946,82.82370769409457,Rapida,Alta,Variable,Rapido y rentable
WKC,WORLD KINECT CORP,Stock,NYSE,5172,USD,23.36000061035156,5,5,100.0,0.7492383534897948,0.7656967594717347,-0.5642864111327368,2026-03-30,15.0,24.8,29.346209295239483,83.86062181029394,63.24794302349089,236.09987881537003,89.44853273967993,18.23146660158501,18.23146660158501,85.0,100.0,70.65379070476052,81.84730695920388,Rapida,Alta,Variable,Rapido defensivo
FDIQ,Invesco Bloomberg Financial Data Providers ETF,ETF/Fund,US Listed,,USD,65.33000183105469,6,6,100.0,0.6243727166113375,0.654912503404095,-0.03081053760856702,2026-06-22,15.0,23.0,29.752310834622577,111.49506495728131,33.63599121165219,314.9767290233511,136.31716213510336,15.193069437542544,15.193069437542544,85.0,100.0,70.24768916537742,81.66152609141794,Rapida,Alta,Variable,Rapido defensivo
FAST,FASTENAL CO,Stock,Nasdaq,5200,USD,45.27999877929688,12,12,100.0,0.6219357556372584,0.5329835752191384,-1.4281121385584932,2026-04-28,15.0,21.5,16.978596151411555,68.52902997262929,33.11464800690278,237.64333978940107,81.69816033144113,15.133770053839955,15.133770053839955,85.0,100.0,83.02140384858845,83.57514633292553,Rapida,Alta,Variable,Rapido defensivo
STRRP,"Star Equity Holdings, Inc. 10% Series A Cumulative Perpetual Preferred Stock",Preferred,,,USD,9.899999618530272,4,4,100.0,1.9413175518186727,2.476218521814624,-0.5251303300656093,2026-06-01,15.5,26.25,32.65348373451139,281.3088688436665,49.661424007771025,1009.9508968843832,486.0858480809344,45.7148971879881,45.7148971879881,84.5,100.0,67.34651626548862,82.39329499164195,Rapida,Alta,Variable,Rapido y rentable
RGCO,RGC RESOURCES INC,Stock,Nasdaq,4923,USD,22.88999938964844,12,12,100.0,0.9711862934650831,0.9642744772615532,-1.843909124738679,2026-04-17,15.5,13.333333333333334,8.855746294030922,240.6622463928189,98.31261825513678,1011.3181598942456,364.14714488634706,22.86987078159712,22.86987078159712,84.5,100.0,91.14425370596908,84.99282434936043,Rapida,Alta,Estable,Rapido defensivo
FVCB,"FVCBankcorp, Inc.",Stock,Nasdaq,6022,USD,15.6899995803833,8,8,100.0,0.4419813947158534,0.4489756453612508,-0.6035478219807288,2026-04-27,15.5,18.5,17.17972226617349,71.44629551478454,65.66781913679381,138.81481961281847,51.32566299944598,10.407948972341064,10.407948972341064,84.5,100.0,82.82027773382652,83.21502305478982,Rapida,Alta,Variable,Rapido defensivo
VMC,Vulcan Materials CO,Stock,NYSE,1400,USD,262.0799865722656,6,6,100.0,0.18766418868449206,0.1847285215618243,-0.1336511329196193,2026-05-22,15.5,21.166666666666668,23.676289123649987,94.42281767442633,40.05862061179608,255.36062332200223,107.52418870702188,4.41918895934449,4.41918895934449,84.5,100.0,76.32371087635002,81.98622082013699,Rapida,Alta,Variable,Rapido defensivo
DYLD.DE,Glbl X DAX Covered Call ETF   R,ETF/Fund,Germany/Xetra,Europe,EUR,14.748000144958496,3,3,100.0,0.9721853300217148,0.9750474544791558,-1.1028658373824576,2026-06-04,16.0,16.0,11.0,47.76610361790474,22.857299391991955,106.81697169350068,51.347512463419925,22.17797784112037,22.17797784112037,84.0,100.0,89.0,84.52218533002171,Rapida,Alta,Estable,Rapido defensivo
TRST,TRUSTCO BANK CORP N Y,Stock,Nasdaq,6022,USD,52.65999984741211,12,12,100.0,0.9478724427240679,0.9017821099706068,-0.9209983489073416,2026-06-05,16.5,28.833333333333332,30.53115646600232,181.65441612345603,85.73806089259965,689.5607943413979,250.5778178487431,20.968087369350595,20.968087369350595,83.5,100.0,69.46884353399768,81.41819897282372,Rapida,Alta,Variable,Rapido defensivo
EMIF,iShares Emerging Markets Infrastructure ETF,ETF/Fund,US Listed,,USD,26.950000762939453,3,3,100.0,2.0332667021109434,2.0578619330384167,-1.7068372313835922,2026-06-15,17.0,18.666666666666668,16.56301099840646,129.62536203537928,55.93080597730907,300.10590823862765,148.09124233852668,43.65543213355849,43.65543213355849,83.0,100.0,83.43698900159353,84.44881505234999,Rapida,Alta,Variable,Rapido y rentable
VZ,VERIZON COMMUNICATIONS INC,Stock,NYSE,4813,USD,47.77999877929688,6,6,100.0,1.6317029291006027,1.6405547769537001,-1.9612337973683023,2026-04-10,17.0,17.333333333333332,11.343133018115704,164.76427112179599,61.19596810085545,602.5170392185395,224.1357982429502,35.03362171304235,35.03362171304235,83.0,100.0,88.65686698188429,84.83023297638324,Rapida,Alta,Estable,Rapido y rentable
GAINI,Gladstone Investment Corporation 7.875% Notes due 2030,Note/Bond,,,USD,25.56999969482422,3,3,100.0,1.617670512149755,1.9248631438178183,-0.9847227280502303,2026-04-15,17.0,14.0,9.848857801796104,78.09752980365035,42.820753824308376,156.9411757249754,68.40629935249248,34.73233746674474,34.73233746674474,83.0,100.0,90.1511421982039,85.04034184188035,Rapida,Alta,Estable,Rapido y rentable
GAINZ,Gladstone Investment Corporation 4.875% Notes due 2028,Note/Bond,,,USD,24.170000076293945,3,3,100.0,1.3040461870781577,1.3009713877345757,-0.7874435279392169,2026-04-15,17.0,22.666666666666668,17.21433511156714,33.09718511635288,27.06586608312602,59.8063907697701,24.262455265229708,27.998638722560443,27.998638722560443,83.0,100.0,82.78566488843286,83.62189592034309,Rapida,Alta,Variable,Rapido y rentable
PSMT,PRICESMART INC,Stock,Nasdaq,5331,USD,155.67999267578125,6,6,100.0,0.5671774664099535,0.5606478460455167,-2.8157045835079977,2026-02-17,17.0,18.666666666666668,7.711463328491335,53.8929954913991,54.247234665989154,73.78044418983923,17.94839300968284,12.177633837625471,12.177633837625471,83.0,100.0,92.28853667150867,84.31045796713626,Rapida,Alta,Estable,Rapido defensivo
RUSHB,"Rush Enterprises, Inc. Class B",Other Unmatched,,,USD,66.83999633789062,6,6,100.0,0.3231987207996181,0.3266004418041461,0.6486988731204342,2026-05-12,17.0,16.333333333333332,13.6772316887105,414.0642687870206,43.504788133164276,1930.0974454101768,760.8209126446517,6.939266652462388,6.939266652462388,83.0,100.0,86.32276831128951,83.17161396749306,Rapida,Alta,Estable,Rapido defensivo
CTVA,"Corteva, Inc.",Stock,NYSE,100,USD,78.27999877929688,6,6,100.0,0.24567537735004333,0.24136663762407484,-0.9823734308764142,2026-06-01,17.0,17.166666666666668,12.890565025113007,30.66874687910961,12.41287261287088,88.07528913280774,33.4187782103792,5.274794866633283,5.274794866633283,83.0,100.0,87.109434974887,83.2120906235831,Rapida,Alta,Estable,Rapido defensivo
REG,Regency Centers Corporation Common Stock,Other Unmatched,,,USD,80.69000244140625,6,6,100.0,0.9867346409520175,0.968053105154375,-0.8013383416003927,2026-06-12,17.5,20.833333333333332,20.331420675070067,127.15632422590882,37.61833906887049,432.8971740865152,169.9395130473416,20.580465368427795,20.580465368427795,82.5,100.0,79.66857932492994,82.68702153969151,Rapida,Alta,Variable,Rapido defensivo
NHPAP,"National Healthcare Properties, Inc. 7.375% Series A Cumulative Redeemable Perpetual Preferred Stock",Preferred,,,USD,19.190000534057617,6,6,100.0,2.746040401794573,2.6936422735469394,-3.373958486112606,2026-04-06,18.0,22.5,19.480759738778158,100.57670701777788,76.6074933656173,271.4847684946965,87.6170235797031,55.683597036389955,55.683597036389955,82.0,100.0,80.51924026122184,84.42392644097784,Rapida,Alta,Variable,Rapido y rentable
WSML,iShares MSCI World Small-Cap ETF,ETF/Fund,US Listed,,USD,35.099998474121094,3,3,100.0,1.1093874013969385,0.8265014604313716,-0.7970594592832628,2026-06-15,18.0,14.333333333333334,10.016652800877813,61.244980070019714,48.5443180625022,108.95640690960012,42.79860231727109,22.49591119499347,22.49591119499347,82.0,100.0,89.98334719912219,84.20688948126526,Rapida,Alta,Estable,Rapido defensivo
DLO,DLocal Limited Class A Common Shares,Other Unmatched,,,USD,11.729999542236328,2,2,100.0,3.10606547127204,3.10606547127204,-1.6926483911385488,2026-05-27,18.5,18.5,21.920310216782973,197.57207073254648,197.57207073254648,338.82675880651465,199.76429562298688,61.28183227104295,61.28183227104295,81.5,100.0,78.07968978321702,84.26801893875461,Rapida,Alta,Variable,Rapido y rentable
SBGI,"Sinclair, Inc.",Stock,Nasdaq,4833,USD,13.859999656677246,12,12,100.0,1.7084854957183175,1.7200597371464328,-2.621797443890353,2026-05-26,19.0,20.0,13.114877048604,141.64576688709252,131.56547659748082,273.88192176801584,107.70725608406723,32.82090557564136,32.82090557564136,81.0,100.0,86.885122951396,84.04125393842772,Rapida,Alta,Estable,Rapido y rentable
GSHD,"Goosehead Insurance, Inc.",Stock,Nasdaq,6411,USD,110.3499984741211,2,2,100.0,5.355686526254002,5.355686526254002,-3.652015256023748,2025-01-21,21.0,21.0,0.0,126.00606246081864,126.00606246081864,126.00606246081864,0.0,93.08693248012906,93.08693248012906,79.0,100.0,100.0,89.05568652625401,Rapida,Alta,Muy estable,Rapido y rentable
NTIC,NORTHERN TECHNOLOGIES INTERNATIONAL CORP,Stock,Nasdaq,3470,USD,9.109999656677246,10,10,100.0,0.21468252895783085,0.1303780951829127,-1.4519479632084935,2026-01-28,21.0,31.0,28.229220479653502,110.24880247874125,28.618539217049957,380.7041676011278,151.543697667326,3.7313868128384886,3.7313868128384886,79.0,100.0,71.7707795203465,79.68029945700981,Rapida,Alta,Variable,Rapido defensivo
RILYG,"BRC Group Holdings, Inc. 5.00% Senior Notes due 2026",Note/Bond,,,USD,10.359999656677246,2,2,100.0,2.841395779089823,2.841395779089823,0.23702891309090557,2025-04-15,22.0,22.0,29.698484809834994,799.370242153249,799.370242153249,1533.807672374798,1038.6513745337581,47.14133906217207,47.14133906217207,78.0,100.0,70.301515190165,81.78662305761458,Media,Alta,Variable,Rentable pero lento
LFMDP,"LifeMD, Inc. 8.875% Series A Cumulative Perpetual Preferred Stock",Preferred,,,USD,24.0,6,6,100.0,2.326088345405381,2.311197916666667,-2.898882415181458,2026-04-02,22.0,32.333333333333336,29.45278707807916,86.70680108803982,38.14722053411044,346.7525203701146,128.70654811414303,38.59192027604382,38.59192027604382,78.0,100.0,70.54721292192085,81.30817028369351,Media,Alta,Variable,Rentable pero lento
XP,XP Inc. Class A Common Stock,Other Unmatched,,,USD,15.640000343322754,2,2,100.0,1.1377250603911941,1.1377250603911941,-2.791560756400454,2026-06-10,22.0,22.0,28.284271247461902,133.10836387885368,133.10836387885368,245.04390590844525,158.300761649832,18.875893047399355,18.875893047399355,78.0,100.0,71.7157287525381,80.2950843732719,Media,Alta,Variable,Observacion
QTEC,First Trust NASDAQ-100-Technology Sector Index Fund,ETF/Fund,US Listed,,USD,317.57000732421875,2,2,100.0,0.007392213670738149,0.007392213670738149,-0.12850491842790257,2026-06-25,22.0,22.0,29.698484809834994,306.17913935171464,306.17913935171464,609.4545912247527,428.8962571736793,0.12264354499179202,0.12264354499179202,78.0,100.0,70.301515190165,78.9526194921955,Media,Alta,Variable,Observacion
SY7D.DE,Gl X EUR STOXX 50 COV.CALL ETFR,ETF/Fund,Germany/Xetra,Europe,EUR,14.91800022125244,3,3,100.0,0.9054793773453688,0.9598303105971824,-0.8685289424633219,2026-06-04,23.0,23.333333333333332,4.509249752822893,21.320753570395812,17.427215126050097,31.42765988598053,8.829358334356728,14.369564031785199,14.369564031785199,77.0,100.0,95.4907502471771,83.32909191442194,Media,Alta,Muy estable,Estable
QABA,First Trust NASDAQ ABA Community Bank Index Fund,ETF/Fund,US Listed,,USD,66.55999755859375,6,6,100.0,0.6071252678192544,0.5825676919364282,-0.18133160627771192,2026-06-25,23.5,27.666666666666668,29.104409746061965,196.84021364982254,48.44782218710498,782.6972412628543,303.6976940463156,9.429817989533099,9.429817989533099,76.5,100.0,70.89559025393804,79.19146380590996,Media,Alta,Variable,Observacion
ALL,ALLSTATE CORP,Stock,NYSE,6331,USD,206.08999633789065,6,6,100.0,0.49443430539625477,0.4944775599152804,-1.0539138911492072,2026-06-01,23.5,30.666666666666668,30.26989703759606,47.68001328676394,31.005716149544533,129.87914689381577,51.64553148734728,7.679511551899277,7.679511551899277,76.5,100.0,69.73010296240395,78.90394974975685,Media,Alta,Variable,Observacion
CNH,CNH Industrial N.V.,Stock,NYSE,3531,USD,10.460000038146973,2,2,100.0,1.396453815522663,1.396453815522663,-4.273899630516352,2026-05-21,25.0,25.0,25.45584412271571,52.35366513817735,52.35366513817735,79.7598374038698,38.75818051087563,20.388225706630877,20.388225706630877,75.0,100.0,74.54415587728428,80.0780771971153,Media,Alta,Variable,Observacion
SIG,SIGNET JEWELERS LTD,Stock,NYSE,5944,USD,90.0199966430664,4,4,100.0,0.4473627935161647,0.432927321192385,-0.24755578708261,2026-04-24,25.0,27.75,31.212978070027216,188.03041536809243,119.94315938770096,504.5298585525496,233.1439214289073,6.531496785336004,6.531496785336004,75.0,100.0,68.78702192997278,78.26541608301208,Media,Alta,Variable,Observacion
TFSL,TFS Financial CORP,Stock,Nasdaq,6035,USD,16.690000534057617,12,12,100.0,2.0229968952902655,2.071627694624504,-1.3711399020003412,2026-06-10,25.5,28.833333333333332,17.892778296047684,134.88615241661492,43.0323978161738,618.9035152468462,226.53763486609049,28.956622226703804,28.956622226703804,74.5,100.0,82.10722170395232,81.6890801508831,Media,Alta,Variable,Rentable pero lento
CODI,Compass Diversified Holdings,Stock,NYSE,2510,USD,16.729999542236328,2,2,100.0,1.3253291496296646,1.3253291496296646,-0.8848612278322909,2025-04-17,25.5,25.5,26.16295090390226,50.49350308803285,50.49350308803285,81.03499798352966,43.192196296360244,18.97039763195402,18.97039763195402,74.5,100.0,73.83704909609774,79.75088651404432,Media,Alta,Variable,Observacion
LMNR,Limoneira CO,Stock,Nasdaq,100,USD,12.420000076293944,8,8,100.0,0.4965940299712631,0.4777021574009098,-1.1737341760657694,2025-12-30,26.5,32.0,33.33809489800777,135.8907329966119,86.88072170716899,367.3516049755078,158.31153412354257,6.8398800354532465,6.8398800354532465,73.5,100.0,66.66190510199223,77.5458797952701,Media,Alta,Variable,Observacion
MCHB,Mechanics Bancorp,Stock,Nasdaq,6022,USD,14.960000038146973,6,6,100.0,2.918132014488027,2.7027026678716477,-4.877298750737533,2026-05-22,27.0,33.666666666666664,20.34371319761136,63.80342096012714,48.41092074020257,118.73881544342954,43.90201415325319,39.448821677338145,39.448821677338145,73.0,100.0,79.65628680238864,81.76657503484633,Media,Alta,Variable,Rentable pero lento
BHFAL,"Brighthouse Financial, Inc. 6.25% Junior Subordinated Debentures due 2058",Note/Bond,,,USD,17.260000228881836,2,2,100.0,2.0341435351665393,2.0341435351665393,-1.6942962396428807,2025-12-01,27.0,27.0,19.79898987322333,42.80876972101996,42.80876972101996,64.9539147348693,31.317964419304673,27.49860704947359,27.49860704947359,73.0,100.0,80.20101012677667,80.96429505418304,Media,Alta,Variable,Rentable pero lento
AWI,ARMSTRONG WORLD INDUSTRIES INC,Stock,NYSE,3089,USD,161.75999450683594,6,6,100.0,0.1926267054623679,0.20069009578171776,-0.8576148352796932,2026-05-11,27.5,29.333333333333332,30.004444115275103,207.9921819994871,64.19090734537876,652.7382578204489,279.56825986225886,2.556681727045974,2.556681727045974,72.5,100.0,69.9955558847249,77.4419600881711,Media,Alta,Variable,Observacion
SHEN,SHENANDOAH TELECOMMUNICATIONS CO/VA/,Stock,Nasdaq,4813,USD,11.260000228881836,2,2,100.0,0.9769093939967304,0.9769093939967304,-3.1971634372454365,2025-11-07,29.0,29.0,0.0,15.648894927352853,15.648894927352853,15.648894927352853,0.0,12.295583752027813,12.295583752027813,71.0,100.0,100.0,82.27690939399673,Media,Alta,Muy estable,Estable
FTAIM,FTAI Aviation Ltd. 9.500% Fixed-Rate Reset Series D Cumulative Perpetual Redeemable Preferred Shares,Preferred,,,USD,27.35300064086914,6,6,100.0,2.199149535057781,2.2013990872037184,-1.4188082529389565,2026-06-01,29.5,39.5,26.96479185901497,31.0664791980021,32.461347576550054,50.71759433242696,16.677471614050013,27.209816281223393,27.209816281223393,70.5,100.0,73.03520814098503,79.30443075620555,Media,Alta,Variable,Rentable pero lento
SSSS,SURO CAPITAL CORP.,Stock,Nasdaq,0,USD,8.960000038146973,4,4,100.0,2.796434559268657,2.796434559268657,-1.2314283247602351,2025-11-21,30.0,30.0,30.022213997860543,174.6834312109374,174.6834312109374,305.5247465179445,151.08253722725047,34.02328713776866,34.02328713776866,70.0,100.0,69.97778600213945,79.29310245958958,Media,Alta,Variable,Rentable pero lento
ARHS,"Arhaus, Inc.",Stock,Nasdaq,5712,USD,7.449999809265137,2,2,100.0,4.69798669745904,4.69798669745904,-4.429529290667266,2026-03-18,31.0,31.0,0.0,109.04960473801437,109.04960473801437,109.04960473801437,0.0,55.31500466363063,55.31500466363063,69.0,100.0,100.0,85.39798669745905,Media,Alta,Muy estable,Estable
UAN,"CVR PARTNERS, LP",Stock,NYSE,2870,USD,126.2300033569336,6,6,100.0,2.763017832940544,2.9468400019277086,-0.6695102716604998,2026-05-11,32.0,35.5,35.14967994164385,332.88803532391375,85.93803254364916,959.9935485894748,434.98918105156446,31.51567215697808,31.51567215697808,68.0,100.0,64.85032005835615,77.89056584169397,Media,Alta,Muy variable,Rentable pero lento
QALT,SEI DBi Multi-Strategy Alternative ETF,ETF/Fund,US Listed,,USD,25.375,3,3,100.0,1.8592543726432496,2.3902307952256088,-1.9319538724878873,2026-04-06,32.0,35.333333333333336,15.275252316519468,21.469206589981482,18.890040805330997,33.88160659317596,11.344872524201373,21.207120187962065,21.207120187962065,68.0,100.0,84.72474768348053,79.96796652516534,Media,Alta,Variable,Observacion
OPRA,Opera Limited American Depositary Shares,Preferred,,,USD,14.65999984741211,3,3,100.0,2.275276975197143,2.051282051282051,-1.4907190554191914,2026-01-07,33.0,29.0,24.24871130596428,156.8950625555156,56.14182975803806,380.59771937182825,194.04980475690118,25.165942301422948,25.165942301422948,67.0,100.0,75.75128869403572,78.7379702793025,Media,Alta,Variable,Rentable pero lento
IGF,iShares Global Infrastructure ETF,ETF/Fund,US Listed,,USD,67.30000305175781,3,3,100.0,1.5470625431408214,1.598782708658027,-1.7085718841611952,2026-06-15,37.0,30.0,14.798648586948742,24.609924738758185,18.94020396203758,39.78740300999439,13.28343014688492,15.261562925578373,15.261562925578373,63.0,100.0,85.20135141305126,78.22726525509852,Media,Alta,Estable,Estable
AFL,AFLAC INC,Stock,NYSE,6321,USD,118.41000366210938,6,6,100.0,0.5351144734955701,0.5355592527751247,-0.9101354647805814,2026-05-20,38.5,31.666666666666668,25.484635894331838,143.50272645706508,7.795565841621457,542.9420741303925,226.20963938338969,5.073163190282678,5.073163190282678,61.5,100.0,74.51536410566817,75.16241908934579,Media,Alta,Variable,Observacion
RILYZ,"BRC Group Holdings, Inc. 5.25% Senior Notes due 2028",Note/Bond,,,USD,7.110000133514404,2,2,100.0,4.182489408145841,4.182489408145841,-3.210651561911867,2025-04-15,40.0,40.0,55.154328932550705,939.4416187462862,939.4416187462862,1848.463330950056,1285.5508338901834,38.1652158493308,38.1652158493308,60.0,100.0,44.845671067449295,73.90934006826323,Media,Alta,Muy variable,Rentable pero lento
ORMP,ORAMED PHARMACEUTICALS INC.,Stock,Nasdaq,2834,USD,3.690000057220459,2,2,100.0,6.775067645617214,6.775067645617214,-0.2710024473763683,2026-01-16,41.0,41.0,0.0,69.96495765414099,69.96495765414099,69.96495765414099,0.0,60.31462660122642,60.31462660122642,59.0,100.0,100.0,84.47506764561722,Media,Alta,Muy estable,Estable
AOMR,"Angel Oak Mortgage REIT, Inc.",Stock,NYSE,6500,USD,8.449999809265137,6,6,100.0,3.4370666034125636,3.425563559151821,-4.381202567078779,2026-05-22,41.5,46.333333333333336,32.84306116467627,51.307716594428655,48.64182503924433,93.84540855640608,33.97076184056524,30.22962193362857,30.22962193362857,58.5,100.0,67.15693883532373,76.06060742871112,Media,Alta,Variable,Rentable pero lento
IMOS,ChipMOS TECHNOLOGIES INC. American Depositary Shares,Preferred,,,USD,60.540000915527344,2,2,100.0,2.789853160411832,2.789853160411832,-4.38847882785854,2026-06-29,46.0,46.0,59.39696961966999,349.2755967463838,349.2755967463838,677.153832604231,463.68984795713186,22.136878338050405,22.136878338050405,54.0,100.0,40.60303038033001,70.08030771746134,Media,Alta,Muy variable,Observacion
DSWL,"Deswell Industries, Inc. Common Shares",Other Unmatched,,,USD,3.75,2,2,100.0,3.051546341073744,3.051546341073744,-3.3182139397849277,2025-12-02,52.0,52.0,46.66904755831214,124.55348137299578,124.55348137299578,237.6559823538347,159.95109082541867,21.419507970998396,21.419507970998396,48.0,100.0,53.33095244168786,70.45118920732692,Media,Alta,Muy variable,Observacion
JEPI.MI,JPM US Equity Premium Income Ac,ETF/Fund,Borsa Italiana,Europe,EUR,21.030000686645508,2,2,100.0,0.72712713981435,0.72712713981435,-0.5345199260376079,2026-05-21,52.5,52.5,34.64823227814083,8.34850148639875,8.34850148639875,12.424987234705933,5.7650214320766535,5.055264876804528,5.055264876804528,47.5,100.0,65.35176772185918,69.77989229809323,Media,Alta,Variable,Observacion
ASTL,Algoma Steel Group Inc. Common Shares,Other Unmatched,,,USD,6.260000228881836,2,2,100.0,0.7955575248260212,0.7955575248260212,-3.0250182124803855,2025-05-13,56.5,56.5,37.476659402887016,15.420815751313672,15.420815751313672,25.266224929614477,13.923511187065548,5.139442417017659,5.139442417017659,43.5,100.0,62.523340597112984,68.22405861439297,Media,Alta,Muy variable,Observacion
WILC,"G. Willi-Food International,  Ltd. Ordinary Shares",Other Unmatched,,,USD,28.700000762939453,3,3,100.0,2.4213664006934135,1.9047619706674856,-2.9484147053218366,2026-04-13,60.0,49.0,37.72267222772003,93.21333192540334,21.79253058217864,247.0878197403116,133.37334680808496,14.7299789375516,14.7299789375516,40.0,100.0,62.27732777227997,68.76296556653541,Media,Alta,Muy variable,Observacion
GAIN,GLADSTONE INVESTMENT CORPORATION\DE,Stock,Nasdaq,0,USD,14.760000228881836,38,36,94.73684210526315,0.7196493493898685,0.5698005713487299,-0.8312337019497863,2026-06-23,5.0,10.722222222222221,16.205133421430048,122.1016856225309,65.30173724425872,494.579655129146,129.87430653946802,49.76943395254143,49.76943395254143,95.0,94.73684210526315,83.79486657856995,84.42045828354377,Muy rapida,Alta,Variable,Rapido y rentable
USVM,VictoryShares US Small Mid Cap Value Momentum ETF,ETF/Fund,US Listed,,USD,104.64600372314452,18,17,94.44444444444444,0.15172744583532866,0.14118633605633774,-0.19004898878696527,2026-06-09,1.0,5.588235294117647,7.306322805705785,182.20881437933528,166.16615001270077,524.633560324646,181.14857905660904,52.303822300456346,52.303822300456346,99.0,94.44444444444444,92.69367719429421,86.25577902497947,Muy rapida,Alta,Estable,Rapido y rentable
FCVT,First Trust SSI Strategic Convertible Securities ETF,ETF/Fund,US Listed,,USD,53.0009994506836,18,17,94.44444444444444,0.1541531128716704,0.1193690009665305,-0.2996075095580429,2026-06-25,2.0,7.529411764705882,10.118779861344596,169.80392994589576,55.09917862327386,788.1375995499312,238.18381865810844,26.570001815797635,26.570001815797635,98.0,94.44444444444444,89.88122013865541,85.53633613366999,Muy rapida,Alta,Estable,Rapido y rentable
OCCIM,"OFS Credit Company, Inc. 7.875% Series F Term Preferred Stock",Preferred,,,USD,25.350000381469727,18,17,94.44444444444444,0.6555408316615821,0.6545484201311622,-0.19098831559087262,2026-06-15,3.0,5.411764705882353,6.03177858854057,177.26854916112032,114.47705563076975,593.8420745357349,172.85164774902648,75.32649741592809,75.32649741592809,97.0,94.44444444444444,93.96822141145942,86.3507740433805,Muy rapida,Alta,Estable,Rapido y rentable
EGGQ,NestYield Visionary ETF,ETF/Fund,US Listed,,USD,59.99700164794922,18,17,94.44444444444444,0.5762921045457543,0.5056229806743762,-0.541634532276015,2026-06-29,3.0,16.764705882352942,25.75735189165587,270.484242130712,143.04847151576735,1196.6369144017087,320.9674763805141,66.22023164271121,66.22023164271121,97.0,94.44444444444444,74.24264810834413,83.31268932079738,Muy rapida,Alta,Variable,Rapido y rentable
LAND,Gladstone Land Corporation Common Stock,Other Unmatched,,,USD,8.59000015258789,18,17,94.44444444444444,0.47543861360326367,0.47899904878236976,-0.4001796630098209,2026-06-23,3.0,7.411764705882353,13.942107191568155,238.29368689370835,154.43537951451333,878.2938645547129,259.22695515769254,54.631418470523165,54.631418470523165,97.0,94.44444444444444,86.05789280843184,84.98412253486804,Muy rapida,Alta,Estable,Rapido y rentable
PECO,"Phillips Edison & Company, Inc. Common Stock",Other Unmatched,,,USD,41.97999954223633,18,17,94.44444444444444,0.2919998137433829,0.2889360107148894,-0.20971386286175703,2026-06-15,3.0,4.294117647058823,3.9332668655068543,148.7864357748262,89.20509194841514,500.8701038694571,140.9996404497991,33.55294156069798,33.55294156069798,97.0,94.44444444444444,96.06673313449315,86.30200978391736,Muy rapida,Alta,Muy estable,Rapido y rentable
GOOD,GLADSTONE COMMERCIAL CORP,Stock,Nasdaq,6519,USD,11.949999809265137,36,34,94.44444444444444,0.7766047867949363,0.7872410613024583,-0.5035160855650065,2026-06-23,4.0,8.882352941176471,13.118953916820416,272.35934545094096,124.78629427208983,1259.6305912696553,339.47412248814555,66.92823197309139,66.92823197309139,96.0,94.44444444444444,86.88104608317958,85.10876169927187,Muy rapida,Alta,Estable,Rapido y rentable
KBWY,Invesco KBW Premium Yield Equity REIT ETF,ETF/Fund,US Listed,,USD,17.969999313354492,18,17,94.44444444444444,0.7709143379611865,0.7775053924569328,-0.5060116007787921,2026-06-22,4.0,8.764705882352942,11.546262445942766,111.25634052992129,119.29616644984694,211.4672773446231,63.294830072086704,66.43782593123836,66.43782593123836,96.0,94.44444444444444,88.45373755405723,85.33897497106977,Muy rapida,Alta,Estable,Rapido y rentable
OCCIN,"OFS Credit Company, Inc. 5.25% Series E Term Preferred Stock Due 2026",Preferred,,,USD,24.78300094604492,18,17,94.44444444444444,0.448427250171106,0.44766193249595326,-0.20815665881511852,2026-06-15,4.0,8.882352941176471,9.299746992130865,67.1794053698715,47.860639292844425,260.47502075758933,71.55782781356362,38.64570954599601,38.64570954599601,96.0,94.44444444444444,90.70025300786914,85.35346520135147,Muy rapida,Alta,Estable,Rapido y rentable
DIVD,Altrius Global Dividend ETF,ETF/Fund,US Listed,,USD,42.77199935913086,18,17,94.44444444444444,0.25923913243961133,0.20137784925717625,-0.1621726147666728,2026-06-29,4.0,8.0,12.000000000000002,126.60673054245319,85.42176488577998,414.0824046596317,120.48554875425747,22.34137245538595,22.34137245538595,96.0,94.44444444444444,88.0,84.75923913243962,Muy rapida,Alta,Estable,Rapido defensivo
VSDA,VictoryShares Dividend Accelerator ETF,ETF/Fund,US Listed,,USD,55.494998931884766,18,17,94.44444444444444,0.20726813383292964,0.20487793933067328,-0.06416009683737844,2026-06-09,4.0,9.470588235294118,17.713404694816663,174.27680413759177,56.6628360736628,591.8604950171248,194.5627444910418,17.862482922685114,17.862482922685114,96.0,94.44444444444444,82.28659530518334,83.85025742961042,Muy rapida,Alta,Variable,Rapido defensivo
LANDO,Gladstone Land Corporation 6.00% Series B Cumulative Redeemable Preferred Stock,Preferred,,,USD,20.2549991607666,18,17,94.44444444444444,0.6234438451500312,0.622975691378206,-0.45168608022886364,2026-06-23,5.0,14.823529411764707,18.835588967821153,131.0760927198699,75.73871210715829,384.3090641579399,142.53459789907052,42.98298954617715,42.98298954617715,95.0,94.44444444444444,81.16441103217885,83.79810549997686,Muy rapida,Alta,Variable,Rapido y rentable
GOVI,Invesco Equal Weight 0-30 Year Treasury ETF,ETF/Fund,US Listed,,USD,27.25,18,17,94.44444444444444,0.3132288529259558,0.3135287703923342,-0.3679335177174385,2026-06-22,5.0,6.588235294117647,4.374054519684965,37.26290005462197,33.49728138774907,113.27479326136717,25.802125413469582,21.595389248950617,21.595389248950617,95.0,94.44444444444444,95.62594548031504,85.65712067497321,Muy rapida,Alta,Muy estable,Rapido defensivo
CSB,VictoryShares US Small Cap High Div Volatility Wtd ETF,ETF/Fund,US Listed,,USD,63.54999923706055,18,17,94.44444444444444,0.26677174192450015,0.2373977072931921,-0.32701824421742376,2026-06-09,5.0,8.294117647058824,12.128297004744487,178.6408251536927,61.18059309136598,675.6291199355751,208.29325415127417,18.392429540461368,18.392429540461368,95.0,94.44444444444444,87.87170299525552,84.44752719121283,Muy rapida,Alta,Estable,Rapido defensivo
FEMB,First Trust Emerging Markets Local Currency Bond ETF,ETF/Fund,US Listed,,USD,29.26000022888184,18,17,94.44444444444444,0.5063427197173955,0.4948869075254328,-0.5404344463844406,2026-06-25,6.0,9.470588235294118,11.14179993907416,86.59884249720942,42.55759319233656,246.62027923273035,84.70308135521395,29.091264591170734,29.091264591170734,94.0,94.44444444444444,88.85820006092584,84.53507272885628,Muy rapida,Alta,Estable,Rapido y rentable
MFLX,First Trust Flexible Municipal High Income ETF,ETF/Fund,US Listed,,USD,17.424999237060547,18,17,94.44444444444444,0.34571076111444965,0.3473126983152125,-0.38312000424537157,2026-06-25,6.0,10.882352941176471,11.140479976986946,58.10477629351901,29.75553663819888,369.39945868079377,89.62550799140324,19.862363636251484,19.862363636251484,94.0,94.44444444444444,88.85952002301306,84.37463876456641,Muy rapida,Alta,Estable,Rapido defensivo
UCRD,VictoryShares Corporate Bond ETF,ETF/Fund,US Listed,,USD,21.405000686645508,18,17,94.44444444444444,0.3273447935465079,0.33968867106232903,-0.3990821698932599,2026-06-09,6.0,12.411764705882353,14.504563176503334,32.70222750817253,13.696558762482356,140.58595235373193,37.41861359258174,18.807170777371123,18.807170777371123,94.0,94.44444444444444,85.49543682349666,83.85166031707101,Muy rapida,Alta,Estable,Rapido defensivo
OXLCN,Oxford Lane Capital Corp. 7.125% Series 2029 Term Preferred Stock,Preferred,,,USD,24.93000030517578,18,17,94.44444444444444,0.6081927111041724,0.6087246694814277,-0.2294964697403518,2026-06-16,7.0,20.294117647058822,27.43119735329273,91.70627238432368,39.30830944274328,392.2337694783592,113.20960857454311,29.951077558741186,29.951077558741186,93.0,94.44444444444444,72.56880264670727,81.89351310811027,Muy rapida,Alta,Variable,Rapido y rentable
FMB,First Trust Managed Municipal ETF,ETF/Fund,US Listed,,USD,51.459999084472656,18,17,94.44444444444444,0.290674958761005,0.2883119671654296,-0.3318138622905153,2026-06-25,7.0,15.588235294117647,17.15028725535454,22.89245020107697,21.69254467140553,85.4775509086513,20.060906980684553,14.314588246920922,14.314588246920922,93.0,94.44444444444444,82.84971274464546,83.11813187045783,Muy rapida,Alta,Variable,Rapido defensivo
FCAL,First Trust California Municipal High income ETF,ETF/Fund,US Listed,,USD,49.650001525878906,18,17,94.44444444444444,0.2770739978968245,0.2762958571508048,-0.3272817916396582,2026-06-25,7.0,17.58823529411765,20.84483995959615,22.835975916105667,17.158431110224907,120.1395107701222,27.269961850227155,13.644794896426953,13.644794896426953,93.0,94.44444444444444,79.15516004040384,82.5503480039574,Muy rapida,Alta,Variable,Rapido defensivo
GOODN,Gladstone Commercial Corporation 6.625% Series E Cumulative Redeemable Preferred Stock,Preferred,,,USD,22.280000686645508,18,17,94.44444444444444,0.6101583269661446,0.6103749740664866,-0.636256346983937,2026-06-23,8.0,14.352941176470589,18.241234800824845,93.11664416947167,47.74473308686756,540.6528510668097,130.3076382936349,26.29189179739533,26.29189179739533,92.0,94.44444444444444,81.75876519917516,82.97397310684241,Rapida,Alta,Variable,Rapido y rentable
AGZD,WisdomTree Interest Rate Hedged U.S. Aggregate Bond Fund,ETF/Fund,US Listed,,USD,22.6299991607666,18,17,94.44444444444444,0.33659725654671685,0.3340017511297216,-0.26407991160544747,2026-06-25,8.0,16.764705882352942,19.80381721968238,33.968635137656555,15.215095752888352,263.65676369517246,61.05770934189232,14.504069283835959,14.504069283835959,92.0,94.44444444444444,80.19618278031763,82.46602467359435,Rapida,Alta,Variable,Rapido defensivo
UITB,VictoryShares Core Intermediate Bond ETF,ETF/Fund,US Listed,,USD,46.57500076293945,18,17,94.44444444444444,0.32730760024092453,0.339199570601298,-0.36474111793640657,2026-06-09,9.0,18.058823529411764,18.41354999801537,22.42547284362375,11.77819156095396,83.70086063882533,23.029555020746084,12.536689256141583,12.536689256141583,91.0,94.44444444444444,81.58645000198463,82.36527510053862,Rapida,Alta,Variable,Rapido defensivo
BSSX,Invesco BulletShares 2033 Municipal Bond ETF,ETF/Fund,US Listed,,USD,25.79800033569336,18,17,94.44444444444444,0.2760608397936426,0.27710490203616867,-0.34226587066376923,2026-06-22,12.0,17.470588235294116,19.190224226995184,18.798987658735122,12.722024073412078,51.33865933259724,15.261573035924203,7.930358846849778,7.930358846849778,88.0,94.44444444444444,80.80977577300482,81.29752720574437,Rapida,Alta,Variable,Rapido defensivo
FTHI,First Trust BuyWrite Income ETF,ETF/Fund,US Listed,,USD,23.799999237060547,18,17,94.44444444444444,0.7421945425654735,0.7394622595948519,-0.7614037636612808,2026-06-25,13.0,12.823529411764707,16.17187100383582,131.85240915673432,49.62846373278026,822.7590749489547,201.57092821127512,19.680842464182746,19.680842464182746,87.0,94.44444444444444,83.82812899616418,81.91641389199009,Rapida,Alta,Variable,Rapido defensivo
FXA,Invesco CurrencyShares Australian Dollar Trust,Stock,NYSE,6221,USD,71.20999908447266,17,16,94.11764705882352,0.09981977208525122,0.0974230053341025,-0.09031783677657101,2026-06-01,3.5,9.1875,16.53770943429994,58.14470053358094,41.24118686688216,167.47302630175048,52.883699158862605,9.797436453409532,9.797436453409532,96.5,94.11764705882352,83.46229056570006,83.92210453341085,Muy rapida,Alta,Variable,Rapido defensivo
CGO,Calamos Global Total Return Fund Common Stock,ETF/Fund,,,USD,13.289999961853027,17,16,94.11764705882352,0.6844426366558781,0.6866953014552334,-0.33825507451346076,2026-06-12,5.0,8.8125,13.372702294849258,217.56984530193398,71.95598553188759,1141.815388146435,300.1025242981641,47.025235271415625,47.025235271415625,95.0,94.11764705882352,86.62729770515074,84.53147846889907,Muy rapida,Alta,Estable,Rapido y rentable
EFC,Ellington Financial Inc.,Stock,NYSE,6500,USD,13.59000015258789,17,16,94.11764705882352,0.9898203901657356,0.9826153023284648,-0.4448813103832241,2026-05-29,6.5,12.375,14.481597517769464,342.4539339201337,72.44213482018813,3238.346341665937,797.3506775015454,52.31267944405336,52.31267944405336,93.5,94.11764705882352,85.51840248223054,84.2205219389709,Muy rapida,Alta,Estable,Rapido y rentable
FMUB,Fidelity Municipal Bond Opportunities ETF,ETF/Fund,US Listed,,USD,51.47499847412109,16,15,93.75,0.26790985322777283,0.2755698111798518,-0.19383569104586854,2026-06-29,5.0,13.8,19.893286735551197,30.44501815904636,21.219285682497016,94.4989477561609,28.182982124289847,18.335080580275704,18.335080580275704,95.0,93.75,80.1067132644488,82.9714168428951,Muy rapida,Alta,Variable,Rapido defensivo
VBIL,Vanguard 0-3 Month Treasury Bill ETF,ETF/Fund,US Listed,,USD,75.68000030517578,16,15,93.75,0.3005360928978794,0.3014951065806858,-0.28152275976610275,2026-07-01,29.0,36.46666666666667,18.810584659656257,3.7040095013153005,3.889695466233533,6.193501287127905,1.2153627060256702,3.546196354775625,3.546196354775625,71.0,93.75,81.18941534034374,75.96644839394945,Media,Alta,Variable,Observacion
SOLZ,Solana ETF,ETF/Fund,US Listed,,USD,7.407000064849853,15,14,93.33333333333333,0.15770341166673357,0.1613351864768187,-1.2804228279452847,2026-06-17,6.5,13.928571428571429,18.751263693679157,502.18174513752666,355.1531174759286,1596.6617324335373,496.8500878660451,8.265276242225728,8.265276242225728,93.5,93.33333333333333,81.24873630632084,82.39501385761486,Muy rapida,Alta,Variable,Rapido defensivo
SOLT,2x Solana ETF,ETF/Fund,US Listed,,USD,33.15999984741211,15,14,93.33333333333333,0.03267265906125312,0.0037152443783506,-2.3055685715708742,2026-06-17,6.5,13.928571428571429,18.751263693679157,953.190784700712,612.3756231584852,3215.4831176741864,1018.0286141943665,1.7123824390051636,1.7123824390051636,93.5,93.33333333333333,81.24873630632084,82.26998310500937,Muy rapida,Alta,Variable,Rapido defensivo
ANDE,"Andersons, Inc.",Stock,Nasdaq,5150,USD,68.4000015258789,13,12,92.3076923076923,0.42413699904891417,0.4542278094894171,0.6236371725546938,2026-07-01,1.0,3.0,3.015113445777636,503.13877447684354,551.8767562983728,1186.8707482993195,388.85520073699405,142.90154275648032,142.90154275648032,99.0,92.3076923076923,96.98488655422237,86.2103315206438,Muy rapida,Alta,Muy estable,Rapido y rentable
PLPC,PREFORMED LINE PRODUCTS CO,Stock,Nasdaq,1623,USD,410.55999755859375,13,12,92.3076923076923,0.11228183866965016,0.1019627867567242,2.572285675659494,2026-07-01,1.0,1.3333333333333333,0.7784989441615229,924.2330721703885,703.0159241289425,2814.849455631781,928.2076166368644,37.83034256715906,37.83034256715906,99.0,92.3076923076923,99.22150105583847,86.23396853550695,Muy rapida,Alta,Muy estable,Rapido y rentable
CWCO,Consolidated Water Co. Ltd.,Stock,Nasdaq,4941,USD,29.5,13,12,92.3076923076923,0.42983461166460385,0.4248744789232445,-0.5527555339834664,2026-07-01,4.5,11.666666666666666,15.417424223811501,305.28274264679226,119.77314607029433,936.208159207824,347.81049524980443,32.182488873349826,32.182488873349826,95.5,92.3076923076923,84.58257577618849,83.30568251655441,Muy rapida,Alta,Variable,Rapido y rentable
GGAL,Grupo Financiero Galicia S.A. American Depositary Shares,Preferred,,,USD,41.959999084472656,12,11,91.66666666666666,0.43667146154692077,0.35911309479907283,-0.2768772039020286,2026-05-11,7.0,7.2727272727272725,5.587323314269706,317.8751301650475,128.4503955829196,1360.8602745098042,417.26777622527953,20.87185616798675,20.87185616798675,93.0,91.66666666666666,94.41267668573029,83.74857296440646,Muy rapida,Alta,Estable,Rapido defensivo
STRC,Strategy Inc Variable Rate Series A Perpetual Stretch Preferred Stock,Preferred,,,USD,83.66999816894531,12,11,91.66666666666666,0.8867611106246174,0.9102713150097016,-0.35934816905118977,2026-06-30,19.0,20.818181818181817,16.3940122106712,100.16663123980896,19.073751129183115,728.1543388863216,213.72794819284007,15.61555201385017,15.61555201385017,81.0,91.66666666666666,83.6059877893288,78.97765927902394,Rapida,Alta,Variable,Rapido defensivo
CPHC,Canterbury Park Holding Corp,Stock,Nasdaq,7948,USD,16.270000457763672,11,10,90.9090909090909,0.4209279231659762,0.4250151968327125,0.2929379166167467,2026-06-30,3.0,3.2,2.3475755815545347,388.4519946247975,149.83556400203702,844.9067691891795,379.330215295563,46.557179380479184,46.557179380479184,97.0,90.9090909090909,97.65242441844546,85.0778824950237,Muy rapida,Alta,Muy estable,Rapido y rentable
STLD,STEEL DYNAMICS INC,Stock,Nasdaq,3312,USD,234.22000122070312,11,10,90.9090909090909,0.3378976262449707,0.3600230288167846,0.3086882280795964,2026-06-30,3.0,2.6,1.577621275493231,574.5887835182824,275.9544433750401,1859.2097265409664,682.5623350446909,37.37352532709524,37.37352532709524,97.0,90.9090909090909,98.42237872450677,85.11034534401188,Muy rapida,Alta,Muy estable,Rapido y rentable
XRX,Xerox Holdings Corp,Stock,Nasdaq,3577,USD,3.1700000762939453,11,10,90.9090909090909,1.2600976139296536,1.0080645083760869,-1.8768198597125902,2026-06-30,4.0,10.2,15.310127367203709,422.97918245013295,242.68617082830733,998.0466253618888,373.2162113199153,104.53082479189172,104.53082479189172,96.0,90.9090909090909,84.6898726327963,83.67266941794001,Muy rapida,Alta,Variable,Rapido y rentable
MDLZ,"Mondelez International, Inc.",Stock,Nasdaq,2000,USD,60.150001525878906,11,10,90.9090909090909,0.7949150075310314,0.7983394403206368,-0.96736890389127,2026-06-30,4.0,5.2,3.0840089349921005,148.26344321451805,107.7963149980014,303.04880674529585,104.10510637591285,65.94181312473329,65.94181312473329,96.0,90.9090909090909,96.9159910650079,85.04140457637313,Muy rapida,Alta,Muy estable,Rapido y rentable
INDB,INDEPENDENT BANK CORP,Stock,Nasdaq,6022,USD,85.19000244140625,11,10,90.9090909090909,0.8573257871061177,0.8680319691587458,-1.2285897086877489,2026-06-29,13.0,25.2,24.270695636233146,138.1960369432692,41.18035179353313,329.8358711990841,137.8372839126618,21.88279106949182,21.88279106949182,87.0,90.9090909090909,75.72930436376686,79.22581235076206,Rapida,Alta,Variable,Rapido defensivo
SWBI,"SMITH & WESSON BRANDS, INC.",Stock,Nasdaq,3480,USD,15.039999961853027,11,10,90.9090909090909,1.227513008156421,1.3184584637582952,-1.3857512081604482,2026-07-01,22.0,35.0,36.04318397576873,360.99902559854155,36.85072044437144,941.2595455386656,431.4360257218463,18.5141424783923,18.5141424783923,78.0,90.9090909090909,63.95681602423127,75.13012632088203,Media,Alta,Muy variable,Observacion
IQQQ,ProShares Nasdaq-100 High Income ETF,ETF/Fund,US Listed,,USD,50.80099868774414,18,16,88.88888888888889,0.8471370793277847,0.55151745392762,-0.804311614098563,2026-07-01,3.5,6.875,11.592382556374394,121.52343320825844,87.03075933596097,393.8300556968474,110.03941128234447,78.52826259165495,78.52826259165495,96.5,88.88888888888889,88.40761744362561,83.05827969587162,Muy rapida,Media-alta,Estable,Rapido y rentable
DGRS,WisdomTree U.S. SmallCap Quality Dividend Growth Fund,ETF/Fund,US Listed,,USD,58.77999877929688,18,16,88.88888888888889,0.20505070015302762,0.1403813379853372,-0.0502841732952789,2026-06-25,3.5,9.125,12.208603523745047,105.84867698081308,54.63659331714001,397.41381042446847,110.50932480396202,19.00787442688383,19.00787442688383,96.5,88.88888888888889,87.79139647625496,82.32376017159127,Muy rapida,Media-alta,Estable,Rapido defensivo
UTWY,US Treasury 20 Year Bond ETF,ETF/Fund,US Listed,,USD,43.22499847412109,18,16,88.88888888888889,0.3809379648178904,0.3814791207494184,-0.18760008527969063,2026-06-29,4.0,16.8125,23.238527635516554,96.18262835567339,54.25921373578123,480.7985960613842,125.41912647916321,30.898301590784442,30.898301590784442,96.0,88.88888888888889,76.76147236448344,80.6951588194904,Muy rapida,Media-alta,Variable,Rapido y rentable
UTHY,US Treasury 30 Year Bond ETF,ETF/Fund,US Listed,,USD,41.24700164794922,18,16,88.88888888888889,0.3762009971610569,0.3802583224335172,-0.18566532645949063,2026-06-29,4.0,18.875,25.891761881597272,104.04027508047172,50.106457136888594,483.3203098875866,133.78571024529765,30.514080880841284,30.514080880841284,96.0,88.88888888888889,74.10823811840272,80.29243671492146,Muy rapida,Media-alta,Variable,Rapido y rentable
USIN,WisdomTree 7-10 Year Laddered Treasury Fund,ETF/Fund,US Listed,,USD,49.85499954223633,18,16,88.88888888888889,0.3239700804208211,0.32691204320026945,-0.27689706474857423,2026-06-25,4.0,7.8125,11.799540951522932,57.117082578969324,35.55463564409647,281.11469291877034,67.78943146683895,26.27757318968882,26.27757318968882,96.0,88.88888888888889,88.20045904847707,82.35403893769238,Muy rapida,Media-alta,Estable,Rapido y rentable
FXB,Invesco CurrencyShares British Pound Sterling Trust,Stock,NYSE,6221,USD,129.5500030517578,18,16,88.88888888888889,0.19684293787971097,0.19217695164901683,-0.22545493826515337,2026-06-01,5.0,9.6875,13.903087187144203,60.97836775281365,50.245476665897286,186.8709181315933,59.55232250430465,12.772919524639022,12.772919524639022,95.0,88.88888888888889,86.09691281285579,81.61137985980808,Muy rapida,Media-alta,Estable,Rapido defensivo
FXE,Invesco CurrencyShares Euro Trust,Stock,NYSE,6221,USD,107.6999969482422,18,16,88.88888888888889,0.07584738453855873,0.0608880494672006,-0.16731381849163574,2026-06-01,5.0,9.9375,18.393726285521012,63.13011956417783,20.40714502068392,500.4859884583218,121.64336541149427,4.921652507835367,4.921652507835367,95.0,88.88888888888889,81.60627371447899,80.81678844171041,Muy rapida,Media-alta,Variable,Rapido defensivo
QQA,Invesco QQQ Income Advantage ETF,ETF/Fund,US Listed,,USD,58.290000915527344,18,16,88.88888888888889,0.8583758476273465,0.8583341341190334,-0.682612397773613,2026-06-22,5.5,7.875,6.2809234989768825,94.89089885603357,81.91177898488533,278.84616529483145,72.40828329278295,50.635504546906105,50.635504546906105,94.5,88.88888888888889,93.71907650102312,83.26623732278081,Muy rapida,Media-alta,Estable,Rapido y rentable
TUGN,STF Tactical Growth & Income ETF,ETF/Fund,US Listed,,USD,27.790000915527344,18,16,88.88888888888889,0.9902857982215306,0.9918820454080925,-1.0552063779823149,2026-06-25,6.0,11.875,15.023869896490273,169.32688596763532,130.07990256999892,708.7316798717465,187.1930175802376,53.54878760753462,53.54878760753462,94.0,88.88888888888889,84.97613010350973,81.93670531374799,Muy rapida,Media-alta,Variable,Rapido y rentable
AFG,AMERICAN FINANCIAL GROUP INC,Stock,NYSE,6331,USD,130.57000732421875,9,8,88.88888888888889,0.8844261126977206,0.6674757466957615,-0.7854514940815489,2026-04-15,6.5,7.125,7.3569694847810805,234.65397898761853,140.00689491005352,970.109599267076,312.730190770592,44.14571365944178,44.14571365944178,93.5,88.88888888888889,92.64303051521892,82.83088068998056,Muy rapida,Media-alta,Estable,Rapido y rentable
FTQI,First Trust Nasdaq BuyWrite Income ETF,ETF/Fund,US Listed,,USD,21.950000762939453,18,16,88.88888888888889,0.9813196465308239,0.9753833789394661,-1.0723054996398087,2026-06-25,7.0,13.0625,21.009422489286404,135.7177013417594,64.74327741373932,757.1596004631396,194.3841639729158,45.48338679158739,45.48338679158739,93.0,88.88888888888889,78.99057751071359,80.72990627313787,Muy rapida,Media-alta,Variable,Rapido y rentable
BSCX,Invesco BulletShares 2033 Corporate Bond ETF,ETF/Fund,US Listed,,USD,21.100000381469727,18,16,88.88888888888889,0.40436924761295084,0.40031614089573897,-0.40741070539670643,2026-06-22,7.0,9.1875,6.431368439142637,29.773849362416776,22.52085859486661,62.86913387457433,19.229717233316617,18.742193698885977,18.742193698885977,93.0,88.88888888888889,93.56863156085737,82.33966398174155,Muy rapida,Media-alta,Estable,Rapido defensivo
BSCY,Invesco BulletShares 2034 Corporate Bond ETF,ETF/Fund,US Listed,,USD,20.71500015258789,18,16,88.88888888888889,0.40230083206293293,0.3947009442954186,-0.3862249962089357,2026-06-22,7.0,8.75,6.465291950097845,35.343158740546265,26.00279356727502,87.13833029238928,24.168354072918913,18.646324279742288,18.646324279742288,93.0,88.88888888888889,93.53470804990215,82.33250703954826,Muy rapida,Media-alta,Estable,Rapido defensivo
LANDP,Gladstone Land Corporation 6.00% Series C Cumulative Redeemable Preferred Stock,Preferred,,,USD,20.25,18,16,88.88888888888889,0.6285916310746027,0.6276695272185437,-0.5257026918218037,2026-06-23,7.5,14.9375,20.929942665951092,128.3505908717512,50.423801079656656,878.9522905714799,215.12939021937757,27.192408336856882,27.192408336856882,92.5,88.88888888888889,79.07005733404891,80.23910023118194,Rapida,Media-alta,Variable,Rapido y rentable
CCSB,Carbon Collective Short Duration Green Bond ETF,ETF/Fund,US Listed,,USD,20.09000015258789,18,16,88.88888888888889,0.3720760460196893,0.3844131064511615,-0.2770228137468431,2026-06-30,7.5,15.8125,18.334734794918635,37.25292900578287,27.054488197040413,166.2650096103417,43.70341004222576,16.095734138925817,16.095734138925817,92.5,88.88888888888889,81.66526520508137,80.37186582678189,Rapida,Media-alta,Variable,Rapido defensivo
LMBS,First Trust Low Duration Opportunities ETF,ETF/Fund,US Listed,,USD,49.935001373291016,18,16,88.88888888888889,0.3425813247384591,0.34124684603880845,-0.3461534087071134,2026-06-25,8.5,14.8125,19.34672668265444,20.059147106576187,16.54106973601257,71.02639032901568,16.088591329529642,13.076306774330726,13.076306774330726,91.5,88.88888888888889,80.65327331734557,79.8905723223403,Rapida,Media-alta,Variable,Rapido defensivo
TAXE,Intermediate Municipal Income ETF,ETF/Fund,US Listed,,USD,51.400001525878906,18,16,88.88888888888889,0.2968260396983816,0.303791670838675,-0.25098029412994044,2026-06-25,8.5,16.125,20.029561486296533,27.47253001037979,18.014932639318232,116.73021699309145,32.06077711678043,11.329830534892473,11.329830534892473,91.5,88.88888888888889,79.97043851370347,79.74239181675391,Rapida,Media-alta,Variable,Rapido defensivo
BSMY,Invesco BulletShares 2034 Municipal Bond ETF,ETF/Fund,US Listed,,USD,24.670000076293945,18,16,88.88888888888889,0.28613564369255573,0.29066197615994827,-0.30621394976809213,2026-06-22,8.5,11.5625,10.676883128204286,19.08297099733445,15.78466750552321,52.91502828063205,13.59026353037634,10.921778818068795,10.921778818068795,91.5,88.88888888888889,89.32311687179572,81.13460317446192,Rapida,Media-alta,Estable,Rapido defensivo
VMBS,Vanguard Mortgage-Backed Securities ETF,ETF/Fund,US Listed,,USD,46.810001373291016,18,16,88.88888888888889,0.3515736409331044,0.34938259608444333,-0.33170695493632163,2026-07-01,9.0,16.4375,17.029264027941238,51.62631907901311,18.320497137512756,351.6803195760026,90.74528766357483,12.674012734872406,12.674012734872406,91.0,88.88888888888889,82.97073597205876,80.09718403674192,Rapida,Media-alta,Variable,Rapido defensivo
GNMA,iShares GNMA Bond ETF,ETF/Fund,US Listed,,USD,44.22999954223633,18,16,88.88888888888889,0.3509567319475192,0.3508826996332588,-0.35998560958943027,2026-07-01,9.0,19.6875,21.505716294356098,57.29032871057146,21.115411756067186,307.73010568481,82.01348924992571,12.651773546750075,12.651773546750075,91.0,88.88888888888889,78.49428370564391,79.4250992877941,Rapida,Media-alta,Variable,Rapido defensivo
PMBS,PIMCO Mortgage-Backed Securities Active Exchange-Traded Fund,ETF/Fund,US Listed,,USD,49.380001068115234,18,16,88.88888888888889,0.39469721235388927,0.4002603001259024,-0.40684406806296597,2026-07-01,10.0,16.75,15.783958100974967,46.780956856036404,20.094746295770804,350.645721068701,85.2584331491351,12.80573177859285,12.80573177859285,90.0,88.88888888888889,84.21604189902503,80.02710349720765,Rapida,Media-alta,Variable,Rapido defensivo
BND,Vanguard Total Bond Market ETF,ETF/Fund,US Listed,,USD,73.41000366210938,18,16,88.88888888888889,0.32496605526500066,0.328061660568415,-0.3161608799635378,2026-07-01,10.0,19.75,21.766947420343534,41.998293074575784,16.923009810553857,315.0695038754616,77.16909161111404,10.543343126375575,10.543343126375575,90.0,88.88888888888889,78.23305257965646,79.05992394221346,Rapida,Media-alta,Variable,Rapido defensivo
QYLD,Global X NASDAQ 100 Covered Call ETF,ETF/Fund,US Listed,,USD,18.520000457763672,18,16,88.88888888888889,0.9931662818570138,0.9988767364282074,-0.9064270722805128,2026-06-22,10.5,11.8125,7.386643351347079,54.901429668437046,36.22862368716652,135.5135167627595,40.445867819425345,30.688312624576515,30.688312624576515,89.5,88.88888888888889,92.61335664865292,81.73516977915494,Rapida,Media-alta,Estable,Rapido y rentable
FMHI,First Trust Municipal High Income ETF,ETF/Fund,US Listed,,USD,48.56499862670898,18,16,88.88888888888889,0.3550889066521961,0.35522234991637336,-0.397576933639223,2026-06-25,10.5,22.1875,26.095258189947078,31.55061073949626,21.30997200864399,137.58016093386937,37.0847010781238,10.97205933782447,10.97205933782447,89.5,88.88888888888889,73.90474181005293,78.29080017816013,Rapida,Media-alta,Variable,Rapido defensivo
MBB,iShares MBS ETF,ETF/Fund,US Listed,,USD,94.5199966430664,18,16,88.88888888888889,0.3530026291073266,0.3529474528614962,-0.3992712652880012,2026-07-01,11.0,18.125,17.587400793370993,50.28449700393394,18.6334341887109,385.06246171797375,95.72089306133759,10.411794717104986,10.411794717104986,89.0,88.88888888888889,82.41259920662901,79.41489251010168,Rapida,Media-alta,Variable,Rapido defensivo
VCRB,Vanguard Core Bond ETF,ETF/Fund,US Listed,,USD,77.23300170898438,18,16,88.88888888888889,0.37480950833361976,0.3707768170798966,-0.37646861353041045,2026-07-01,11.5,21.1875,22.10344995696373,41.46423934026402,15.715228009140908,294.9127558078741,72.75019291543614,10.574335887286663,10.574335887286663,88.5,88.88888888888889,77.89655004303627,78.60929201478906,Rapida,Media-alta,Variable,Rapido defensivo
UBND,VictoryShares Core Plus Bond ETF,ETF/Fund,US Listed,,USD,21.59000015258789,18,16,88.88888888888889,0.3716163999720386,0.3859498431989722,-0.3963967390068716,2026-06-09,11.5,16.6875,15.282751715577923,22.459577913655995,13.989469673127312,97.7216925231522,24.105279695288793,10.484250124815002,10.484250124815002,88.5,88.88888888888889,84.71724828442208,79.62920364263535,Rapida,Media-alta,Variable,Rapido defensivo
EVSD,Eaton Vance Short Duration Income ETF,ETF/Fund,US Listed,,USD,51.10499954223633,18,16,88.88888888888889,0.38146499190180294,0.37946837243547415,-0.33227210845275157,2026-06-30,27.5,27.9375,20.763650128690443,9.640861430953347,6.177324133786756,35.10652604513099,8.578847745763884,4.500516268093998,4.500516268093998,72.5,88.88888888888889,79.23634987130956,74.01691747259824,Media,Media-alta,Variable,Observacion
MULT,Franklin Multisector Income ETF,ETF/Fund,US Listed,,USD,25.160999298095703,9,8,88.88888888888889,0.4187333119634535,0.4098011385841865,-0.462535464111785,2026-07-01,28.0,28.5,16.422980415085615,9.785971104482725,8.181475327837381,31.668969258247014,9.388618387570926,4.851989170370175,4.851989170370175,72.0,88.88888888888889,83.57701958491438,74.5552862497006,Media,Media-alta,Variable,Observacion
TPLS,Thornburg Core Plus Bond ETF,ETF/Fund,US Listed,,USD,25.354999542236328,17,15,88.23529411764706,0.37702993108227767,0.371690511765777,-0.29918280628612026,2026-06-29,8.0,22.066666666666666,26.231024887843528,43.059485766037795,25.20096013202052,212.88069152213595,55.46412233638042,15.178227004966693,15.178227004966693,92.0,88.23529411764706,73.76897511215647,78.74825855084691,Rapida,Media-alta,Variable,Rapido defensivo
CCD,Calamos Dynamic Convertible & Income Fund Common Stock,ETF/Fund,,,USD,24.729999542236328,17,15,88.23529411764706,0.8833887406439903,0.8957280473113569,-0.9251454813490815,2026-06-12,10.0,15.133333333333333,22.032011342805806,115.18351630899757,51.09644432380633,568.23775791434,162.8980397781958,28.450313853093217,28.450313853093217,90.0,88.23529411764706,77.9679886571942,79.2844693921643,Rapida,Media-alta,Variable,Rapido y rentable
RRR,"Red Rock Resorts, Inc.",Stock,Nasdaq,7011,USD,63.11000061035156,16,14,87.5,0.7964281106525267,0.4866477516660077,-0.15077166172347947,2026-06-15,4.0,7.285714285714286,4.921359590578626,214.33326794313297,162.0777372724994,624.520069173391,194.940962501293,63.589806959912686,63.589806959912686,96.0,87.5,95.07864040942137,83.23322417206573,Muy rapida,Media-alta,Muy estable,Rapido y rentable
OTF,Blue Owl Technology Finance Corp.,Stock,NYSE,0,USD,10.65999984741211,8,7,87.5,1.4367215213398443,1.3708852438541763,-1.285345775532428,2026-06-22,5.0,9.857142857142858,12.772738827004064,189.1993629057807,153.53588959686596,391.0724231175014,148.19411073746954,91.77058717558255,91.77058717558255,95.0,87.5,87.22726117299594,82.39581069728924,Muy rapida,Media-alta,Estable,Rapido y rentable
MAIN,Main Street Capital CORP,Stock,NYSE,0,USD,50.970001220703125,24,21,87.5,0.4592570206911131,0.44608167242957975,-0.13118492904740017,2026-06-22,5.0,7.619047619047619,13.621586509934113,398.3868115498274,102.5472946729706,1353.021343570869,471.59602912677155,29.33504219664485,29.33504219664485,95.0,87.5,86.37841349006588,81.291019044201,Muy rapida,Media-alta,Estable,Rapido y rentable
ORI,OLD REPUBLIC INTERNATIONAL CORP,Stock,NYSE,6351,USD,37.18999862670898,8,7,87.5,1.9439863761914649,0.7765441863913305,-1.809094353056103,2026-06-05,7.0,13.142857142857142,14.438704598273022,285.1941306640183,131.3724568596394,1261.1601583114812,446.04924591364687,88.69437841373558,88.69437841373558,93.0,87.5,85.56129540172698,82.05318068645052,Muy rapida,Media-alta,Estable,Rapido y rentable
NRP,NATURAL RESOURCE PARTNERS LP,Stock,NYSE,1221,USD,106.37999725341795,8,7,87.5,0.6959142494060186,0.7257670282128741,-0.7612939091499145,2026-05-19,7.0,6.714285714285714,5.468524655221178,307.92658709383295,74.53938692373956,1133.979825510562,417.57348784094705,31.751087629149605,31.751087629149605,93.0,87.5,94.53147534477883,82.15063555112285,Muy rapida,Media-alta,Estable,Rapido y rentable
DGCB,Dimensional Global Credit ETF,ETF/Fund,US Listed,,USD,54.8129997253418,8,7,87.5,0.567286631554047,0.49108664726986956,-0.5566666144030241,2026-06-23,7.0,13.0,19.5021366350801,38.317808261759865,33.86672148278021,95.572580187463,30.9512898921984,25.882452564653395,25.882452564653395,93.0,87.5,80.49786336491991,79.91696613629203,Muy rapida,Media-alta,Variable,Rapido y rentable
EVYM,Eaton Vance High Income Municipal ETF,ETF/Fund,US Listed,,USD,51.22499847412109,16,14,87.5,0.3902852584963564,0.40288377418624255,-0.25534067286358303,2026-06-30,7.0,10.285714285714286,11.221055561402764,57.76897178232111,27.174060931192486,198.960003466058,68.01704791146794,17.806764918896263,17.806764918896263,93.0,87.5,88.77894443859724,80.98212692428595,Muy rapida,Media-alta,Estable,Rapido defensivo
SDSI,American Century Short Duration Strategic Income ETF,ETF/Fund,US Listed,,USD,51.415000915527344,16,14,87.5,0.4061390627726577,0.4122462020798996,-0.3840557200489729,2026-05-06,24.0,25.785714285714285,17.187556193714332,12.987147643292912,7.179251086692243,58.118813811765065,16.328598090769418,5.404610965542398,5.404610965542398,76.0,87.5,82.81244380628567,75.0030056337155,Media,Media-alta,Variable,Observacion
FMUN,Fidelity Systematic Municipal Bond Index ETF,ETF/Fund,US Listed,,USD,50.4900016784668,15,13,86.66666666666667,0.27247755990657335,0.2766558940500199,-0.1944440313406573,2026-06-29,5.0,7.384615384615385,7.053822386225092,43.89597315243303,33.506047370293466,131.41629299951833,40.89942220734765,17.238746956755875,17.238746956755875,95.0,86.66666666666667,92.9461776137749,81.71440420197281,Muy rapida,Media-alta,Estable,Rapido defensivo
TSYX,TSPY Lift ETF,ETF/Fund,US Listed,,USD,23.540000915527344,22,19,86.36363636363636,0.36245416486022247,0.3781398939090927,-0.041827438699813195,2026-07-01,1.0,9.473684210526315,21.06700532705805,311.7537707881082,328.2767356547865,1217.3805950621384,293.16631452583925,114.2554378775292,114.2554378775292,99.0,86.36363636363636,78.93299467294194,80.76603972943788,Muy rapida,Media-alta,Variable,Rapido y rentable
MSFU,Direxion Daily MSFT Bull 2X ETF,ETF/Fund,US Listed,,USD,21.75,7,6,85.71428571428571,1.2451171011502138,0.6609655172413793,-2.0576834854338553,2026-06-23,1.0,5.666666666666667,8.477420991472977,456.46307570763446,316.2240143434976,1332.0563713266658,484.9494784708257,389.54377878842405,389.54377878842405,99.0,85.71428571428571,91.52257900852702,83.24493252385784,Muy rapida,Media-alta,Estable,Rapido y rentable
MUU,Direxion Daily MU Bull 2X ETF,ETF/Fund,US Listed,,USD,1231.6500244140625,7,6,85.71428571428571,0.9283368414503566,0.3954326457367421,-3.098750199903076,2026-06-23,1.5,15.833333333333334,28.70830309625887,1513.556696646145,1106.3935803643844,3527.638798160948,1528.4143748528568,193.62454121678863,193.62454121678863,98.5,85.71428571428571,71.29169690374113,79.7435199484401,Muy rapida,Media-alta,Variable,Rapido y rentable
NFXL,Direxion Daily NFLX Bull 2X ETF,ETF/Fund,US Listed,,USD,16.43000030517578,7,6,85.71428571428571,1.0419120480706037,0.5568576243812979,-1.7935150744887736,2026-06-23,2.5,7.166666666666667,10.571975532825766,674.9393359387512,227.29168405019817,2054.1539787457405,831.2956262479033,130.38785058712128,130.38785058712128,97.5,85.71428571428571,89.42802446717424,82.2775442895753,Muy rapida,Media-alta,Estable,Rapido y rentable
TSLL,Direxion Daily TSLA Bull 2X ETF,ETF/Fund,US Listed,,USD,13.470000267028809,7,6,85.71428571428571,0.9715165546526264,0.7569892576619529,-2.456215468707672,2026-06-23,2.5,15.666666666666666,31.59535830888244,749.4014165771608,555.5287367759038,2533.0232867035584,921.2146351948421,121.57835741081436,121.57835741081436,97.5,85.71428571428571,68.40464169111756,79.05364137974883,Muy rapida,Media-alta,Variable,Rapido y rentable
NL,NL INDUSTRIES INC,Stock,NYSE,2810,USD,5.989999771118164,7,6,85.71428571428571,1.7411632014685314,1.6339869586593083,-1.7490647095837681,2026-06-04,3.0,13.333333333333334,25.874053927953902,843.2038125601258,758.7636292109532,2050.561999901418,746.7469889712036,181.5784481531468,181.5784481531468,97.0,85.71428571428571,74.1259460720461,80.53148368370401,Muy rapida,Media-alta,Variable,Rapido y rentable
BALQ,iShares Nasdaq Premium Income Active ETF,ETF/Fund,US Listed,,USD,58.03499984741211,7,6,85.71428571428571,0.9210118670476499,0.8795001049464981,-0.6214977727284731,2026-07-01,3.5,10.833333333333334,17.13962271074444,177.26597233627376,103.1635854074811,518.9085256323586,194.43574496336208,82.3271832177287,82.3271832177287,96.5,85.71428571428571,82.86037728925555,80.87149703186456,Muy rapida,Media-alta,Variable,Rapido y rentable
CIX,COMPX INTERNATIONAL INC,Stock,NYSE,3420,USD,24.3700008392334,7,6,85.71428571428571,1.5415040032030476,1.247401286972626,-1.5392432326782999,2026-06-04,5.0,14.0,20.059910268991736,319.5218755016166,162.39789982829927,1086.4042987621383,391.7483539151732,96.45410762899068,96.45410762899068,95.0,85.71428571428571,79.94008973100827,80.60394603428286,Muy rapida,Media-alta,Variable,Rapido y rentable
NVDU,Direxion Daily NVDA Bull 2X ETF,ETF/Fund,US Listed,,USD,130.92999267578125,7,6,85.71428571428571,1.0074440689195132,0.6235528513737769,-1.72714807302172,2026-06-23,5.0,13.166666666666666,19.07266805317669,821.1876857374364,381.2732785732284,2190.1839990601434,960.0821933250511,63.03721459810667,63.03721459810667,95.0,85.71428571428571,80.9273319468233,80.21797243237158,Muy rapida,Media-alta,Variable,Rapido y rentable
METU,Direxion Daily META Bull 2X ETF,ETF/Fund,US Listed,,USD,20.530000686645508,7,6,85.71428571428571,0.5730796500936751,0.6089756097560975,-0.7381332160178017,2026-06-23,5.0,6.333333333333333,6.531972647421808,603.5415762896273,529.0672224818179,1477.5198641595607,529.0406576364743,35.85841239157567,35.85841239157567,95.0,85.71428571428571,93.46802735257819,81.66471232440897,Muy rapida,Media-alta,Estable,Rapido y rentable
IRMD,IRADIMED CORP,Stock,Nasdaq,3841,USD,86.88999938964844,14,12,85.71428571428571,0.2854367252218715,0.2415459031461443,-1.4453092363989124,2026-05-15,5.0,6.166666666666667,2.9797294975866313,121.31471654303395,110.34856173645764,276.05610342424853,94.81181126257441,17.860183663882818,17.860183663882818,95.0,85.71428571428571,97.02027050241337,81.90990587201244,Muy rapida,Media-alta,Muy estable,Rapido defensivo
FCBC,FIRST COMMUNITY BANKSHARES INC /VA/,Stock,Nasdaq,6022,USD,42.02999877929688,14,12,85.71428571428571,1.784386440009725,0.8804317184339481,-2.200663464061852,2026-05-15,5.5,6.0,4.972652484064488,158.61267157128455,102.22349300395229,321.35757722839105,112.02226460402312,101.50146243172202,101.50146243172202,94.5,85.71428571428571,95.02734751593552,82.95991713882862,Muy rapida,Media-alta,Muy estable,Rapido y rentable
TMNL,T. Rowe Price Long Municipal Income ETF,ETF/Fund,US Listed,,USD,50.63999938964844,7,6,85.71428571428571,0.3538560907819562,0.3497235429197138,-0.28647669954437266,2026-06-25,5.5,13.666666666666666,19.490168461731333,31.935996944398454,35.42118464711821,57.326197969500456,21.00598004363916,20.12843737175283,20.12843737175283,94.5,85.71428571428571,80.50983153826867,79.35175939295083,Muy rapida,Media-alta,Variable,Rapido defensivo
CURI,CuriosityStream Inc.,Stock,Nasdaq,7812,USD,3.2300000190734863,14,12,85.71428571428571,1.9115402690946197,1.7467249199267545,-3.716022650114269,2026-06-05,6.0,6.666666666666667,4.163331998932265,662.7812741011983,228.23634572065396,2824.4043688880406,1011.80225307956,99.67317117421945,99.67317117421945,94.0,85.71428571428571,95.83666800106774,83.05846904068335,Muy rapida,Media-alta,Muy estable,Rapido y rentable
BEDY,BNY Mellon Enhanced Dividend and Income ETF,ETF/Fund,US Listed,,USD,29.007999420166016,7,6,85.71428571428571,0.5833032576118351,0.6678271201806028,-0.6372394790462056,2026-07-01,6.5,16.166666666666668,25.44340124013821,74.53476642347005,71.20701146610656,166.4623062904076,62.24360192135627,28.07547547626195,28.07547547626195,93.5,85.71428571428571,74.55659875986179,78.38822164301966,Muy rapida,Media-alta,Variable,Rapido y rentable
MKTW,"MARKETWISE, INC.",Stock,Nasdaq,7372,USD,17.270000457763672,14,12,85.71428571428571,2.1741434243482636,2.195445555285904,-5.633615735802147,2026-05-15,11.5,20.166666666666668,24.91743943263007,332.16086103933804,225.43861470461567,796.3624549634528,301.6746638183591,59.14750433941238,59.14750433941238,88.5,85.71428571428571,75.08256056736994,78.55795608088232,Rapida,Media-alta,Variable,Rapido y rentable
COHN,Cohen & Co Inc.,Stock,NYSE,6211,USD,11.890000343322754,7,6,85.71428571428571,3.2612932397936336,2.653927791668936,-10.59398616846953,2026-05-18,33.5,46.833333333333336,34.11402448651678,107.68876112097318,97.60517576659362,254.7232814358284,92.3993986612713,30.457280149885104,30.457280149885104,66.5,85.71428571428571,65.88597551348322,71.66561813824468,Media,Media-alta,Variable,Rentable pero lento
ULTI,REX IncomeMax Option Strategy ETF,ETF/Fund,US Listed,,USD,11.604999542236328,34,29,85.29411764705883,1.446150657196564,1.4405754720043396,-1.8501560526390435,2026-07-01,2.0,6.275862068965517,12.86439313910448,759.0415153740236,486.66667955893087,3603.063151345297,880.682284394508,225.1103633297887,225.1103633297887,98.0,85.29411764705883,87.13560686089552,82.29884462750736,Muy rapida,Media-alta,Estable,Rapido y rentable
QLDY,Defiance Nasdaq 100 LightningSpread Income ETF,ETF/Fund,US Listed,,USD,46.31999969482422,79,67,84.81012658227847,0.38470348547112115,0.3853888873327111,-0.29312304463009,2026-07-01,1.0,8.044776119402986,16.858082169061078,274.7189340964162,216.70328027975555,1312.3516553597226,260.2508471597771,119.08764224299071,119.08764224299071,99.0,84.81012658227847,83.14191783093892,80.72054812213727,Muy rapida,Media-alta,Variable,Rapido y rentable
WASH,WASHINGTON TRUST BANCORP INC,Stock,Nasdaq,6022,USD,36.47999954223633,13,11,84.61538461538461,1.823864935405062,1.8146467560734776,-1.5930549659037168,2026-07-01,6.0,5.363636363636363,4.801514912456844,440.57448908159165,221.02071598436711,1290.6629769678216,455.8732877763844,93.8822784057862,93.8822784057862,94.0,84.61538461538461,95.19848508754316,82.38056077545961,Muy rapida,Media-alta,Muy estable,Rapido y rentable
AGGA,EA Astoria Dynamic Core US Fixed Income ETF,ETF/Fund,US Listed,,USD,25.15999984741211,13,11,84.61538461538461,0.3533276216151732,0.3610830705523412,-0.4160397121511031,2026-06-05,18.0,25.818181818181817,22.18926849546051,9.218068659771236,7.661286043768227,20.54659576929626,6.004046725630572,6.062437610191969,6.062437610191969,82.0,84.61538461538461,77.81073150453949,74.70186042421918,Rapida,Media-alta,Variable,Rapido defensivo
SATA,"Strive, Inc. Variable Rate Series A Perpetual Preferred Stock",Preferred,,,USD,91.0500030517578,19,16,84.21052631578947,0.43891109260534167,0.0612014470349773,-0.4920635222263052,2026-07-01,4.0,9.25,9.42691183085249,433.2732283960303,75.97204549508919,2348.867146847866,715.0182111632005,33.7268523791473,33.7268523791473,96.0,84.21052631578947,90.57308816914751,80.71961116008272,Muy rapida,Media-alta,Estable,Rapido y rentable
QYLG,Global X Nasdaq 100 Covered Call & Growth ETF,ETF/Fund,US Listed,,USD,30.61000061035156,19,16,84.21052631578947,1.0761594186223793,0.5894503740401345,-1.0330923957594988,2026-06-22,5.0,7.375,6.064926490348695,80.01527688332128,62.454099581629606,227.158425067176,62.87395712404998,66.15548426057575,66.15548426057575,95.0,84.21052631578947,93.9350735096513,81.56115728717533,Muy rapida,Media-alta,Estable,Rapido y rentable
CCAP,"Crescent Capital BDC, Inc.",Stock,Nasdaq,0,USD,11.220000267028809,19,16,84.21052631578947,1.7986413863253072,2.397260211336836,-1.409501350044642,2026-06-30,6.0,14.25,21.221058723196006,265.47419239880577,166.2594673888848,849.776066286071,272.6215382207389,92.140927159121,92.140927159121,94.0,84.21052631578947,78.77894127680399,79.71021941995116,Muy rapida,Media-alta,Variable,Rapido y rentable
WEEI,Westwood Salient Enhanced Energy Income ETF,ETF/Fund,US Listed,,USD,22.61100006103516,19,16,84.21052631578947,1.0168813738887275,1.0199456275933696,-0.8815196978245196,2026-06-29,6.0,10.125,14.435488676637634,155.43894544799718,89.00249490444105,617.0084532986812,165.1605943607562,52.09287038166814,52.09287038166814,94.0,84.21052631578947,85.56451132336237,79.94629491449834,Muy rapida,Media-alta,Estable,Rapido y rentable
GPIQ,Goldman Sachs Nasdaq-100 Premium Income ETF,ETF/Fund,US Listed,,USD,59.310001373291016,19,16,84.21052631578947,0.8722904721030181,0.8730956605718747,-0.8445829635481591,2026-07-01,6.0,12.875,19.714208074381276,137.5402550242386,69.56911131835817,558.1328587387621,162.28121490434108,44.68575751825987,44.68575751825987,94.0,84.21052631578947,80.28579192561872,79.00989610305109,Muy rapida,Media-alta,Variable,Rapido y rentable
GPIX,Goldman Sachs S&P 500 Premium Income ETF,ETF/Fund,US Listed,,USD,55.56999969482422,19,16,84.21052631578947,0.7063794236940272,0.7068758279838826,-0.6827630540011933,2026-07-01,6.0,15.4375,22.63321674000406,98.93084379476001,47.579674673146485,443.5926212467194,119.02590813735031,36.1864546874835,36.1864546874835,94.0,84.21052631578947,77.36678325999594,78.40613375479869,Muy rapida,Media-alta,Variable,Rapido y rentable
GLDY,Defiance Gold Enhanced Options Income ETF,ETF/Fund,US Listed,,USD,15.413100242614746,43,36,83.72093023255815,0.9724910814159932,0.7924311683942716,-1.133513084387269,2026-03-26,5.0,9.75,13.699582892503384,125.31372806378181,81.62630559093294,520.4127562936303,127.66245474314539,59.43503632467978,59.43503632467978,95.0,83.72093023255815,86.30041710749661,80.09197225219165,Muy rapida,Media-alta,Estable,Rapido y rentable
BANFP,BancFirst Corporation - BFC Capital Trust II Cumulative Trust Preferred Securities,ETF/Fund,,,USD,26.59000015258789,6,5,83.33333333333334,1.707189217328727,1.7074589316973259,-0.544438015975688,2026-06-30,1.0,9.6,14.310835055998654,418.0810156553548,617.7134225552618,733.0427306814995,333.1859796540725,519.2700536041546,519.2700536041546,99.0,83.33333333333334,85.68916494400135,81.76056395892894,Muy rapida,Media-alta,Estable,Rapido y rentable
MNRO,"MONRO, INC.",Stock,Nasdaq,7500,USD,15.699999809265137,12,10,83.33333333333334,1.5701093230698107,1.5607886136839362,0.17688004343975874,2026-06-02,1.0,3.0,4.216370213557839,896.541932607615,813.695785057114,1941.9853469167529,629.5052862181623,477.5749191004008,477.5749191004008,99.0,83.33333333333334,95.78362978644216,83.13765379103614,Muy rapida,Media-alta,Muy estable,Rapido y rentable
RGP,"RESOURCES CONNECTION, INC.",Stock,Nasdaq,7389,USD,4.440000057220459,12,10,83.33333333333334,1.549371686807148,1.5409764347352657,-0.6726413331659947,2026-05-21,1.0,12.8,23.327618347739183,774.5805714987367,939.6035113342772,1726.8824335963257,670.2973572826378,471.26722140384095,471.26722140384095,99.0,83.33333333333334,76.67238165226081,80.25022893464627,Muy rapida,Media-alta,Variable,Rapido y rentable
KHC,Kraft Heinz Co,Stock,Nasdaq,2030,USD,22.46999931335449,12,10,83.33333333333334,1.5333054490101834,1.5214424258553887,0.7358780646328148,2026-06-05,1.0,7.6,13.91402170474087,879.2818201546918,964.0013677152944,1516.9432555867236,515.3798765353606,466.38040740726416,466.38040740726416,99.0,83.33333333333334,86.08597829525912,81.64620219329906,Muy rapida,Media-alta,Estable,Rapido y rentable
JRSH,"Jerash Holdings (US), Inc.",Stock,Nasdaq,2300,USD,3.299999952316284,12,10,83.33333333333334,1.4942871761725758,1.5117235684763743,0.14559186626060025,2026-05-14,1.0,21.6,33.47702362981379,566.3563649174093,597.4714999317739,1478.1922613340926,554.3652654876564,454.5123494191585,454.5123494191585,99.0,83.33333333333334,66.5229763701862,78.67273363170051,Muy rapida,Media-alta,Variable,Rapido y rentable
VAC,MARRIOTT VACATIONS WORLDWIDE Corp,Stock,NYSE,6531,USD,79.7699966430664,6,5,83.33333333333334,1.1384895813978135,1.1401960773979558,0.3814113734822149,2026-05-27,1.0,4.2,5.215361924162119,935.505890643262,778.9928660559559,2356.4652211209427,950.7928269212828,346.2905810085017,346.2905810085017,99.0,83.33333333333334,94.78463807583788,82.5561852927735,Muy rapida,Media-alta,Estable,Rapido y rentable
APA,APA Corp,Stock,Nasdaq,1311,USD,37.59999847412109,12,10,83.33333333333334,1.1209806651184382,1.0810133905792374,0.08445747355650124,2026-04-22,1.0,3.6,5.481281277625191,780.6608275858223,765.3213672161847,1436.450804433515,449.16927485575167,340.9649523068583,340.9649523068583,99.0,83.33333333333334,94.51871872237481,82.49878847347466,Muy rapida,Media-alta,Estable,Rapido y rentable
KMB,KIMBERLY CLARK CORP,Stock,Nasdaq,2670,USD,94.47000122070312,12,10,83.33333333333334,1.0945331293209593,1.0880723950402473,0.5952281741781972,2026-06-05,1.0,26.6,33.109917950165126,755.0828169851404,559.4955917018741,2260.241199343712,874.5292194088171,332.92049350179184,332.92049350179184,99.0,83.33333333333334,66.89008204983487,78.3280454367962,Muy rapida,Media-alta,Variable,Rapido y rentable
SMG,SCOTTS MIRACLE-GRO CO,Stock,NYSE,2870,USD,59.33000183105469,6,5,83.33333333333334,1.086652960699535,1.0813589360218039,-0.24567740818972175,2026-05-22,1.0,3.2,3.03315017762062,668.9055298916463,423.5074735501199,1692.682381798737,653.447757499955,330.52360887944195,330.52360887944195,99.0,83.33333333333334,96.96684982237937,82.83168043405645,Muy rapida,Media-alta,Muy estable,Rapido y rentable
EMBC,Embecta Corp.,Stock,Nasdaq,3841,USD,3.289999961853028,12,10,83.33333333333334,1.0841159771963311,1.201407393588798,-1.09501902636522,2026-05-28,1.0,13.0,23.247461032216926,374.6911891909459,499.9977219595263,653.2442706290212,258.97842442092093,329.7519430638841,329.7519430638841,99.0,83.33333333333334,76.75253896778307,79.7969968223638,Muy rapida,Media-alta,Variable,Rapido y rentable
III,Information Services Group Inc.,Stock,Nasdaq,8742,USD,4.340000152587891,12,10,83.33333333333334,1.0002244306857444,0.9961401639965786,0.3403196705282971,2026-06-05,1.0,3.6,4.087922591134904,746.0299264786415,539.650439911116,1549.825488342819,576.0688994613754,304.2349310002473,304.2349310002473,99.0,83.33333333333334,95.9120774088651,82.58703604201551,Muy rapida,Media-alta,Muy estable,Rapido y rentable
PR,Permian Resources Corp,Stock,NYSE,1311,USD,18.899999618530277,6,5,83.33333333333334,0.998025893194786,1.0380585487214322,0.3104912607074767,2026-06-16,1.0,3.0,2.8284271247461903,674.2586397869662,816.1735352048163,1329.6419620513916,489.0915158394326,303.5662091800807,303.5662091800807,99.0,83.33333333333334,97.17157287525382,82.77376182448286,Muy rapida,Media-alta,Muy estable,Rapido y rentable
CAC,CAMDEN NATIONAL CORP,Stock,Nasdaq,6021,USD,51.119998931884766,12,10,83.33333333333334,0.9861775665364805,0.9660731154692538,-0.8601463496033075,2026-04-15,1.0,4.2,5.750362307426087,561.9050158277964,778.695684601685,950.478515689672,414.09515631004484,299.96234315484617,299.96234315484617,99.0,83.33333333333334,94.24963769257391,82.32362322042258,Muy rapida,Media-alta,Estable,Rapido y rentable
PROV,PROVIDENT FINANCIAL HOLDINGS INC,Stock,Nasdaq,6035,USD,17.0,12,10,83.33333333333334,0.8797618244801351,0.8904843818281947,0.14770592221371884,2026-05-14,1.0,11.6,22.34676213185655,417.28911573854185,541.6132625456779,639.5200697389049,245.42923179418563,267.5942216127078,267.5942216127078,99.0,83.33333333333334,77.65323786814345,79.72774750470165,Muy rapida,Media-alta,Variable,Rapido y rentable
FRST,Primis Financial Corp.,Stock,Nasdaq,6022,USD,14.59000015258789,12,10,83.33333333333334,0.8631600772947174,0.8954166143016005,-0.4285343708136447,2026-05-08,1.0,16.8,22.572352804063453,346.90098281780087,387.0625537516313,794.9162757063681,312.67491239626656,262.54452351047655,262.54452351047655,99.0,83.33333333333334,77.42764719593654,79.6773071566852,Muy rapida,Media-alta,Variable,Rapido y rentable
TSN,"TYSON FOODS, INC.",Stock,NYSE,2015,USD,61.02000045776367,6,5,83.33333333333334,0.8529679527751911,0.8571722603045121,0.43916997941734426,2026-06-01,1.0,1.4,0.8944271909999159,571.6283293419071,508.68902199708623,1084.4977061441753,360.2185514736903,259.44441896912065,259.44441896912065,99.0,83.33333333333334,99.10557280900008,82.9188038741252,Muy rapida,Media-alta,Muy estable,Rapido y rentable
KRO,KRONOS WORLDWIDE INC,Stock,NYSE,2810,USD,7.070000171661377,6,5,83.33333333333334,0.8394222028802593,0.7872846239260435,0.47179291677476815,2026-06-04,1.0,3.0,3.082207001484488,991.1973278814812,775.3263568627543,2191.686272419606,818.5745503560447,255.3242533760789,255.3242533760789,99.0,83.33333333333334,96.91779299851551,82.57709115265759,Muy rapida,Media-alta,Muy estable,Rapido y rentable
CME,CME GROUP INC.,Stock,Nasdaq,6200,USD,252.02999877929688,12,10,83.33333333333334,0.7888903913170742,0.4840469646683193,-0.7274733896247049,2026-06-09,1.0,8.0,9.189365834726814,273.73308244372663,255.7491501621892,754.5337245092009,284.2063201091893,239.95416069227676,239.95416069227676,99.0,83.33333333333334,90.81063416527319,81.61048551610804,Muy rapida,Media-alta,Estable,Rapido y rentable
LARK,LANDMARK BANCORP INC,Stock,Nasdaq,6021,USD,27.700000762939453,12,10,83.33333333333334,0.7874885425841106,0.7741797092954237,0.2668090984347094,2026-05-14,1.0,2.8,3.794733192202055,567.438130299103,621.476939892786,1087.898322784873,364.10649742220073,239.52776503600032,239.52776503600032,99.0,83.33333333333334,96.20526680779794,82.4182785637538,Muy rapida,Media-alta,Muy estable,Rapido y rentable
KMT,KENNAMETAL INC,Stock,NYSE,3541,USD,37.06999969482422,6,5,83.33333333333334,0.7652542310452847,0.8322745845795128,0.06546622490019531,2026-05-12,1.0,1.6,0.8944271909999159,571.3023932165668,528.9849719102966,879.7360297032258,244.28355873683117,232.76482860960743,232.76482860960743,99.0,83.33333333333334,99.10557280900008,82.8310901523953,Muy rapida,Media-alta,Muy estable,Rapido y rentable
GGLS,Direxion Daily GOOGL Bear 1X ETF,ETF/Fund,US Listed,,USD,5.900000095367432,6,5,83.33333333333334,0.7169846275056685,0.7358001011203839,-0.5743541566670104,2026-06-23,1.0,11.6,23.147354060453647,421.37669170823784,239.0026411715875,1415.4512155080731,564.5626723853593,218.08282419964087,218.08282419964087,99.0,83.33333333333334,76.85264593954635,79.44488151843763,Muy rapida,Media-alta,Variable,Rapido y rentable
MPB,MID PENN BANCORP INC,Stock,Nasdaq,6022,USD,33.31999969482422,12,10,83.33333333333334,0.7149402622970471,0.7129637287184865,-0.23834548194961588,2026-05-04,1.0,9.0,15.832456116050556,274.40042335098696,328.6028532166399,455.0780166428232,160.35799862968454,217.4609964486852,217.4609964486852,99.0,83.33333333333334,84.16754388394945,80.54007184488947,Muy rapida,Media-alta,Variable,Rapido y rentable
WSO,WATSCO INC,Stock,NYSE,5070,USD,415.9700012207031,6,5,83.33333333333334,0.6972545215778977,0.7117711229908684,0.7382640116923188,2026-04-16,1.0,2.2,2.6832815729997477,644.8738549273428,585.6642824097017,1286.8615056871818,439.3141703624719,212.08158364661057,212.08158364661057,99.0,83.33333333333334,97.31671842700025,82.49476228562794,Muy rapida,Media-alta,Muy estable,Rapido y rentable
PG,PROCTER & GAMBLE Co,Stock,NYSE,2840,USD,145.7100067138672,6,5,83.33333333333334,0.6752620637799907,0.6868269598689682,-0.3983482667187365,2026-04-24,1.0,2.4,1.9493588689617927,389.46510524748993,310.88205717756455,891.5172714593007,286.54367506745604,205.39221106641384,205.39221106641384,99.0,83.33333333333334,98.0506411310382,82.58285823343573,Muy rapida,Media-alta,Muy estable,Rapido y rentable
AVS,Direxion Daily AVGO Bear 1X ETF,ETF/Fund,US Listed,,USD,7.630000114440918,6,5,83.33333333333334,0.6747602257262928,0.5329859983968479,-0.7145497647712308,2026-06-23,1.0,4.6,6.985699678629192,462.67926513700286,456.3621413078675,1128.1504467982854,433.10917594641074,205.23956865841407,205.23956865841407,99.0,83.33333333333334,93.01430032137081,81.82690527393191,Muy rapida,Media-alta,Estable,Rapido y rentable
OVV,Ovintiv Inc.,Stock,NYSE,1311,USD,57.45000076293945,6,5,83.33333333333334,0.6739803710243341,0.7284335457994668,-0.38320533189707967,2026-06-15,1.0,5.6,8.706319543871567,826.527009993141,465.1384589956505,1998.9664348021809,867.1567351684691,205.00236285323496,205.00236285323496,99.0,83.33333333333334,91.29368045612843,81.5680324394436,Muy rapida,Media-alta,Estable,Rapido y rentable
PBHC,"Pathfinder Bancorp, Inc.",Stock,Nasdaq,6022,USD,13.56999969482422,12,10,83.33333333333334,0.6670439735487138,0.6546679175481649,-0.0771674854005142,2026-04-17,1.0,1.0,0.0,329.8877809720875,263.4519957012066,626.9945777469273,157.04699993612837,202.89254195440049,202.89254195440049,99.0,83.33333333333334,100.0,82.86704397354872,Muy rapida,Media-alta,Muy estable,Rapido y rentable
EPC,EDGEWELL PERSONAL CARE Co,Stock,NYSE,2844,USD,20.729999542236328,6,5,83.33333333333334,0.6615039144145415,0.671106793156415,0.32270709648992657,2026-06-10,1.0,3.4,5.366563145999495,670.4719293942178,583.9048664541453,1778.341683159298,661.306146434189,201.20744063442305,201.20744063442305,99.0,83.33333333333334,94.63343685400051,82.05651944251461,Muy rapida,Media-alta,Estable,Rapido y rentable
DVN,DEVON ENERGY CORP/DE,Stock,NYSE,1311,USD,45.310001373291016,6,5,83.33333333333334,0.6608523570711967,0.6946735845183927,-0.9585806504813835,2026-06-15,1.0,5.6,8.706319543871567,508.9084698491894,237.0653918744716,1084.4728650919549,528.7376656171731,201.0092586091557,201.0092586091557,99.0,83.33333333333334,91.29368045612843,81.55490442549046,Muy rapida,Media-alta,Estable,Rapido y rentable
ADP,AUTOMATIC DATA PROCESSING INC,Stock,Nasdaq,7374,USD,225.7700042724609,12,10,83.33333333333334,0.6264408236000475,0.5861450145367904,-0.134343878987611,2026-06-12,1.0,3.0,4.2163702135578385,325.8837637518613,345.97195213348306,487.3717465477218,169.94729667366485,190.5424171783478,190.5424171783478,99.0,83.33333333333334,95.78362978644216,82.19398529156638,Muy rapida,Media-alta,Muy estable,Rapido y rentable
MZTI,MARZETTI CO,Stock,Nasdaq,2030,USD,106.47000122070312,12,10,83.33333333333334,0.621975878517209,0.5876759929121531,-0.4705602605041659,2026-06-05,1.0,3.2,2.8596814119369625,289.2401212174303,279.4976069367121,647.9287774137248,231.29248589863306,189.1843297156511,189.1843297156511,99.0,83.33333333333334,97.14031858806304,82.39302366672666,Muy rapida,Media-alta,Muy estable,Rapido y rentable
SSB,SouthState Bank Corp,Stock,NYSE,6022,USD,97.36000061035156,6,5,83.33333333333334,0.6035235014540813,0.6091381103912443,-0.21926572294697885,2026-05-08,1.0,8.4,14.926486525636232,340.2777906257082,375.2122418184224,637.1066021757522,229.37481652888204,183.57173169228307,183.57173169228307,99.0,83.33333333333334,85.07351347436376,80.56455052260864,Muy rapida,Media-alta,Estable,Rapido y rentable
HPE,Hewlett Packard Enterprise Co,Stock,NYSE,3570,USD,49.02000045776367,6,5,83.33333333333334,0.5971908226137329,0.6192535486969142,1.3647002771185714,2026-06-16,1.0,2.0,1.414213562373095,1020.2896856586806,944.6020536430052,2817.629842076317,1081.8437499412212,181.6455418783438,181.6455418783438,99.0,83.33333333333334,98.58578643762691,82.58505878825777,Muy rapida,Media-alta,Muy estable,Rapido y rentable
FTXN,First Trust Nasdaq Oil & Gas ETF,ETF/Fund,US Listed,,USD,33.720001220703125,6,5,83.33333333333334,0.574235041093302,0.5923310487940725,-0.036361068502748006,2026-06-25,1.0,7.4,14.310835055998655,383.77116937802293,376.4727989921597,685.6490527459804,264.25350201075463,174.6631583325461,174.6631583325461,99.0,83.33333333333334,85.68916494400135,80.62760978269351,Muy rapida,Media-alta,Estable,Rapido y rentable
PPH,VanEck Pharmaceutical ETF,ETF/Fund,US Listed,,USD,109.3499984741211,6,5,83.33333333333334,0.5636557379187924,0.5734638749896919,0.19123396539490603,2026-07-01,1.0,17.4,31.381523226255286,553.3899683701891,438.574550764748,1734.1545444459512,704.0901702022924,171.4452869502994,171.4452869502994,99.0,83.33333333333334,68.61847677374472,78.0564272539805,Muy rapida,Media-alta,Variable,Rapido y rentable
AGEM,abrdn Emerging Markets Dividend Active ETF,ETF/Fund,,,USD,51.38999938964844,6,5,83.33333333333334,0.5585675402531957,0.4995454255704461,-0.8427404336968589,2026-06-23,1.0,5.6,6.767569726275452,344.2804232605423,233.20164906238915,1039.5969098865598,399.25335361413994,169.8976268270137,169.8976268270137,99.0,83.33333333333334,93.23243027372455,81.74343208131188,Muy rapida,Media-alta,Estable,Rapido y rentable
JILL,"J.Jill, Inc.",Stock,NYSE,2330,USD,14.539999961853027,6,5,83.33333333333334,0.5552005270928457,0.549050438193656,0.11433405576564042,2026-06-24,1.0,2.2,2.6832815729997477,683.6916026112989,636.0992283469042,1305.3652812043845,443.3052681320069,168.87349365740727,168.87349365740727,99.0,83.33333333333334,97.31671842700025,82.35270829114289,Muy rapida,Media-alta,Muy estable,Rapido y rentable
WFC,WELLS FARGO & COMPANY/MN,Stock,NYSE,6021,USD,79.16000366210938,6,5,83.33333333333334,0.5335838318943467,0.5343203596597881,-0.5620772365638075,2026-05-08,1.0,6.6,10.922453936730518,399.4474050981464,245.20867294946092,956.0370018578044,375.3630740051369,162.29841553453048,162.29841553453048,99.0,83.33333333333334,89.07754606326948,81.09521574138478,Muy rapida,Media-alta,Estable,Rapido y rentable
FBIN,"Fortune Brands Innovations, Inc.",Stock,NYSE,2430,USD,36.310001373291016,6,5,83.33333333333334,0.5110115161475549,0.48900248872674357,2.9450845960709766,2026-05-22,1.0,1.6,1.3416407864998738,1450.096516739568,1608.3724417707128,2711.465169616985,1118.2220584456406,155.4326694948813,155.4326694948813,99.0,83.33333333333334,98.65835921350012,82.50976539817259,Muy rapida,Media-alta,Muy estable,Rapido y rentable
FUSB,"FIRST US BANCSHARES, INC.",Stock,Nasdaq,6022,USD,16.299999237060547,12,10,83.33333333333334,0.5080446363113518,0.49763409696434235,-0.1630202574822175,2026-06-12,1.0,2.8,2.3475755815545343,337.58130637022884,204.07347496665952,1122.117725433826,417.70786334571613,154.53024354470284,154.53024354470284,99.0,83.33333333333334,97.65242441844546,82.35590829907818,Muy rapida,Media-alta,Muy estable,Rapido y rentable
TRI,Thomson Reuters Corporation Common Shares,Other Unmatched,,,USD,87.3499984741211,6,5,83.33333333333334,0.4912953821234775,0.3892954446572203,-0.25621780474766404,2026-05-20,1.0,5.4,6.06630035524124,592.2392454726889,551.9119613587538,1014.5437506811224,413.69686516837095,149.43567872922443,149.43567872922443,99.0,83.33333333333334,93.93369964475876,81.78135032883729,Muy rapida,Media-alta,Estable,Rapido y rentable
BR,"BROADRIDGE FINANCIAL SOLUTIONS, INC.",Stock,NYSE,7389,USD,144.86000061035156,6,5,83.33333333333334,0.4644368282337446,0.40604315015240844,0.17662255924244774,2026-06-12,1.0,3.8,5.215361924162119,279.5024582417118,217.27264414526076,829.6459339881519,321.7253357976229,141.26620192109732,141.26620192109732,99.0,83.33333333333334,94.78463807583788,81.88213253960943,Muy rapida,Media-alta,Estable,Rapido y rentable
HLNE,Hamilton Lane INC,Stock,Nasdaq,6282,USD,81.4000015258789,12,10,83.33333333333334,0.4633292456615425,0.39903861204968355,0.34631963560621287,2026-06-18,1.0,2.4,1.8378731669453627,461.88171982029996,343.9494824667724,1060.787836963109,370.67371299908933,140.92931222205254,140.92931222205254,99.0,83.33333333333334,98.16212683305464,82.38764827061974,Muy rapida,Media-alta,Muy estable,Rapido y rentable
COKE,"Coca-Cola Consolidated, Inc.",Stock,Nasdaq,2086,USD,192.6699981689453,12,10,83.33333333333334,0.45806127579058326,0.1927352316518342,0.741516139688434,2026-04-24,1.0,2.2,1.5491933384829668,652.582107113875,163.03604051896144,2363.4755949440337,925.7994710177029,139.32697138630243,139.32697138630243,99.0,83.33333333333334,98.45080666151703,82.42568227501815,Muy rapida,Media-alta,Muy estable,Rapido y rentable
NXPI,NXP Semiconductors N.V.,Stock,Nasdaq,3674,USD,299.94000244140625,12,10,83.33333333333334,0.4519191735049497,0.46144814016230884,-0.10421461543646428,2026-06-24,1.0,2.2,2.5298221281347035,329.0739187592811,316.12641063009846,599.2363175902287,181.51929973617843,137.45874860775555,137.45874860775555,99.0,83.33333333333334,97.4701778718653,82.27244585428474,Muy rapida,Media-alta,Muy estable,Rapido y rentable
CMI,CUMMINS INC,Stock,NYSE,3510,USD,638.780029296875,6,5,83.33333333333334,0.43741798572868024,0.45170464664567517,-0.4701970301616906,2026-05-22,1.0,2.6,2.1908902300206643,407.10843287139096,158.2759016726143,935.1828956644138,397.080453355574,133.04797065914025,133.04797065914025,99.0,83.33333333333334,97.80910976997933,82.30878445122559,Muy rapida,Media-alta,Muy estable,Rapido y rentable
KBH,KB HOME,Stock,NYSE,1531,USD,49.66999816894531,6,5,83.33333333333334,0.4303985365125034,0.41724670990588586,-0.3226975486329338,2026-05-07,1.0,6.6,8.763560920082657,252.09549271014015,236.52863455954423,611.6189956159745,248.00276766655548,130.9128881892198,130.9128881892198,99.0,83.33333333333334,91.23643907991735,81.3158643985001,Muy rapida,Media-alta,Estable,Rapido y rentable
EXPO,EXPONENT INC,Stock,Nasdaq,8742,USD,59.47999954223633,12,10,83.33333333333334,0.4173564336568898,0.40755595578877035,-0.4928890734043194,2026-06-05,1.0,15.2,25.001333297779674,380.08063547858137,260.1736527632922,1299.0114185961363,499.85675523480353,126.94591523730398,126.94591523730398,99.0,83.33333333333334,74.99866670222033,78.86715643898995,Muy rapida,Media-alta,Variable,Rapido y rentable
FBK,FB Financial Corp,Stock,NYSE,6022,USD,52.7599983215332,6,5,83.33333333333334,0.37669478001562345,0.38017383621748635,0.43311133601023083,2026-05-12,1.0,4.2,6.099180272790763,511.8500671947606,220.6391545075936,1467.4165950637364,611.1220361752999,114.57799558808547,114.57799558808547,99.0,83.33333333333334,93.90081972720924,81.66181773909702,Muy rapida,Media-alta,Estable,Rapido y rentable
STX,Seagate Technology Holdings plc,Stock,Nasdaq,3572,USD,1038.5899658203125,12,10,83.33333333333334,0.36029234171048663,0.2879437089762412,-0.21193409377923186,2026-06-24,1.0,2.6,3.3730961708462712,577.2327671684428,415.89613798049305,1216.9849607632564,417.9502255260991,109.58892060360637,109.58892060360637,99.0,83.33333333333334,96.62690382915373,82.05432791608355,Muy rapida,Media-alta,Muy estable,Rapido y rentable
PNFP,"Pinnacle Financial Partners, Inc.",Stock,NYSE,6021,USD,98.94000244140624,6,5,83.33333333333334,0.330043672896524,0.27704952516389203,0.3046083325909159,2026-05-01,1.0,2.6,2.1908902300206647,553.8590205117229,619.7302767871031,1203.022662611742,469.5015903310847,100.38828383935939,100.38828383935939,99.0,83.33333333333334,97.80910976997933,82.20141013839343,Muy rapida,Media-alta,Muy estable,Rapido y rentable
GPN,GLOBAL PAYMENTS INC,Stock,NYSE,7389,USD,65.44000244140625,6,5,83.33333333333334,0.3155703816482945,0.3122710850796237,-0.40697750910139113,2026-06-12,1.0,5.2,5.761944116355173,509.2740936919428,169.31370279149047,1405.5604223774426,621.6629491580853,95.9859910846896,95.9859910846896,99.0,83.33333333333334,94.23805588364483,81.65127876419503,Muy rapida,Media-alta,Estable,Rapido y rentable
CNK,"Cinemark Holdings, Inc.",Stock,NYSE,7830,USD,27.18000030517578,6,5,83.33333333333334,0.3086910602947786,0.3212545815086283,-0.4522119069144479,2026-05-28,1.0,1.6,0.8944271909999159,219.1397741119582,201.4341591399612,379.7500360935245,122.36215587101674,93.89353083966184,93.89353083966184,99.0,83.33333333333334,99.10557280900008,82.37452698164479,Muy rapida,Media-alta,Muy estable,Rapido y rentable
CRAI,"CRA INTERNATIONAL, INC.",Stock,Nasdaq,8111,USD,148.22999572753906,12,10,83.33333333333334,0.30197509076476065,0.29512877164920237,0.5340961174472216,2026-05-26,1.0,2.6,2.1705094128132942,352.8842753568468,268.64213360745293,666.0268670587878,255.1158152972205,91.85075677428138,91.85075677428138,99.0,83.33333333333334,97.82949058718671,82.17639867884276,Muy rapida,Media-alta,Muy estable,Rapido y rentable
WSC,WillScot Holdings Corp,Stock,Nasdaq,7350,USD,25.540000915527344,12,10,83.33333333333334,0.2893250819807506,0.2841605657028986,1.1613698646676978,2026-06-03,1.0,1.4,0.8432740427115678,804.9147243433041,643.1076264368967,1835.907352249584,605.6138463320843,88.00304576914498,88.00304576914498,99.0,83.33333333333334,99.15672595728843,82.36283397557402,Muy rapida,Media-alta,Muy estable,Rapido y rentable
WSFS,WSFS FINANCIAL CORP,Stock,Nasdaq,6021,USD,72.05999755859375,12,10,83.33333333333334,0.289324380792866,0.29644344072556583,-0.5820466091775901,2026-05-08,1.0,5.2,7.37563556583431,235.71605123966933,201.423747130928,502.0444097418861,162.27013901375355,88.0028324911634,88.0028324911634,99.0,83.33333333333334,92.62436443416568,81.38297904591772,Muy rapida,Media-alta,Estable,Rapido y rentable
DAL,"DELTA AIR LINES, INC.",Stock,NYSE,4512,USD,71.05000305175781,6,5,83.33333333333334,0.28790743300035776,0.28214197565066423,-0.007510072847983588,2026-05-14,1.0,3.0,2.8284271247461903,514.2635668044724,353.4412233832932,1427.4556983402413,575.8770366031222,87.5718442042755,87.5718442042755,99.0,83.33333333333334,97.17157287525382,82.06364336428842,Muy rapida,Media-alta,Muy estable,Rapido y rentable
MUD,Direxion Daily MU Bear 1X ETF,ETF/Fund,US Listed,,USD,9.800000190734863,6,5,83.33333333333334,0.21306542001954065,0.0112697586840451,1.2397083767352146,2026-06-23,1.0,3.8,5.718391382198319,1280.0779783814883,672.1111273440907,4769.319120607199,1975.759567624831,64.80739858927696,64.80739858927696,99.0,83.33333333333334,94.28160861780168,81.5553067126898,Muy rapida,Media-alta,Estable,Rapido y rentable
EXPE,"Expedia Group, Inc.",Stock,Nasdaq,4700,USD,226.55999755859372,12,10,83.33333333333334,0.205245589860931,0.2106497259972394,1.7004840919852822,2026-05-28,1.0,2.4,2.065591117977289,1234.0056842879137,399.9794451395671,4986.176575979418,1984.1205336549856,62.42886691603319,62.42886691603319,99.0,83.33333333333334,97.93440888202271,82.09540692216434,Muy rapida,Media-alta,Muy estable,Rapido y rentable
AIT,APPLIED INDUSTRIAL TECHNOLOGIES INC,Stock,NYSE,5080,USD,315.7200012207031,6,5,83.33333333333334,0.17860413190936986,0.17879396193151775,-1.2815476069294798,2026-05-15,1.0,8.2,11.031772296417289,235.06375184856785,172.66928681306604,535.0308723870771,212.88589051318712,54.32542345576667,54.32542345576667,99.0,83.33333333333334,88.96822770358271,80.72383828744678,Muy rapida,Media-alta,Estable,Rapido y rentable
AGX,ARGAN INC,Stock,NYSE,1700,USD,615.4199829101562,6,5,83.33333333333334,0.17811203929137817,0.18458592980117217,1.3518716371532442,2026-04-22,1.0,5.0,8.94427190999916,1342.8073748696468,1257.3101472412611,2180.2027781102943,804.7204811996202,54.175745284460874,54.175745284460874,99.0,83.33333333333334,91.05572809000084,81.0364712527915,Muy rapida,Media-alta,Estable,Rapido y rentable
PSC,Principal U.S. Small-Cap ETF,ETF/Fund,US Listed,,USD,70.1240005493164,6,5,83.33333333333334,0.17191739289918276,0.1683070749937548,-0.08602885614981087,2026-07-01,1.0,4.4,4.774934554525329,149.5546932912269,112.98395850778412,320.806306910635,109.02352565903927,52.2915403401681,52.2915403401681,99.0,83.33333333333334,95.22506544547467,81.6556772097204,Muy rapida,Media-alta,Muy estable,Rapido y rentable
MLAB,MESA LABORATORIES INC /CO/,Stock,Nasdaq,3823,USD,103.0999984741211,12,10,83.33333333333334,0.17163934147402116,0.1613116080843604,-0.12390978132338766,2026-05-29,1.0,5.8,8.62554346113913,411.02985754521296,276.1861110384772,1121.5836499004088,403.1550900880315,52.20696636501478,52.20696636501478,99.0,83.33333333333334,91.37445653886087,81.07780782230316,Muy rapida,Media-alta,Estable,Rapido y rentable
SXI,STANDEX INTERNATIONAL CORP/DE/,Stock,NYSE,3580,USD,268.5400085449219,6,5,83.33333333333334,0.15779581287941835,0.15524537225036278,-0.6038084339902463,2026-05-08,1.0,5.4,7.797435475847171,264.66253349945976,170.9842498076505,705.1907429178427,266.0578392486323,47.99622641748976,47.99622641748976,99.0,83.33333333333334,92.20256452415283,81.18818049150234,Muy rapida,Media-alta,Estable,Rapido y rentable
TRU,TransUnion,Stock,NYSE,7320,USD,70.56999969482422,6,5,83.33333333333334,0.1468818734693355,0.14098122474417105,2.2961651363217754,2026-05-27,1.0,1.0,0.0,1312.6188476306038,1471.664471471424,2017.947778155908,747.3164473099572,44.676569846922895,44.676569846922895,99.0,83.33333333333334,100.0,82.34688187346934,Muy rapida,Media-alta,Muy estable,Rapido y rentable
VST,Vistra Corp.,Stock,NYSE,4911,USD,163.75,6,5,83.33333333333334,0.13698946030961476,0.13773165599549858,-1.249163530289976,2026-06-22,1.0,4.2,5.630275304103699,372.081686509984,233.7686568388721,740.2682319136779,301.62911222080544,41.66762751084116,41.66762751084116,99.0,83.33333333333334,94.3697246958963,81.49244816469407,Muy rapida,Media-alta,Estable,Rapido y rentable
WING,Wingstop Inc.,Stock,Nasdaq,5812,USD,118.95999908447266,12,10,83.33333333333334,0.13562980768454738,0.1253150553534281,4.139992418523237,2026-05-15,1.0,1.0,0.0,2084.9210093550305,1523.340975776777,3237.014806964324,838.4081183075191,41.25406650404983,41.25406650404983,99.0,83.33333333333334,100.0,82.33562980768455,Muy rapida,Media-alta,Muy estable,Rapido y rentable
MTRN,MATERION Corp,Stock,NYSE,3460,USD,222.0399932861328,6,5,83.33333333333334,0.11873239135929724,0.12234420541674115,-0.39731150893201245,2026-05-28,1.0,4.4,5.272570530585627,385.1181247986387,83.43701124528867,1335.5698981772716,555.1892711596602,36.11443570511958,36.11443570511958,99.0,83.33333333333334,94.72742946941437,81.52784681177145,Muy rapida,Media-alta,Estable,Rapido y rentable
QCRH,QCR HOLDINGS INC,Stock,Nasdaq,6022,USD,94.52999877929688,12,10,83.33333333333334,0.09185724483277008,0.08713868579822814,0.36222653874724536,2026-06-18,1.0,6.0,9.521904571390467,256.3506972131912,204.64414882815788,708.41756361081,256.3624189245733,27.93991196996757,27.93991196996757,99.0,83.33333333333334,90.47809542860954,80.8635715591242,Muy rapida,Media-alta,Estable,Rapido y rentable
LOB,"Live Oak Bancshares, Inc.",Stock,NYSE,6022,USD,37.36000061035156,6,5,83.33333333333334,0.08933786636827201,0.08719884453737314,-0.4435992225597459,2026-06-02,1.0,8.2,15.546703830716012,379.57042799672837,443.3416102409371,629.0777259592593,232.89080060957906,27.173601020349405,27.173601020349405,99.0,83.33333333333334,84.45329616928399,79.95733229176086,Muy rapida,Media-alta,Variable,Rapido y rentable
AYI,ACUITY INC. (DE),Stock,NYSE,3640,USD,283.4599914550781,6,5,83.33333333333334,0.06104245773130865,0.0615409450622121,0.05129779824261541,2026-04-17,1.0,2.0,1.4142135623730951,383.7498833403507,221.96531065837905,1206.538842948158,468.02268234170197,18.567080893273047,18.567080893273047,99.0,83.33333333333334,98.58578643762691,82.04891042337535,Muy rapida,Media-alta,Muy estable,Rapido defensivo
GEHC,GE HealthCare Technologies Inc.,Stock,Nasdaq,3844,USD,71.9800033569336,12,10,83.33333333333334,0.045399463239072485,0.0454461526842075,-0.07881260673990587,2026-04-02,1.0,3.6,3.3730961708462712,366.98378828903697,416.0172750091256,748.1718092287465,247.20766602103507,13.80900340188455,13.80900340188455,99.0,83.33333333333334,96.62690382915373,81.73943503761214,Muy rapida,Media-alta,Muy estable,Rapido defensivo
NSP,"INSPERITY, INC.",Stock,NYSE,7363,USD,33.599998474121094,6,5,83.33333333333334,1.4887004688994996,1.3890522589104703,-0.4847785497064912,2026-06-04,2.0,1.6,0.5477225575051661,931.374614318441,715.5857873744823,1617.4066523163874,504.60936523361016,226.40652964513225,226.40652964513225,98.0,83.33333333333334,99.45227744249483,83.30654208527372,Muy rapida,Media-alta,Muy estable,Rapido y rentable
CPB,CAMPBELL'S Co,Stock,Nasdaq,2000,USD,22.3799991607666,12,10,83.33333333333334,1.2648795703308682,1.2200852078518136,-0.47021150297780706,2026-04-02,2.0,18.8,28.042824394129777,374.7332373918029,235.31418284914704,820.0669475006288,366.65551330353725,192.3671013211529,192.3671013211529,98.0,83.33333333333334,71.95717560587022,78.9584559112114,Muy rapida,Media-alta,Variable,Rapido y rentable
WTBA,WEST BANCORPORATION INC,Stock,Nasdaq,6022,USD,23.989999771118164,12,10,83.33333333333334,1.1488148398817415,1.1436985542983873,-1.3752522792735637,2026-05-06,2.0,3.6,2.547329756605707,352.3791409878676,281.4720875545381,950.69676776265,327.77369385291854,174.71559023201488,174.71559023201488,98.0,83.33333333333334,97.4526702433943,82.66671537639088,Muy rapida,Media-alta,Muy estable,Rapido y rentable
KVUE,Kenvue Inc.,Stock,NYSE,2844,USD,17.469999313354492,6,5,83.33333333333334,1.0611013399717832,1.0578816809847071,-0.5455951432039786,2026-05-13,2.0,3.2,3.8340579025361627,392.65530978319794,327.8206897185524,852.7317039245156,293.38485357459894,161.37582878737538,161.37582878737538,98.0,83.33333333333334,96.16594209746384,82.38599265459136,Muy rapida,Media-alta,Muy estable,Rapido y rentable
BHB,BAR HARBOR BANKSHARES,Stock,NYSE,6022,USD,34.52000045776367,6,5,83.33333333333334,0.9861574071316105,0.9864477605333024,-0.6284714197565973,2026-05-21,2.0,15.0,21.011901389450696,319.8818531011979,389.3085016948407,613.2654040225165,289.74159824255435,149.97810566793245,149.97810566793245,98.0,83.33333333333334,78.9880986105493,79.73437219871401,Muy rapida,Media-alta,Variable,Rapido y rentable
BPRN,"Princeton Bancorp, Inc.",Stock,Nasdaq,6022,USD,35.93000030517578,12,10,83.33333333333334,0.9698529143091124,0.9706171515857869,0.04884229950758001,2026-05-05,2.0,6.0,8.51143022320247,683.4777622827895,388.29643025750926,2128.5099010874064,803.0918135417083,147.49846405117754,147.49846405117754,98.0,83.33333333333334,91.48856977679753,81.59313838082875,Muy rapida,Media-alta,Estable,Rapido y rentable
SQQQ,ProShares UltraPro Short QQQ,ETF/Fund,US Listed,,USD,40.560001373291016,6,5,83.33333333333334,0.9099776745896914,0.5589249661751294,-0.7372152237690868,2026-06-24,2.0,3.2,2.7748873851023217,662.1358471058742,416.2454699631946,1564.163222338575,583.4773858407277,138.39243801051558,138.39243801051558,98.0,83.33333333333334,97.22511261489768,82.39374456682435,Muy rapida,Media-alta,Muy estable,Rapido y rentable
UTL,UNITIL CORP,Stock,NYSE,4931,USD,50.93999862670898,6,5,83.33333333333334,0.8905340227046831,0.9121044640919134,-0.2091663639550844,2026-05-14,2.0,2.8,2.9495762407505253,599.3184545098391,412.005969919007,1318.692292186225,506.614156228679,135.43538261967058,135.43538261967058,98.0,83.33333333333334,97.05042375924947,82.3480975865921,Muy rapida,Media-alta,Muy estable,Rapido y rentable
BAM,Brookfield Asset Management Ltd.,Stock,NYSE,6282,USD,49.0099983215332,6,5,83.33333333333334,0.8635566945336904,0.8133423475719468,-0.5527035828181949,2026-05-29,2.0,15.4,20.911719202399404,291.85525151670515,388.3433132319959,524.6771167158937,255.1502376239246,131.33258062699878,131.33258062699878,98.0,83.33333333333334,79.08828079760059,79.62679881417378,Muy rapida,Media-alta,Variable,Rapido y rentable
ED,CONSOLIDATED EDISON INC,Stock,NYSE,4931,USD,106.9000015258789,6,5,83.33333333333334,0.8314378302547993,0.8283236374455287,-1.1719927001491193,2026-05-13,2.0,17.8,24.92388412747901,160.34991542615992,161.99352186658837,413.7005847280733,162.77146602208933,126.44783668458408,126.44783668458408,98.0,83.33333333333334,75.07611587252099,78.99285521113295,Muy rapida,Media-alta,Variable,Rapido y rentable
MSFD,Direxion Daily MSFT Bear 1X ETF,ETF/Fund,US Listed,,USD,14.67199993133545,6,5,83.33333333333334,0.8243582493240619,0.7436336352460573,-0.8116693570901642,2026-06-23,2.0,3.6,4.219004621945797,419.6457278028403,388.7116009878829,1003.455368790168,365.2819693578245,125.37115041803443,125.37115041803443,98.0,83.33333333333334,95.7809953780542,82.0915075560322,Muy rapida,Media-alta,Muy estable,Rapido y rentable
BF-A,BROWN FORMAN CORP,Stock,NYSE,2080,USD,27.1200008392334,6,5,83.33333333333334,0.7901566505243941,0.794501615513189,-0.3343393447884934,2026-06-10,2.0,6.6,10.358571330062848,523.4063347312663,249.65850485111469,1137.230043993552,554.3519012004069,120.16965726725162,120.16965726725162,98.0,83.33333333333334,89.64142866993716,81.13637095101497,Muy rapida,Media-alta,Estable,Rapido y rentable
EBC,"Eastern Bankshares, Inc.",Stock,Nasdaq,6035,USD,20.09000015258789,12,10,83.33333333333334,0.737855207117356,0.723346987796126,-0.36255742709827327,2026-06-05,2.0,6.8,10.184956226382779,443.36987305162637,372.8851483228081,841.3560266009831,325.9410940308618,112.21547941576456,112.21547941576456,98.0,83.33333333333334,89.81504377361722,81.11011177315996,Muy rapida,Media-alta,Estable,Rapido y rentable
LEA,LEAR CORP,Stock,NYSE,3714,USD,147.36000061035156,6,5,83.33333333333334,0.7105590545724866,0.7113369344705585,0.12198153151869207,2026-06-03,2.0,8.2,14.989996664442591,601.1645066386128,208.9137516999247,1963.2494976044004,793.0913101665134,108.0641895495657,108.0641895495657,98.0,83.33333333333334,85.01000333555741,80.3620595549061,Muy rapida,Media-alta,Estable,Rapido y rentable
APD,"Air Products & Chemicals, Inc.",Stock,NYSE,2810,USD,290.489990234375,6,5,83.33333333333334,0.6426492120895552,0.628850953333826,-0.34317169766964445,2026-04-01,2.0,3.4,3.714835124201342,307.9541272347543,305.9570327109284,672.9069535199299,244.23113128807947,97.73623433861987,97.73623433861987,98.0,83.33333333333334,96.28516487579866,81.98542394345935,Muy rapida,Media-alta,Muy estable,Rapido y rentable
STZ,"CONSTELLATION BRANDS, INC.",Stock,NYSE,2080,USD,155.38999938964844,6,5,83.33333333333334,0.6347007878050567,0.618690294477032,-1.6770617163754296,2026-04-29,2.0,4.8,4.969909455915671,190.79335934952428,197.85591639236452,304.5758031996551,102.63708399369847,96.52741147868572,96.52741147868572,98.0,83.33333333333334,95.03009054408433,81.78921436941772,Muy rapida,Media-alta,Muy estable,Rapido y rentable
WLK,WESTLAKE CORP,Stock,NYSE,2860,USD,88.7699966430664,6,5,83.33333333333334,0.6239557920922992,0.616727942508849,-1.149971517057155,2026-05-27,2.0,7.2,9.444575162494075,509.216064100679,355.00667480419906,1673.8700393910606,681.1361452462976,94.89327671403719,94.89327671403719,98.0,83.33333333333334,90.55542483750592,81.1072695177182,Muy rapida,Media-alta,Estable,Rapido y rentable
BSVN,Bank7 Corp.,Stock,Nasdaq,6022,USD,45.68000030517578,12,10,83.33333333333334,0.6160740943615631,0.6130340442564584,-0.8622575336705095,2026-06-18,2.0,7.8,10.799176923368845,225.06296865771225,170.46095455282614,452.712305887852,161.62915372526953,93.69460185082107,93.69460185082107,98.0,83.33333333333334,89.20082307663115,80.89619755585625,Muy rapida,Media-alta,Estable,Rapido y rentable
LZB,LA-Z-BOY INC,Stock,NYSE,2510,USD,37.380001068115234,6,5,83.33333333333334,0.598737159709836,0.6121279625613354,-0.9786851317614674,2026-06-02,2.0,16.8,29.978325503603433,373.4155991297807,190.43336842355316,851.7015051377763,356.1704334243464,91.05794303920423,91.05794303920423,98.0,83.33333333333334,70.02167449639657,78.00198833416933,Muy rapida,Media-alta,Variable,Rapido y rentable
MTCH,"Match Group, Inc.",Stock,Nasdaq,7370,USD,32.13999938964844,12,10,83.33333333333334,0.5875100561327118,0.5855162549928278,-0.46123549604689895,2026-04-07,2.0,14.2,26.25854358320566,322.08633051094534,331.3446301910952,517.2525317909076,183.4017238518006,89.35048770351659,89.35048770351659,98.0,83.33333333333334,73.74145641679434,78.54872851865187,Muy rapida,Media-alta,Variable,Rapido y rentable
VFC,V F CORP,Stock,NYSE,2320,USD,17.010000228881836,6,5,83.33333333333334,0.5496363408643754,0.52511771210356,-1.813857845567016,2026-06-10,2.0,12.6,17.952715672009067,643.8203908425845,395.1768972017919,2189.59822966136,901.7063382700478,83.59052683979044,83.59052683979044,98.0,83.33333333333334,82.04728432799094,79.75672899006302,Muy rapida,Media-alta,Variable,Rapido y rentable
QCOM,QUALCOMM INC/DE,Stock,Nasdaq,3663,USD,250.00999450683597,12,10,83.33333333333334,0.5355994559405933,0.551090605689735,-1.031130893105221,2026-06-04,2.0,12.2,20.498238406696753,282.9088479275197,132.23780041668113,770.4748890662355,292.81855494647925,81.45575059096524,81.45575059096524,98.0,83.33333333333334,79.50176159330324,79.36086369493609,Muy rapida,Media-alta,Variable,Rapido y rentable
BIS,ProShares UltraShort Nasdaq Biotechnology,ETF/Fund,US Listed,,USD,15.449999809265137,6,5,83.33333333333334,0.5072751573511846,0.4679890912822514,-1.6274407565419728,2026-06-24,2.0,2.6,2.0736441353327724,424.9598449975953,510.1325435362726,895.7381207756814,371.8897804896981,77.14809684715934,77.14809684715934,98.0,83.33333333333334,97.92635586466723,82.09622853705127,Muy rapida,Media-alta,Muy estable,Rapido y rentable
CAL,CALERES INC,Stock,NYSE,3140,USD,13.739999771118164,6,5,83.33333333333334,0.5071874237066327,0.5170995300804501,0.30276424200334545,2026-06-11,2.0,2.6,2.5099800796022267,844.412917903595,410.4191591595199,2815.8655233124787,1123.6186465882026,77.1347540220504,77.1347540220504,98.0,83.33333333333334,97.49001992039777,82.03069041176632,Muy rapida,Media-alta,Muy estable,Rapido y rentable
LOW,LOWES COMPANIES INC,Stock,NYSE,5211,USD,251.19000244140625,6,5,83.33333333333334,0.48384714155569025,0.4834913742161967,-0.34471366367205486,2026-04-22,2.0,10.2,17.340703561274555,459.95885144388365,344.05632677976945,1347.6702546046126,529.4386961750228,73.58508611159456,73.58508611159456,98.0,83.33333333333334,82.65929643872545,79.78274160736451,Muy rapida,Media-alta,Variable,Rapido y rentable
SFBS,"ServisFirst Bancshares, Inc.",Stock,NYSE,6022,USD,72.83000183105469,6,5,83.33333333333334,0.450029476621666,0.42409816518012594,0.04501206126692078,2026-04-01,2.0,2.4,2.073644135332772,409.38303289977637,159.77027592393077,1391.5277874431647,560.4519667660427,68.44198290287837,68.44198290287837,98.0,83.33333333333334,97.92635586466723,82.03898285632175,Muy rapida,Media-alta,Muy estable,Rapido y rentable
TNET,"TRINET GROUP, INC.",Stock,NYSE,7389,USD,36.43000030517578,6,5,83.33333333333334,0.4451177505825375,0.3935569976860692,-0.8653516275616933,2026-04-01,2.0,2.4,1.6733200530681511,495.35813900416616,195.76673539604928,1160.2763480631206,472.27314954184055,67.69499123442758,67.69499123442758,98.0,83.33333333333334,98.32667994693185,82.09411974262233,Muy rapida,Media-alta,Muy estable,Rapido y rentable
LEN,LENNAR CORP /NEW/,Stock,NYSE,1520,USD,94.80999755859376,6,5,83.33333333333334,0.4433724374241808,0.4389698542031448,-0.805693660486423,2026-04-22,2.0,12.4,21.72095762161512,361.2021449559536,304.3926635650453,1050.9190732288998,425.0385641523217,67.42955819159417,67.42955819159417,98.0,83.33333333333334,78.27904237838487,79.08522879418193,Muy rapida,Media-alta,Variable,Rapido y rentable
HNVR,"Hanover Bancorp, Inc. /MD",Stock,Nasdaq,6022,USD,23.270000457763672,12,10,83.33333333333334,0.43668097196948136,0.4399007424904565,-0.38085747645056217,2026-05-11,2.0,18.8,30.58975863476751,320.91451399720137,310.34469492647975,711.9791754687634,292.72203321870865,66.41189782035863,66.41189782035863,98.0,83.33333333333334,69.4102413652325,77.74821717675437,Muy rapida,Media-alta,Variable,Rapido y rentable
NVDD,Direxion Daily NVDA Bear 1X ETF,ETF/Fund,US Listed,,USD,32.95000076293945,6,5,83.33333333333334,0.4305713357159157,0.36450960713619734,-0.4326257234616919,2026-06-23,2.0,7.2,12.214745187681977,741.9089677821701,852.0352118374723,1535.858607164337,597.7433442838374,65.48272397346219,65.48272397346219,98.0,83.33333333333334,87.78525481231802,80.49835955756362,Muy rapida,Media-alta,Estable,Rapido y rentable
WFRD,Weatherford International plc,Stock,Nasdaq,3533,USD,108.61000061035156,12,10,83.33333333333334,0.3721653141972061,0.34959741245713616,-1.3907565062578924,2026-05-06,2.0,5.8,6.511528238439883,486.20441086162566,165.34066006569552,1744.3800810834769,672.627477489403,56.60014153415844,56.60014153415844,98.0,83.33333333333334,93.48847176156012,81.29543607843122,Muy rapida,Media-alta,Estable,Rapido y rentable
JKHY,JACK HENRY & ASSOCIATES INC,Stock,Nasdaq,7373,USD,136.32000732421875,12,10,83.33333333333334,0.3576558946318063,0.3456314369798562,0.5973159952495734,2026-06-01,2.0,1.8,0.7888106377466155,527.9663247797408,400.73506570726136,1327.4200010995469,430.1722583519313,54.39350064192055,54.39350064192055,98.0,83.33333333333334,99.21118936225338,82.13933429896981,Muy rapida,Media-alta,Muy estable,Rapido y rentable
EBAY,EBAY INC,Stock,Nasdaq,7389,USD,112.12999725341795,12,10,83.33333333333334,0.3539591201147392,0.3423738980992391,-0.4512123150566805,2026-05-29,2.0,4.6,4.550946177566936,259.9375765654426,130.5316519993426,749.8825750091197,288.1875362705865,53.83128285078325,53.83128285078325,98.0,83.33333333333334,95.44905382243306,81.5713171934797,Muy rapida,Media-alta,Muy estable,Rapido y rentable
RJF,RAYMOND JAMES FINANCIAL INC,Stock,NYSE,6211,USD,144.7899932861328,6,5,83.33333333333334,0.3344584549819842,0.3311345284969922,-0.4891627950187489,2026-04-01,2.0,3.2,2.7748873851023212,324.1474508621883,403.4353303448568,457.2019318498626,148.13344047180266,50.865556695176764,50.865556695176764,98.0,83.33333333333334,97.22511261489768,81.81822534721664,Muy rapida,Media-alta,Muy estable,Rapido y rentable
CAH,CARDINAL HEALTH INC,Stock,NYSE,5122,USD,211.30999755859372,6,5,83.33333333333334,0.3192212216720954,0.314863652568263,-0.292956927120598,2026-04-01,2.0,1.8,0.8366600265340756,192.89578452370483,186.2480062067396,344.3933823754578,101.13747511474457,48.54822746263118,48.54822746263118,98.0,83.33333333333334,99.16333997346592,82.09372221769199,Muy rapida,Media-alta,Muy estable,Rapido y rentable
MATX,"Matson, Inc.",Stock,NYSE,4400,USD,183.72999572753903,6,5,83.33333333333334,0.27852849615224046,0.2832869868764909,-0.5966256158549871,2026-05-07,2.0,3.6,4.722287581247038,491.8247556653114,190.78864336302223,1977.984216811752,836.0932579399363,42.35954212315324,42.35954212315324,98.0,83.33333333333334,95.27771241875297,81.47018535896518,Muy rapida,Media-alta,Muy estable,Rapido y rentable
CSPI,CSP INC /MA/,Stock,Nasdaq,7373,USD,9.420000076293944,12,10,83.33333333333334,0.25089764168580725,0.23609604713111682,-1.0970265746008632,2026-05-21,2.0,10.0,11.274356350191843,462.58013438600926,116.2420372750994,1690.9569178454333,662.8999053050505,38.15734967304986,38.15734967304986,98.0,83.33333333333334,88.72564364980816,80.45974418915704,Muy rapida,Media-alta,Estable,Rapido y rentable
CHH,CHOICE HOTELS INTERNATIONAL INC /DE,Stock,NYSE,7011,USD,103.5,6,5,83.33333333333334,0.24945142172554347,0.24818579436040583,0.26836156662155874,2026-04-01,2.0,2.0,0.7071067811865476,336.6942061429801,207.26783047781683,1006.2812842613968,376.79452502236165,37.93740372075973,37.93740372075973,98.0,83.33333333333334,99.29289321881345,82.04338540454756,Muy rapida,Media-alta,Muy estable,Rapido y rentable
LMAT,LEMAITRE VASCULAR INC,Stock,Nasdaq,3841,USD,101.43000030517578,12,10,83.33333333333334,0.23345857649538893,0.235859446840667,-1.5804778572628166,2026-05-21,2.0,2.4,1.429840705968481,306.3404861644024,219.88086011036336,720.8670332447062,224.37163580001211,35.50515850867374,35.50515850867374,98.0,83.33333333333334,98.57015929403151,81.91898247060013,Muy rapida,Media-alta,Muy estable,Rapido y rentable
MAR,MARRIOTT INTERNATIONAL INC /MD/,Stock,Nasdaq,7011,USD,370.55999755859375,12,10,83.33333333333334,0.22668599411119358,0.22951351609352066,-0.5832390950457481,2026-05-22,2.0,3.0,1.7638342073763937,439.4721818970232,399.2061283906053,790.4897985174171,309.04199962286634,34.475161604410694,34.475161604410694,98.0,83.33333333333334,98.23616579262361,81.86211086300474,Muy rapida,Media-alta,Muy estable,Rapido y rentable
URI,"UNITED RENTALS, INC.",Stock,NYSE,7359,USD,955.760009765625,6,5,83.33333333333334,0.22018015973655072,0.217045658016716,-0.6289422582640769,2026-05-13,2.0,3.0,2.9154759474226504,297.4249824146858,319.7453157672165,679.4850681697355,257.43053647558554,33.48573262660043,33.48573262660043,98.0,83.33333333333334,97.08452405257735,81.68285876762316,Muy rapida,Media-alta,Muy estable,Rapido y rentable
SGI,SOMNIGROUP INTERNATIONAL INC.,Stock,NYSE,2510,USD,65.69000244140625,6,5,83.33333333333334,0.21547147393840982,0.2152488265324142,-1.3974117943737634,2026-05-21,2.0,7.6,11.013627921806693,491.06397424485783,614.2976811938439,966.8136169995308,383.44574220953643,32.76961999479983,32.76961999479983,98.0,83.33333333333334,88.98637207819331,80.46342728566741,Muy rapida,Media-alta,Estable,Rapido y rentable
ETHE,Grayscale Ethereum Staking ETF,Stock,NYSE,6221,USD,15.460000038146973,6,5,83.33333333333334,0.16330575245133772,0.1312449729270983,-1.2400568539500572,2026-06-03,2.0,10.0,17.902513789968157,464.8996890570339,481.6270798286392,1033.9103408377912,387.19101576765644,24.836083185307615,24.836083185307615,98.0,83.33333333333334,82.09748621003185,79.37792868395611,Muy rapida,Media-alta,Variable,Rapido defensivo
CIBR,First Trust NASDAQ Cybersecurity ETF,ETF/Fund,US Listed,,USD,83.80000305175781,6,5,83.33333333333334,0.11039685602776704,0.10334422897807011,-0.7057755513319294,2026-06-25,2.0,9.4,14.028542333400146,153.95715062082604,66.9437996480269,355.4388945062352,164.68563211198654,16.789521854222905,16.789521854222905,98.0,83.33333333333334,85.97145766659986,79.90611550601774,Muy rapida,Media-alta,Estable,Rapido defensivo
VNT,Vontier Corp,Stock,NYSE,3824,USD,28.46999931335449,6,5,83.33333333333334,0.07028975045563418,0.07063500303426905,-0.9963458071660672,2026-06-04,2.0,15.8,29.243802762294784,205.93914462712664,114.4124824039247,647.4972368990564,251.6416227601272,10.689899548461034,10.689899548461034,98.0,83.33333333333334,70.75619723770521,77.58371933611141,Muy rapida,Media-alta,Variable,Rapido defensivo
QXQ,SGI Enhanced Nasdaq-100 ETF,ETF/Fund,US Listed,,USD,31.57900047302246,6,5,83.33333333333334,2.6982189538161223,0.3345406009930874,-2.3659261185837823,2026-06-29,3.0,11.2,20.054924582256596,184.3246846483801,235.97229944961825,247.89652426911172,99.0144872488507,273.5694217063569,273.5694217063569,97.0,83.33333333333334,79.9450754177434,81.28998026647764,Muy rapida,Media-alta,Variable,Rapido y rentable
ADAMN,"Adamas Trust, Inc. 8.00% Series D Fixed-to-Floating Rate Cumulative Redeemable Preferred Stock",ETF/Fund,,,USD,23.420000076293945,6,5,83.33333333333334,2.2657922047684247,2.2726474527897285,-1.0809704715970263,2026-07-01,3.0,12.8,18.005554698481244,475.24266964241025,332.45427057114154,1060.1645367354547,485.36709745659596,229.72615409457637,229.72615409457637,97.0,83.33333333333334,81.99444530151875,81.16495899999624,Muy rapida,Media-alta,Variable,Rapido y rentable
UPBD,"UPBOUND GROUP, INC.",Stock,Nasdaq,7359,USD,18.71999931335449,12,10,83.33333333333334,1.8577579553782748,1.847451803438194,-1.8574255057633502,2026-06-16,3.0,8.2,8.702490065109718,480.38060554479443,447.40259758840085,1091.8805306871725,399.1769026180306,188.35601492029735,188.35601492029735,97.0,83.33333333333334,91.29750993489029,82.15238444561183,Muy rapida,Media-alta,Estable,Rapido y rentable
GEGGL,"Great Elm Group, Inc.  7.25% Notes due 2027",Note/Bond,,,USD,24.899999618530277,6,5,83.33333333333334,1.8555545591640454,1.8462209551825617,-0.5452585471796763,2026-06-15,3.0,19.0,36.39368077015569,408.7577151602836,267.9829186827507,955.4575922477732,399.4379985758127,188.1326150263546,188.1326150263546,97.0,83.33333333333334,63.60631922984431,77.99650244364071,Muy rapida,Media-alta,Muy variable,Rapido y rentable
ETD,ETHAN ALLEN INTERIORS INC,Stock,NYSE,2511,USD,19.1299991607666,6,5,83.33333333333334,1.691205864244705,1.6176315339154548,-1.295189637081655,2026-05-13,3.0,5.0,5.431390245600108,558.5354027017556,312.70466597124016,1397.5854228077917,559.435189814135,171.46948345814369,171.46948345814369,97.0,83.33333333333334,94.56860975439989,82.4764973274047,Muy rapida,Media-alta,Estable,Rapido y rentable
HBANP,Huntington Bancshares Incorporated Depositary Shares 4.500% Series H Non-Cumulative Perpetual Preferred Stock,Preferred,,,USD,16.399999618530273,6,5,83.33333333333334,1.6214287796343931,1.6238647813752403,-0.9433714525416264,2026-07-01,3.0,7.8,9.57601169589929,273.7281030292027,219.4022771709047,670.3770483338366,256.4586023619993,164.3948623795982,164.3948623795982,97.0,83.33333333333334,90.4239883041007,81.78502702524952,Muy rapida,Media-alta,Estable,Rapido y rentable
KRNY,Kearny Financial Corp.,Stock,Nasdaq,6035,USD,8.130000114440918,12,10,83.33333333333334,1.574180021763219,1.587851789982934,-0.9386981085536182,2026-05-06,3.0,19.0,34.31229128655406,589.8122695851515,237.63007788414637,1290.403441961493,573.2228761448397,159.6043633176597,159.6043633176597,97.0,83.33333333333334,65.68770871344594,78.02733632878011,Muy rapida,Media-alta,Variable,Rapido y rentable
HOFT,HOOKER FURNISHINGS Corp,Stock,Nasdaq,2510,USD,15.199999809265137,12,10,83.33333333333334,1.4890887799858825,1.4833360817758598,-0.5533985598482674,2026-06-18,3.0,6.4,7.167829363048326,770.2644197368901,370.4976056342602,1716.941727047741,740.0855369205123,150.97705685967975,150.97705685967975,97.0,83.33333333333334,92.83217063695167,82.01391437552864,Muy rapida,Media-alta,Estable,Rapido y rentable
TROX,Tronox Holdings plc,Stock,NYSE,2810,USD,8.819999694824219,6,5,83.33333333333334,1.3780438487190347,1.5271724530891864,0.10602688216297536,2026-05-11,3.0,5.2,4.919349550499537,444.31623413411626,232.4840317137196,853.8005059307201,338.57051555849307,139.71833466179103,139.71833466179103,97.0,83.33333333333334,95.08065044950047,82.24014141614411,Muy rapida,Media-alta,Muy estable,Rapido y rentable
SBSI,SOUTHSIDE BANCSHARES INC,Stock,NYSE,6022,USD,31.950000762939453,6,5,83.33333333333334,1.1801795383703142,1.1699642139961814,-1.1605953781890497,2026-05-18,3.0,12.6,20.971409108593537,354.14434102278085,194.2088264331889,808.9643405930358,362.2182362446791,119.657092084768,119.657092084768,97.0,83.33333333333334,79.02859089140647,79.63446817208128,Muy rapida,Media-alta,Variable,Rapido y rentable
ES,EVERSOURCE ENERGY,Stock,NYSE,4911,USD,67.16999816894531,6,5,83.33333333333334,1.1458009605497046,1.1485117005328358,-0.6657538278214438,2026-05-18,3.0,16.6,32.09828655863113,371.788342849091,256.5902172487173,1060.7921157200724,401.867306269085,116.17148627795619,116.17148627795619,97.0,83.33333333333334,67.90171344136887,77.93105797675504,Muy rapida,Media-alta,Variable,Rapido y rentable
HRL,HORMEL FOODS CORP /DE/,Stock,NYSE,2011,USD,20.8700008392334,6,5,83.33333333333334,1.1281663137883091,1.0982404029882384,-0.47802971416965373,2026-04-13,3.0,3.4,1.8165902124584952,350.68415174848843,212.74598027789312,1022.931270167884,379.3110206208449,114.38352903687024,114.38352903687024,97.0,83.33333333333334,98.1834097875415,82.45567778191955,Muy rapida,Media-alta,Muy estable,Rapido y rentable
VTRS,Viatris Inc,Stock,Nasdaq,2834,USD,16.459999084472656,12,10,83.33333333333334,1.083592975416494,1.1348860036954558,-0.29491659048964586,2026-05-22,3.0,17.6,30.808368271551736,261.3283242540153,188.9415040857652,687.4252808298704,241.45209311697295,109.86428778528344,109.86428778528344,97.0,83.33333333333334,69.19163172844827,78.06233773468374,Muy rapida,Media-alta,Variable,Rapido y rentable
FNF,"Fidelity National Financial, Inc.",Stock,NYSE,6361,USD,48.060001373291016,6,5,83.33333333333334,0.9359761077968985,0.9216373395769266,-0.2723265305291801,2026-06-16,3.0,5.2,4.919349550499537,371.97484240539364,116.42750105464674,945.083423104974,410.71393973711383,94.89757759607444,94.89757759607444,97.0,83.33333333333334,95.08065044950047,81.79807367522199,Muy rapida,Media-alta,Muy estable,Rapido y rentable
RM,Regional Management Corp.,Stock,NYSE,6141,USD,33.959999084472656,6,5,83.33333333333334,0.8720641037192731,0.8407115984840332,-0.6377084069786635,2026-05-20,3.0,15.0,20.784609690826528,648.3091493462277,882.0590788092213,1397.232075359369,604.0218592662837,88.41761051598185,88.41761051598185,97.0,83.33333333333334,79.21539030917347,79.3543726500953,Muy rapida,Media-alta,Variable,Rapido y rentable
CFG,CITIZENS FINANCIAL GROUP INC/RI,Stock,NYSE,6022,USD,64.4000015258789,6,5,83.33333333333334,0.8595549255316146,0.8655432444770976,-0.8620831217941323,2026-04-30,3.0,5.6,5.9833101206606365,364.46661084870567,492.49964198058,629.1157567488449,292.67600293944383,87.14931883862204,87.14931883862204,97.0,83.33333333333334,94.01668987933937,81.56205840743253,Muy rapida,Media-alta,Estable,Rapido y rentable
AGM,FEDERAL AGRICULTURAL MORTGAGE CORP,Stock,NYSE,6111,USD,182.1100006103516,6,5,83.33333333333334,0.8522994065590087,0.8155622686946886,-0.3963678574395077,2026-06-15,3.0,18.2,25.193253065056926,303.6554127312513,157.2001385763655,1134.528205245511,471.765378209278,86.41368983167729,86.41368983167729,97.0,83.33333333333334,74.80674693494308,78.67331144680048,Muy rapida,Media-alta,Variable,Rapido y rentable
BX,Blackstone Inc.,Stock,NYSE,6282,USD,126.3499984741211,6,5,83.33333333333334,0.8494740434329856,0.8627105057713328,-0.5224020652039248,2026-05-04,3.0,17.4,20.329781110479278,112.30070583673526,80.6831460400486,302.07891084556445,120.34873354170905,86.12722940362215,86.12722940362215,97.0,83.33333333333334,79.67021888952073,79.40000687686111,Muy rapida,Media-alta,Variable,Rapido y rentable
ARES,Ares Management Corp,Stock,NYSE,6282,USD,135.36000061035156,6,5,83.33333333333334,0.8427303155665763,0.7241342721627892,0.5624159700119693,2026-06-16,3.0,6.2,8.318653737234168,630.791355797,312.4166327926408,2364.091634104539,977.0045931131872,85.44349032827789,85.44349032827789,97.0,83.33333333333334,91.68134626276583,81.19493225498145,Muy rapida,Media-alta,Estable,Rapido y rentable
MRBK,Meridian Corp,Stock,Nasdaq,6021,USD,18.81999969482422,12,10,83.33333333333334,0.8017728024304236,0.8012820558056442,-0.26869091729000233,2026-05-04,3.0,9.6,13.39319893743753,306.25583952972227,263.9459210632672,690.4676923712561,246.4507590950263,81.29085357975129,81.29085357975129,97.0,83.33333333333334,86.60680106256247,80.3927929618148,Muy rapida,Media-alta,Estable,Rapido y rentable
DOX,Amdocs Limited Ordinary Shares,Other Unmatched,,,USD,51.45000076293945,6,5,83.33333333333334,0.7397420686365086,0.6476995419193843,-0.058340098873083335,2026-06-30,3.0,3.0,2.449489742783178,284.7595341193325,144.07407992742444,602.5092451034805,247.37518912122547,75.00162640342378,75.00162640342378,97.0,83.33333333333334,97.55051025721683,81.97231860721904,Muy rapida,Media-alta,Muy estable,Rapido y rentable
DDS,"DILLARD'S, INC.",Stock,NYSE,5311,USD,555.3699951171875,6,5,83.33333333333334,0.7334657656866357,0.05709832683838005,-0.8170016412706392,2026-03-31,3.0,2.6,1.140175425099138,405.5514176402635,266.92444349083337,1119.9014153140358,434.2270694679248,74.36527902100613,74.36527902100613,97.0,83.33333333333334,98.85982457490086,82.16243945192177,Muy rapida,Media-alta,Muy estable,Rapido y rentable
AMZD,Direxion Daily AMZN Bear 1X ETF,ETF/Fund,US Listed,,USD,9.739999771118164,6,5,83.33333333333334,0.732669355233324,0.6980165880346532,-0.9297490670746735,2026-06-23,3.0,4.0,4.123105625617661,487.86855539140953,465.3527692154245,1098.1561068912938,388.25714767754334,74.28453185004535,74.28453185004535,97.0,83.33333333333334,95.87689437438235,81.71420351139069,Muy rapida,Media-alta,Muy estable,Rapido y rentable
CATY,CATHAY GENERAL BANCORP,Stock,Nasdaq,6022,USD,57.41999816894531,12,10,83.33333333333334,0.713947082301059,0.7123037528164691,-0.16975671279744473,2026-05-28,3.0,11.0,16.41137816678823,180.08981736023736,197.0573143998913,402.3126298961293,144.3652245238547,72.38630139996849,72.38630139996849,97.0,83.33333333333334,83.58862183321177,79.85224035728284,Muy rapida,Media-alta,Variable,Rapido y rentable
KELYA,KELLY SERVICES INC,Stock,Nasdaq,7363,USD,9.600000381469728,12,10,83.33333333333334,0.690164555294264,0.6899067147187274,-0.19041308617821695,2026-05-18,3.0,3.2,2.14993539954628,328.9857389178421,209.11355975812435,712.4330515557335,270.4140220274486,69.97501741177956,69.97501741177956,97.0,83.33333333333334,97.85006460045372,81.96767424536232,Muy rapida,Media-alta,Muy estable,Rapido y rentable
ETR,ENTERGY CORP /DE/,Stock,NYSE,4911,USD,117.91000366210938,6,5,83.33333333333334,0.6611716101923042,0.6615381348431173,-0.42782212241945916,2026-05-01,3.0,4.8,5.403702434442518,246.4741942142633,103.08659791229049,744.2718275304821,294.14071972092455,67.03545492227529,67.03545492227529,97.0,83.33333333333334,94.59629756555748,81.45061624502593,Muy rapida,Media-alta,Estable,Rapido y rentable
MTH,Meritage Homes CORP,Stock,NYSE,1531,USD,72.9000015258789,6,5,83.33333333333334,0.642979389031369,0.6373293121444228,-0.17506659080562126,2026-06-16,3.0,6.4,9.889388252060893,310.79917000780125,132.94755962874507,936.2822536833283,360.3101600873547,65.19096583234713,65.19096583234713,97.0,83.33333333333334,90.1106117479391,80.75957115122225,Muy rapida,Media-alta,Estable,Rapido y rentable
EWBC,EAST WEST BANCORP INC,Stock,Nasdaq,6022,USD,125.81999969482422,12,10,83.33333333333334,0.6343508394778333,0.621558197093047,-0.30624584574565367,2026-05-04,3.0,9.6,13.492384683385085,319.71345059279037,105.25110645329607,1193.276375620541,466.48625661456094,64.31612678039144,64.31612678039144,97.0,83.33333333333334,86.50761531661492,80.21049313697007,Muy rapida,Media-alta,Estable,Rapido y rentable
SHOO,"STEVEN MADDEN, LTD.",Stock,Nasdaq,3140,USD,44.02999877929688,12,10,83.33333333333334,0.632492288014285,0.6341119676849928,0.35236378219517067,2026-06-08,3.0,8.4,9.879271228182775,297.35996517670907,209.2412522633637,658.0535409694324,228.85065261366643,64.12769031255947,64.12769031255947,97.0,83.33333333333334,90.12072877181723,80.75060160378688,Muy rapida,Media-alta,Estable,Rapido y rentable
UTZ,"Utz Brands, Inc.",Stock,NYSE,2090,USD,7.050000190734863,6,5,83.33333333333334,0.6322353442698408,0.5645109221930926,-1.6117548062979783,2026-06-22,3.0,5.0,3.464101615137755,121.84574610501954,93.73248675761468,312.7901035139093,109.82515556950713,64.10163907180332,64.10163907180332,97.0,83.33333333333334,96.53589838486225,81.71262010199919,Muy rapida,Media-alta,Muy estable,Rapido y rentable
WMG,Warner Music Group Corp.,Stock,Nasdaq,7900,USD,34.720001220703125,12,10,83.33333333333334,0.6011844908970162,0.6095150144523018,0.17197643601755686,2026-05-26,3.0,2.6,1.577621275493231,307.3301172440032,213.77929388351367,839.5,286.60411795260245,60.95342754928081,60.95342754928081,97.0,83.33333333333334,98.42237872450677,81.96454129957304,Muy rapida,Media-alta,Muy estable,Rapido y rentable
FFIN,FIRST FINANCIAL BANKSHARES INC,Stock,Nasdaq,6022,USD,33.29999923706055,12,10,83.33333333333334,0.5796612341152001,0.5678821724728254,0.12258513742902959,2026-06-12,3.0,10.4,11.539304812490029,329.762071276309,106.06449734553507,862.3659418452513,366.0921093889221,58.771208458902244,58.771208458902244,97.0,83.33333333333334,88.46069518750997,80.4487655122417,Muy rapida,Media-alta,Estable,Rapido y rentable
IFF,INTERNATIONAL FLAVORS & FRAGRANCES INC,Stock,NYSE,2860,USD,76.05000305175781,6,5,83.33333333333334,0.5698530704606188,0.5606148024857377,-0.7291368296005875,2026-06-18,3.0,4.4,4.979959839195493,228.3880009454321,128.2384802259802,513.5428218184824,225.05257592736987,57.77676964392386,57.77676964392386,97.0,83.33333333333334,95.02004016080451,81.42285909458131,Muy rapida,Media-alta,Muy estable,Rapido y rentable
KELYB,"Kelly Services, Inc. Class B Common Stock",Other Unmatched,,,USD,15.9399995803833,6,5,83.33333333333334,0.5696874691973357,0.5313416347165709,-0.7864321635071515,2026-05-18,3.0,13.2,24.51938009004306,933.9017825174751,307.58428284652723,3331.350695298089,1384.9707225464947,57.759979515840996,57.759979515840996,97.0,83.33333333333334,75.48061990995694,78.49178045569089,Muy rapida,Media-alta,Variable,Rapido y rentable
HQI,"HireQuest, Inc.",Stock,Nasdaq,7363,USD,13.149999618530272,12,10,83.33333333333334,0.5472400984304394,0.556990176145955,-0.38629504734947107,2026-06-01,3.0,6.2,7.345444544447637,326.03774521371076,255.2441234704293,953.5025897689576,351.0609333200221,55.48406553530845,55.48406553530845,97.0,83.33333333333334,92.65455545555237,81.0454234167633,Muy rapida,Media-alta,Estable,Rapido y rentable
AVY,Avery Dennison Corp,Stock,NYSE,2670,USD,157.0399932861328,6,5,83.33333333333334,0.5399012029460425,0.5345265704473479,-0.29213793458950466,2026-06-03,3.0,12.4,21.161285405192192,324.996312202085,109.90418546653028,913.4526806543328,372.23502376746444,54.73998307647376,54.73998307647376,97.0,83.33333333333334,78.83871459480781,78.96570839216722,Muy rapida,Media-alta,Variable,Rapido y rentable
WH,"WYNDHAM HOTELS & RESORTS, INC.",Stock,NYSE,7011,USD,79.38999938964844,6,5,83.33333333333334,0.5090301718165554,0.5177122147927704,-0.5022073781767257,2026-06-15,3.0,6.0,5.196152422706632,191.2384059007346,188.6425860774634,366.2718531045713,164.07456034923987,51.610003531400764,51.610003531400764,97.0,83.33333333333334,94.80384757729337,81.32960730841057,Muy rapida,Media-alta,Estable,Rapido y rentable
WTI,W&T OFFSHORE INC,Stock,NYSE,1311,USD,4.480000019073486,6,5,83.33333333333334,0.4977930834406034,0.5497650341368732,-0.19673295960583972,2026-05-21,3.0,14.8,28.63913406512145,209.57749420517604,243.3332173029582,311.9665300039094,107.40039938399342,50.470687626616744,50.470687626616744,97.0,83.33333333333334,71.36086593487855,77.80192297367239,Muy rapida,Media-alta,Variable,Rapido y rentable
PSCC,Invesco S&P SmallCap Consumer Staples ETF,ETF/Fund,US Listed,,USD,35.060001373291016,6,5,83.33333333333334,0.4909420115649205,0.47176226283802053,-0.2496845272961495,2026-06-22,3.0,8.2,10.03493896344168,155.08218005845018,192.9462513337809,226.25554374803207,85.17833891840235,49.77606506144334,49.77606506144334,97.0,83.33333333333334,89.96506103655832,80.58570116704868,Muy rapida,Media-alta,Estable,Rapido y rentable
SVC,Service Properties Trust Common Stock,ETF/Fund,,,USD,1.5299999713897705,6,5,83.33333333333334,0.4767141957590055,0.45606851812111343,0.17894206775914193,2026-04-21,3.0,4.6,3.6469165057620936,257.0127572537305,119.28104798212952,710.4627081003349,287.80439438899236,48.33352262556584,48.33352262556584,97.0,83.33333333333334,96.35308349423791,81.5296767198947,Muy rapida,Media-alta,Muy estable,Rapido y rentable
CTSH,COGNIZANT TECHNOLOGY SOLUTIONS CORP,Stock,Nasdaq,7371,USD,47.130001068115234,12,10,83.33333333333334,0.46789159937575997,0.4392169710180398,1.7583911299359896,2026-05-18,3.0,2.2,1.0327955589886444,575.7016069582589,456.443272014454,1187.4956708623477,511.0758472334603,47.43900938115345,47.43900938115345,97.0,83.33333333333334,98.96720444101136,81.91297226552747,Muy rapida,Media-alta,Muy estable,Rapido y rentable
MCS,MARCUS CORP,Stock,NYSE,7830,USD,18.90999984741211,6,5,83.33333333333334,0.45233872758401916,0.46549654758415326,3.035893465019967,2026-06-01,3.0,5.2,6.723094525588645,799.9550155261827,797.8141159131379,1644.79647869824,582.0314130067248,45.86212099115751,45.86212099115751,97.0,83.33333333333334,93.27690547441135,81.04387454874573,Muy rapida,Media-alta,Estable,Rapido y rentable
EGBN,EAGLE BANCORP INC,Stock,Nasdaq,6022,USD,26.1299991607666,12,10,83.33333333333334,0.44216518867143767,0.3359731865820932,-0.16763604829689846,2026-05-04,3.0,4.2,3.22490309931942,344.2241001248618,180.52702702702703,1221.896101288175,469.66599221605986,44.83063718474299,44.83063718474299,97.0,83.33333333333334,96.77509690068058,81.55842972377353,Muy rapida,Media-alta,Muy estable,Rapido y rentable
MEOH,Methanex Corporation Common Stock,Other Unmatched,,,USD,56.25,6,5,83.33333333333334,0.4398336438206283,0.46971573791921756,-0.23117696557003856,2026-06-16,3.0,4.8,5.263078946776307,188.16977327579204,91.92686434052396,639.6540167780206,254.4660237065072,44.59424444292482,44.59424444292482,97.0,83.33333333333334,94.7369210532237,81.25037180180419,Muy rapida,Media-alta,Estable,Rapido y rentable
BOEU,Direxion Daily BA Bull 2X ETF,ETF/Fund,US Listed,,USD,35.57099914550781,6,5,83.33333333333334,0.4048791458888352,0.3897782833959263,-0.9838070564815028,2026-06-23,3.0,3.6,3.1304951684997055,531.6765055734659,332.1361201360714,1519.0807771648228,562.0177240760737,41.05024673595135,41.05024673595135,97.0,83.33333333333334,96.8695048315003,81.5353048706139,Muy rapida,Media-alta,Muy estable,Rapido y rentable
OLED,UNIVERSAL DISPLAY CORP \PA\,Stock,Nasdaq,3670,USD,92.97000122070312,12,10,83.33333333333334,0.395151071043242,0.3587767648229543,0.07736692293271574,2026-06-16,3.0,4.2,2.616188916046478,355.17445877774514,222.69632495971857,889.6445075298756,335.173490125065,40.063928036328704,40.063928036328704,97.0,83.33333333333334,97.38381108395352,81.60272273363628,Muy rapida,Media-alta,Muy estable,Rapido y rentable
MRX,Marex Group plc Ordinary Shares,Other Unmatched,,,USD,56.220001220703125,6,5,83.33333333333334,0.38730403507867134,0.41890733044554174,0.7119516038466355,2026-05-18,3.0,4.8,3.492849839314596,183.20453096086504,93.85677155994232,473.0672292148042,192.72266605245363,39.26832577880973,39.26832577880973,97.0,83.33333333333334,96.5071501606854,81.46337655918148,Muy rapida,Media-alta,Muy estable,Rapido y rentable
DCI,DONALDSON Co INC,Stock,NYSE,3564,USD,86.4000015258789,6,5,83.33333333333334,0.36640362506368135,0.37853952249056455,0.07162776718632731,2026-06-15,3.0,8.8,15.238110119040353,258.14670352142076,120.49664251840083,827.0260718071725,334.49518418373054,37.1492564300677,37.1492564300677,97.0,83.33333333333334,84.76188988095964,79.68068710720763,Muy rapida,Media-alta,Variable,Rapido y rentable
FNWD,Finward Bancorp,Stock,Nasdaq,6035,USD,33.75,12,10,83.33333333333334,0.3658412321261017,0.3658655543216584,-0.14040460252641854,2026-06-17,3.0,20.6,24.079497964497147,146.15658067819192,165.24614381168556,302.8140722204137,129.63951106447684,37.09223603500754,37.09223603500754,97.0,83.33333333333334,75.92050203550285,78.35391653745154,Muy rapida,Media-alta,Variable,Rapido y rentable
GSM,Ferroglobe PLC Ordinary Shares,Other Unmatched,,,USD,3.910000085830689,6,5,83.33333333333334,0.3528993572940003,0.3493900924388852,-0.635183820034137,2026-06-22,3.0,20.4,33.1028699662129,118.07005826775915,69.6890165209089,341.57726001847294,130.5674473437922,35.7800737256417,35.7800737256417,97.0,83.33333333333334,66.8971300337871,76.98746886236208,Muy rapida,Media-alta,Variable,Rapido y rentable
TEX,TEREX CORP,Stock,NYSE,3537,USD,60.41999816894531,6,5,83.33333333333334,0.3419865245704988,0.359715721955733,-0.002216180486104576,2026-06-08,3.0,6.0,8.48528137423857,450.64002414031467,493.3526282183221,668.5640554687177,267.1864957838114,34.67363374117558,34.67363374117558,97.0,83.33333333333334,91.51471862576143,80.66919431843472,Muy rapida,Media-alta,Estable,Rapido y rentable
VOXR,Vox Royalty Corp. Common Stock,Other Unmatched,,,USD,4.769999980926514,6,5,83.33333333333334,0.3341944365108984,0.31380890669572203,1.2667128582701987,2026-06-30,3.0,5.8,5.019960159204453,816.6815174771308,161.19416818165615,3543.31799025978,1525.075481674822,33.88360259068831,33.88360259068831,97.0,83.33333333333334,94.98003984079554,81.18120041263023,Muy rapida,Media-alta,Estable,Rapido y rentable
NDAQ,"NASDAQ, INC.",Stock,Nasdaq,6200,USD,86.73999786376953,12,10,83.33333333333334,0.31615952975345873,0.3131903322731122,0.14482596154608543,2026-06-12,3.0,4.4,4.2998707990925595,387.67251890392254,83.92762449213191,1073.0366934833062,438.52849650035006,32.05506343333679,32.05506343333679,97.0,83.33333333333334,95.70012920090744,81.27117890988958,Muy rapida,Media-alta,Muy estable,Rapido y rentable
TIPT,TIPTREE INC.,Stock,Nasdaq,6331,USD,16.600000381469727,12,10,83.33333333333334,0.3097913146631456,0.296536848714297,-0.04127217967440725,2026-05-18,3.0,6.4,4.501851470969101,163.23488104453588,153.7916089521084,351.8072767493479,129.20602757158417,31.409397181124486,31.409397181124486,97.0,83.33333333333334,95.4981485290309,81.23451359401778,Muy rapida,Media-alta,Muy estable,Rapido y rentable
PSCM,Invesco S&P SmallCap Materials ETF,ETF/Fund,US Listed,,USD,106.5,6,5,83.33333333333334,0.305579973320862,0.2677282057578405,0.7711689647994219,2026-06-22,3.0,5.0,4.47213595499958,167.6889449914306,202.53655686504231,359.0662268884216,136.78173125929513,30.982413961698516,30.982413961698516,97.0,83.33333333333334,95.52786404500043,81.23475958007093,Muy rapida,Media-alta,Muy estable,Rapido y rentable
DOO,BRP Inc. Common Subordinate Voting Shares,Other Unmatched,,,USD,62.2599983215332,6,5,83.33333333333334,0.29068067194412817,0.2690084933110708,-0.487453044067574,2026-06-30,3.0,3.0,1.224744871391589,115.39583273354135,93.10297306372014,231.56826537239544,68.76529309027457,29.471790349890775,29.471790349890775,97.0,83.33333333333334,98.7752551286084,81.7069689412354,Muy rapida,Media-alta,Muy estable,Rapido y rentable
WHD,"Cactus, Inc.",Stock,NYSE,3533,USD,58.040000915527344,6,5,83.33333333333334,0.287548840804838,0.28816621499548334,-0.6210712711029449,2026-06-01,3.0,10.6,17.586926962946084,172.0022831063287,165.51245585102615,344.3098332693388,119.17760669739658,29.154257470490524,29.154257470490524,97.0,83.33333333333334,82.41307303705392,79.24950979636293,Muy rapida,Media-alta,Variable,Rapido y rentable
MSI,"Motorola Solutions, Inc.",Stock,NYSE,3663,USD,404.9299926757813,6,5,83.33333333333334,0.2745808436415752,0.26370124180137855,-0.43597187133559084,2026-06-17,3.0,6.4,5.639148871948674,126.7506982721628,46.9058818363612,434.52349187362256,172.18554243088522,27.839446646993046,27.839446646993046,97.0,83.33333333333334,94.36085112805132,81.02870851284928,Muy rapida,Media-alta,Estable,Rapido y rentable
GL,GLOBE LIFE INC.,Stock,NYSE,6311,USD,140.42999267578125,6,5,83.33333333333334,0.21103964236720507,0.2090487867575497,-0.31770019417425877,2026-04-02,3.0,4.4,4.560701700396552,285.5345226576394,217.9845067032149,649.7934548994808,237.35119116901146,21.397074851119406,21.397074851119406,97.0,83.33333333333334,95.43929829960345,81.12693438730774,Muy rapida,Media-alta,Muy estable,Rapido defensivo
HTLD,HEARTLAND EXPRESS INC,Stock,Nasdaq,4213,USD,14.6899995803833,12,10,83.33333333333334,0.2054098306466756,0.21328167006110585,0.43611495571693276,2026-06-23,3.0,2.6,1.577621275493231,416.77265821308856,390.14119136800167,953.7680228874171,331.2302373140619,20.826274496121272,20.826274496121272,97.0,83.33333333333334,98.42237872450677,81.5687666393227,Muy rapida,Media-alta,Muy estable,Rapido defensivo
AADR,AdvisorShares Dorsey Wright ADR ETF,ETF/Fund,US Listed,,USD,83.11000061035156,6,5,83.33333333333334,0.18504247883281597,0.12034334857820544,0.2735856160805831,2026-06-23,3.0,2.8,1.0954451150103321,155.04166469295407,175.5269347312598,302.3049304257592,111.28648017814538,18.761251326104954,18.761251326104954,97.0,83.33333333333334,98.90455488498966,81.62072571158127,Muy rapida,Media-alta,Muy estable,Rapido defensivo
PYZ,Invesco Dorsey Wright Basic Materials Momentum ETF,ETF/Fund,US Listed,,USD,130.1699981689453,6,5,83.33333333333334,0.17358708559386285,0.15289035705732315,1.131190707089583,2026-06-22,3.0,3.0,0.0,194.75491190672128,189.5237153737534,341.9926166201614,101.75490663949772,17.599801733822208,17.599801733822208,97.0,83.33333333333334,100.0,81.77358708559387,Muy rapida,Media-alta,Muy estable,Rapido defensivo
MKSI,MKS INC,Stock,Nasdaq,3823,USD,331.3599853515625,12,10,83.33333333333334,0.1682580160645818,0.18090195302190548,0.8815305610365657,2026-06-03,3.0,11.8,19.10671784128992,307.08356421966363,419.1269991093578,521.3076125250923,207.11956897772777,17.05949329543677,17.05949329543677,97.0,83.33333333333334,80.89328215871008,78.9022503398711,Muy rapida,Media-alta,Variable,Rapido defensivo
TECH,BIO-TECHNE Corp,Stock,Nasdaq,2836,USD,43.29999923706055,12,10,83.33333333333334,0.14761358642862613,0.14198961498453871,0.06851033066973056,2026-05-18,3.0,3.6,2.065591117977289,221.14986200649554,229.8275098466876,339.99260788596905,103.21883118194266,14.966377512902374,14.966377512902374,97.0,83.33333333333334,97.93440888202271,81.43777491873203,Muy rapida,Media-alta,Muy estable,Rapido defensivo
QQQM,Invesco NASDAQ 100 ETF,ETF/Fund,US Listed,,USD,304.5199890136719,6,5,83.33333333333334,0.13470720739816044,0.13193092780385435,0.7408645649783782,2026-06-22,3.0,3.0,0.0,129.973753544778,127.7099804144624,257.3083480017094,79.92334619074052,13.657814083424602,13.657814083424602,97.0,83.33333333333334,100.0,81.73470720739817,Muy rapida,Media-alta,Muy estable,Rapido defensivo
QQQ,"Invesco QQQ Trust, Series 1",ETF/Fund,US Listed,,USD,740.6199951171875,6,5,83.33333333333334,0.12354345300554835,0.12084244042094436,0.7404592029202667,2026-06-22,3.0,3.0,0.0,132.24396124571675,124.96490071249582,266.5846471887882,82.55988150219957,12.525933429729209,12.525933429729209,97.0,83.33333333333334,100.0,81.72354345300556,Muy rapida,Media-alta,Muy estable,Rapido defensivo
IDT,IDT CORP,Stock,NYSE,4813,USD,55.09000015258789,6,5,83.33333333333334,0.11660436348858771,0.12108083677047571,-3.041317206729197,2026-06-09,3.0,6.8,10.256705123966467,378.16381483163605,471.2176384496941,735.4335324837502,302.07403431944897,11.822386853704034,11.822386853704034,97.0,83.33333333333334,89.74329487603353,80.17809859489363,Muy rapida,Media-alta,Estable,Rapido defensivo
QQMG,Invesco ESG NASDAQ 100 ETF,ETF/Fund,US Listed,,USD,51.34299850463867,6,5,83.33333333333334,0.11146820533442992,0.10716176357533665,0.757616126205905,2026-06-22,3.0,3.0,0.0,134.58055388628594,109.16820079910734,242.8581959780249,68.53324708005522,11.30163748529637,11.30163748529637,97.0,83.33333333333334,100.0,81.71146820533444,Muy rapida,Media-alta,Muy estable,Rapido defensivo
META,"Meta Platforms, Inc.",Stock,Nasdaq,7370,USD,566.97998046875,12,10,83.33333333333334,0.08214159820844769,0.08351896207333165,1.9023171195693296,2026-06-15,3.0,2.6,0.8432740427115678,473.48750599073253,352.33036310527103,1080.5246146396328,362.75718046297095,8.328245373912058,8.328245373912058,97.0,83.33333333333334,99.15672595728843,81.55565049180173,Muy rapida,Media-alta,Muy estable,Rapido defensivo
JBTM,JBT MAREL Corp,Stock,NYSE,3550,USD,132.02999877929688,6,5,83.33333333333334,0.07387818333494492,0.07368881824847015,0.6865236518212399,2026-05-26,3.0,3.4,0.5477225575051662,165.48592103893793,95.691648541127,413.0889427033951,151.41916912973184,7.490426921459695,7.490426921459695,97.0,83.33333333333334,99.45227744249483,81.59171979970917,Muy rapida,Media-alta,Muy estable,Rapido defensivo
CE,Celanese Corp,Stock,NYSE,2820,USD,65.0,6,5,83.33333333333334,0.05821719793407521,0.0569980854143871,-0.4359054785135306,2026-04-27,3.0,15.8,30.873937228672343,341.83991312386684,86.64595296801507,1048.1753581656935,452.3132258135119,5.902577012760404,5.902577012760404,97.0,83.33333333333334,69.12606277132765,77.02712661363323,Muy rapida,Media-alta,Variable,Rapido defensivo
FLO,FLOWERS FOODS INC,Stock,NYSE,2000,USD,7.800000190734863,6,5,83.33333333333334,1.8393733130444632,1.6488555042105653,-0.4965976582229091,2026-06-12,4.0,5.4,5.594640292279745,378.1713009380393,187.21383967925576,1067.8066313544257,397.50144875692996,139.8690123460894,139.8690123460894,96.0,83.33333333333334,94.40535970772025,82.3001772692025,Muy rapida,Media-alta,Estable,Rapido y rentable
HST,"Host Hotels & Resorts, Inc. Common Stock",Other Unmatched,,,USD,24.920000076293945,6,5,83.33333333333334,1.7463840235621386,1.335288582735265,-2.028880071164405,2026-06-30,4.0,11.6,15.662056059151366,263.73296752339536,179.48901180825482,770.0437000150898,293.43463588499657,132.79795179170432,132.79795179170432,96.0,83.33333333333334,84.33794394084863,80.69707561468945,Muy rapida,Media-alta,Variable,Rapido y rentable
SBRA,"Sabra Health Care REIT, Inc. Common Stock",Other Unmatched,,,USD,21.200000762939453,6,5,83.33333333333334,1.6031535616781154,1.6172976571489848,-0.5837408170638015,2026-05-15,4.0,5.8,7.049822692805827,392.79174131125404,230.7161043897087,842.6251173969847,324.54399644738703,121.90646875260671,121.90646875260671,96.0,83.33333333333334,92.95017730719417,81.84568015775724,Muy rapida,Media-alta,Estable,Rapido y rentable
WEN,Wendy's Co,Stock,Nasdaq,5810,USD,7.699999809265137,12,10,83.33333333333334,1.5771910487203222,1.6348539984659731,-1.4717573560538328,2026-06-01,4.0,18.2,29.449768910619465,222.557439522888,194.37866141818483,458.225270264496,167.466078041504,119.9322359964412,119.9322359964412,96.0,83.33333333333334,70.55023108938053,78.45972571212741,Muy rapida,Media-alta,Variable,Rapido y rentable
VINP,Vinci Compass Investments Ltd. Class A Common Shares,Other Unmatched,,,USD,10.329999923706056,6,5,83.33333333333334,1.5235477961978399,1.548935824816729,-1.1724797398214009,2026-05-22,4.0,6.0,4.847679857416329,190.45139323093707,177.27502037284376,361.5744784823631,111.88648701942338,115.85311366921074,115.85311366921074,96.0,83.33333333333334,95.15232014258368,82.0963958175854,Muy rapida,Media-alta,Muy estable,Rapido y rentable
BCBP,BCB BANCORP INC,Stock,Nasdaq,6035,USD,10.140000343322754,12,10,83.33333333333334,1.503178283908358,1.6611936615668736,-2.1529527003700735,2026-05-06,4.0,7.6,7.136759301905405,185.15294279919368,223.42107116302788,299.5309537760864,96.40103897062768,114.3041820055314,114.3041820055314,96.0,83.33333333333334,92.8632406980946,81.73266438862255,Muy rapida,Media-alta,Estable,Rapido y rentable
OXM,OXFORD INDUSTRIES INC,Stock,NYSE,2320,USD,45.09000015258789,6,5,83.33333333333334,1.4891460111481578,1.5935525688356673,-1.2394691525601518,2026-04-17,4.0,19.6,36.031930284124385,492.9689574443908,204.39703925686413,1713.6925891363924,693.5192520807537,113.23714459772451,113.23714459772451,96.0,83.33333333333334,63.968069715875615,77.38435646852952,Muy rapida,Media-alta,Muy variable,Rapido y rentable
PSEC,PROSPECT CAPITAL CORP,Stock,Nasdaq,0,USD,2.2699999809265137,36,30,83.33333333333334,1.4635223219957152,1.554897273306132,-1.5683920039937431,2026-06-26,4.0,8.866666666666667,12.494780519476324,379.92213572086564,208.8106582528002,1483.2178016963946,439.8653442577213,111.28867656842418,111.28867656842418,96.0,83.33333333333334,87.50521948052368,80.88930524407428,Muy rapida,Media-alta,Estable,Rapido y rentable
FIBK,FIRST INTERSTATE BANCSYSTEM INC,Stock,Nasdaq,6022,USD,36.41999816894531,12,10,83.33333333333334,1.4537669169792355,1.438454630007493,-0.9627460393739345,2026-05-11,4.0,12.6,12.712198865656564,288.4163821012887,138.8462804728831,816.5246230558262,310.8253590122091,110.5468593119627,110.5468593119627,96.0,83.33333333333334,87.28780113434344,80.84693708713075,Muy rapida,Media-alta,Estable,Rapido y rentable
NAVI,NAVIENT CORP,Stock,Nasdaq,6211,USD,7.769999980926514,12,10,83.33333333333334,1.4520489842714566,1.2325407741869003,-0.25053030289153627,2026-06-05,4.0,9.2,13.222875800840164,544.8925708386912,263.8554816472843,1372.3779879554313,551.0828114005309,110.41622484564203,110.41622484564203,96.0,83.33333333333334,86.77712419915983,80.76861761414544,Muy rapida,Media-alta,Estable,Rapido y rentable
CQP,"Cheniere Energy Partners, L.P.",Stock,NYSE,4924,USD,63.18999862670898,6,5,83.33333333333334,1.4252389734324666,1.4389071555338553,-0.3131886318627348,2026-05-08,4.0,4.0,2.23606797749979,348.6322819272917,253.67004931026275,819.3610348680854,293.59959854905077,108.37754693809384,108.37754693809384,96.0,83.33333333333334,97.76393202250021,82.38982877680752,Muy rapida,Media-alta,Muy estable,Rapido y rentable
SELF,"Global Self Storage, Inc. Common Stock",Other Unmatched,,,USD,5.170000076293945,6,5,83.33333333333334,1.3953988439383025,1.405044013350166,-1.1811153003770596,2026-06-15,4.0,5.8,3.03315017762062,119.9512497256741,127.96179695111984,200.32513543713665,55.28605644572161,106.10845375780843,106.10845375780843,96.0,83.33333333333334,96.96684982237937,82.24042631729523,Muy rapida,Media-alta,Muy estable,Rapido y rentable
KW,"Kennedy-Wilson Holdings, Inc.",Stock,NYSE,6500,USD,11.029999732971191,6,5,83.33333333333334,1.327424536069903,1.3103610885516224,-0.8539231110120573,2026-06-11,4.0,10.8,15.319921670818033,199.18293216738223,235.99130299726409,393.8837162286092,151.6405494739562,100.93957409698221,100.93957409698221,96.0,83.33333333333334,84.68007832918197,80.3294362854472,Muy rapida,Media-alta,Variable,Rapido y rentable
PRU,PRUDENTIAL FINANCIAL INC,Stock,NYSE,6311,USD,104.12000274658205,6,5,83.33333333333334,1.28560831450119,1.2852003540378667,-0.9428373239746684,2026-05-26,4.0,13.0,17.4928556845359,152.12998124621694,129.23566643542316,318.3727150189372,128.3389691097987,97.75979891519466,97.75979891519466,96.0,83.33333333333334,82.5071443154641,79.96167996182082,Muy rapida,Media-alta,Variable,Rapido y rentable
AGNC,AGNC Investment Corp. Common Stock,Other Unmatched,,,USD,11.0,18,15,83.33333333333334,1.1821219525912143,1.1952380997433594,-0.8813533776145055,2026-06-30,4.0,5.533333333333333,5.221749387577565,282.33506781221183,176.99395218371384,1149.896799647373,294.0836911145143,89.89052347829028,89.89052347829028,96.0,83.33333333333334,94.77825061242244,81.69885954445459,Muy rapida,Media-alta,Estable,Rapido y rentable
OFLX,"Omega Flex, Inc.",Stock,Nasdaq,3430,USD,30.399999618530277,12,10,83.33333333333334,1.0561991575597247,1.0399884502970824,-3.6588881501581603,2026-06-23,4.0,11.6,13.00598152987907,322.0910334123417,228.25782237602817,894.5004217144524,337.50451120691343,80.31514427277075,80.31514427277075,96.0,83.33333333333334,86.99401847012093,80.40530192807788,Muy rapida,Media-alta,Estable,Rapido y rentable
RF,REGIONS FINANCIAL CORP,Stock,NYSE,6021,USD,28.0,6,5,83.33333333333334,1.0213090628785177,1.0043818734625212,-1.3490527556518634,2026-06-01,4.0,7.2,7.19027120489902,145.4728980452393,144.70621805424645,291.13948046672704,101.01704984769557,77.66204332305396,77.66204332305396,96.0,83.33333333333334,92.80972879510098,81.24276838214368,Muy rapida,Media-alta,Estable,Rapido y rentable
INVH,Invitation Homes Inc.,Stock,NYSE,6510,USD,29.63999938964844,6,5,83.33333333333334,1.005194449206317,1.0024782411106326,-0.461617416204849,2026-06-25,4.0,4.2,2.8635642126552705,261.44264714364755,175.9742632070677,701.9236550875244,250.40155928783292,76.43666124173036,76.43666124173036,96.0,83.33333333333334,97.13643578734472,81.87565981730803,Muy rapida,Media-alta,Muy estable,Rapido y rentable
TAP,MOLSON COORS BEVERAGE CO,Stock,NYSE,2082,USD,40.56999969482422,6,5,83.33333333333334,0.9731569451155156,0.9804016836206868,-0.6853122954815546,2026-05-29,4.0,6.2,5.890670590009257,309.83959362953834,304.3667573197905,694.7502183457513,267.8455682791748,74.00047603482568,74.00047603482568,96.0,83.33333333333334,94.10932940999075,81.38955635661414,Muy rapida,Media-alta,Estable,Rapido y rentable
GCMG,GCM Grosvenor Inc.,Stock,Nasdaq,6282,USD,10.65999984741211,12,10,83.33333333333334,0.9599774143970068,0.9567312110018886,-0.5322818266247916,2026-06-05,4.0,6.0,5.96284793999944,219.545424099247,145.53440174770324,582.083213005756,207.02218266169132,72.99828255310574,72.99828255310574,96.0,83.33333333333334,94.03715206000057,81.3655502233971,Muy rapida,Media-alta,Estable,Rapido y rentable
HRB,H&R BLOCK INC,Stock,NYSE,7200,USD,38.58000183105469,6,5,83.33333333333334,0.9274143770402947,0.903222703190371,-1.3052353973821282,2026-06-03,4.0,9.0,11.597413504743201,285.5706401236456,341.82544102744447,565.3913924273322,217.48310777029022,70.52213492077242,70.52213492077242,96.0,83.33333333333334,88.4025864952568,80.48780235132882,Muy rapida,Media-alta,Estable,Rapido y rentable
WHG,WESTWOOD HOLDINGS GROUP INC,Stock,NYSE,6282,USD,16.459999084472656,6,5,83.33333333333334,0.912249486549135,0.8983891512419483,-2.2497450138371926,2026-06-01,4.0,8.4,7.3006848993775915,184.98195122110423,194.03141795039969,412.13060997383167,156.2537492908101,69.36897137300714,69.36897137300714,96.0,83.33333333333334,92.69931510062241,81.11714675164251,Muy rapida,Media-alta,Estable,Rapido y rentable
TMP,TOMPKINS FINANCIAL CORP,Stock,NYSE,6022,USD,85.75,6,5,83.33333333333334,0.9026381109300807,0.9242421234763922,-0.6771348582731163,2026-05-08,4.0,3.6,1.5165750888103102,194.44150593910484,181.4902390646205,311.0798597231768,107.67680015397421,68.6381063519749,68.6381063519749,96.0,83.33333333333334,98.48342491118969,81.97515184760854,Muy rapida,Media-alta,Muy estable,Rapido y rentable
ASIX,AdvanSix Inc.,Stock,NYSE,2821,USD,21.82999992370605,6,5,83.33333333333334,0.800487243751084,0.7744232765979625,-1.7422247966763378,2026-05-19,4.0,4.2,2.3874672772626644,509.96668171153016,291.0888847605622,1616.456238187266,640.155434171325,60.87038416023869,60.87038416023869,96.0,83.33333333333334,97.61253272273734,81.74236715216169,Muy rapida,Media-alta,Muy estable,Rapido y rentable
KIQQ,KraneShares InspereX Nasdaq Dynamic Buffered High Income Index ETF,ETF/Fund,US Listed,,USD,25.5049991607666,6,5,83.33333333333334,0.7671210847748419,0.7859032327899013,-0.7721151712141698,2026-06-29,4.0,12.0,20.724381776062707,189.14571292552773,218.8164701969412,291.2857190411735,118.3727277931518,58.33316582142027,58.33316582142027,96.0,83.33333333333334,79.2756182239373,78.95846381836544,Muy rapida,Media-alta,Variable,Rapido y rentable
FNB,FNB CORP/PA/,Stock,NYSE,6021,USD,17.479999542236328,6,5,83.33333333333334,0.760659029978137,0.7324304929516077,-0.9865471288714635,2026-06-01,4.0,4.4,1.51657508881031,129.74748419693196,100.9248160539691,257.79854468960565,73.60222786298003,57.841780404587496,57.841780404587496,96.0,83.33333333333334,98.48342491118969,81.8331727666566,Muy rapida,Media-alta,Muy estable,Rapido y rentable
SHBI,SHORE BANCSHARES INC,Stock,Nasdaq,6021,USD,20.850000381469727,12,10,83.33333333333334,0.7303483162893133,0.7301642589861811,-0.6870752550854781,2026-06-03,4.0,9.4,10.079682534683322,215.63805854712064,163.3889294194113,443.1842881317276,174.98217162106982,55.536903217833206,55.536903217833206,96.0,83.33333333333334,89.92031746531669,80.51839593608682,Muy rapida,Media-alta,Estable,Rapido y rentable
MTB,M&T BANK CORP,Stock,NYSE,6022,USD,216.1100006103516,6,5,83.33333333333334,0.7268494439351282,0.721655443735518,-0.8644385887379741,2026-06-01,4.0,4.6,1.816590212458495,116.44916225462175,95.94154075745904,225.4127244201084,63.331682908247664,55.27084313256705,55.27084313256705,96.0,83.33333333333334,98.1834097875415,81.75436091206636,Muy rapida,Media-alta,Muy estable,Rapido y rentable
MVBF,MVB FINANCIAL CORP,Stock,Nasdaq,6022,USD,26.75,12,10,83.33333333333334,0.7254737061411838,0.6741511336244708,-0.8333887194231752,2026-06-01,4.0,19.2,30.6695650804217,272.4608506537361,112.40450105152053,1101.8856072274198,439.49924633076125,55.166229737819194,55.166229737819194,96.0,83.33333333333334,69.3304349195783,77.42503894407794,Muy rapida,Media-alta,Variable,Rapido y rentable
AAPD,Direxion Daily AAPL Bear 1X ETF,ETF/Fund,US Listed,,USD,11.9399995803833,6,5,83.33333333333334,0.7197520874308391,0.6770468542237091,-0.682019055966741,2026-06-23,4.0,5.0,5.196152422706632,169.49279383068182,112.09895301249884,303.4955473807222,114.98909321283038,54.731148315053396,54.731148315053396,96.0,83.33333333333334,94.80384757729337,81.24032922402485,Muy rapida,Media-alta,Estable,Rapido y rentable
GPK,GRAPHIC PACKAGING HOLDING CO,Stock,NYSE,2650,USD,10.699999809265137,6,5,83.33333333333334,0.7187371942581975,0.6184607140309448,-0.7606508020665759,2026-06-15,4.0,10.4,10.853570840972107,166.07625617749372,176.55288774922755,432.087755626686,168.54137892237065,54.653974146717104,54.653974146717104,96.0,83.33333333333334,89.14642915902789,80.39070156811239,Muy rapida,Media-alta,Estable,Rapido y rentable
HCKT,"HACKETT GROUP, INC.",Stock,Nasdaq,8742,USD,10.399999618530272,12,10,83.33333333333334,0.6927361895938886,0.5908978593269898,-1.4980526536522942,2026-06-22,4.0,4.0,1.1547005383792515,144.45730299666369,147.40395866555284,201.35440593217933,46.491539333457055,52.67681441703528,52.67681441703528,96.0,83.33333333333334,98.84529946162075,81.81953110883701,Muy rapida,Media-alta,Muy estable,Rapido y rentable
WBS,WEBSTER FINANCIAL CORP,Stock,NYSE,6021,USD,72.91000366210938,6,5,83.33333333333334,0.6611882703829149,0.6761405910568171,0.137826029327346,2026-05-11,4.0,5.4,3.7815340802378072,277.2718350584529,79.85809513426557,852.472743474393,351.5828664698678,50.27785806036749,50.27785806036749,96.0,83.33333333333334,96.2184659197622,81.39395815834725,Muy rapida,Media-alta,Muy estable,Rapido y rentable
RBCAA,REPUBLIC BANCORP INC /KY/,Stock,Nasdaq,6022,USD,84.69000244140625,12,10,83.33333333333334,0.6412065974757296,0.630130230619935,-1.7091742830686056,2026-06-18,4.0,9.0,13.23295549418614,149.45409164124757,166.04908721761396,243.505588222788,83.2276191602249,48.75841834971695,48.75841834971695,96.0,83.33333333333334,86.76704450581386,79.95626327334782,Muy rapida,Media-alta,Estable,Rapido y rentable
PPG,PPG INDUSTRIES INC,Stock,NYSE,2851,USD,109.61000061035156,6,5,83.33333333333334,0.6364762612686422,0.6345480646852608,0.22058099050081523,2026-05-11,4.0,6.4,7.197221686178632,383.20827035191326,214.1540766791624,878.349742006728,345.3098205324086,48.39871570063634,48.39871570063634,96.0,83.33333333333334,92.80277831382136,80.85689300834186,Muy rapida,Media-alta,Estable,Rapido y rentable
FCAP,FIRST CAPITAL INC,Stock,Nasdaq,6035,USD,64.01000213623047,12,10,83.33333333333334,0.6259715389853975,0.6417348558194709,1.0420098919146672,2026-06-12,4.0,3.0,1.7638342073763937,855.2530227281097,179.97910405286254,3613.9234127129935,1455.5805255499242,47.59991911034794,47.59991911034794,96.0,83.33333333333334,98.23616579262361,81.66139640787895,Muy rapida,Media-alta,Muy estable,Rapido y rentable
IIIN,INSTEEL INDUSTRIES INC,Stock,NYSE,3310,USD,28.899999618530277,6,5,83.33333333333334,0.6212623555512286,0.09916209441879445,-0.7443546692439571,2026-06-12,4.0,5.8,4.08656334834051,310.57277978885816,101.03835268962231,1169.3383267750946,480.87743426595205,47.24182495337468,47.24182495337468,96.0,83.33333333333334,95.9134366516595,81.30827785330015,Muy rapida,Media-alta,Muy estable,Rapido y rentable
VIRT,"Virtu Financial, Inc.",Stock,NYSE,6211,USD,50.150001525878906,6,5,83.33333333333334,0.5929529923952587,0.5829877152979,0.12426611095898658,2026-06-01,4.0,4.8,4.207136793592526,419.4279439573429,268.8962639090446,1325.9677165517585,528.3377971799378,45.0891337967228,45.0891337967228,96.0,83.33333333333334,95.79286320640747,81.2618824733564,Muy rapida,Media-alta,Muy estable,Rapido y rentable
PGJ,Invesco Golden Dragon China ETF,ETF/Fund,US Listed,,USD,23.479999542236328,6,5,83.33333333333334,0.5773072345513284,0.4916227949669209,-0.6004520570905654,2026-06-22,4.0,5.8,4.207136793592526,138.100177562125,88.26433601554513,375.5557078496005,133.70257231969958,43.89940429400727,43.89940429400727,96.0,83.33333333333334,95.79286320640747,81.24623671551247,Muy rapida,Media-alta,Muy estable,Rapido y rentable
HBCP,"HOME BANCORP, INC.",Stock,Nasdaq,6036,USD,63.2599983215332,12,10,83.33333333333334,0.5310605929193271,0.5259536354838734,-0.617510067649662,2026-05-04,4.0,15.4,24.061033505095608,105.24612569465152,63.52262700357727,291.4458464041454,105.54471472063288,40.38273258657383,40.38273258657383,96.0,83.33333333333334,75.93896649490439,78.221905567155,Muy rapida,Media-alta,Variable,Rapido y rentable
ULH,"UNIVERSAL LOGISTICS HOLDINGS, INC.",Stock,Nasdaq,4213,USD,15.90999984741211,12,10,83.33333333333334,0.528878791667471,0.5153182444609099,0.6851891147080881,2026-06-01,4.0,4.4,1.5776212754932313,628.9417870005569,430.4605775366172,1566.4497722353728,524.9929963743194,40.21682478304727,40.21682478304727,96.0,83.33333333333334,98.42237872450677,81.59223560034349,Muy rapida,Media-alta,Muy estable,Rapido y rentable
FDX,FEDEX CORP,Stock,NYSE,4513,USD,326.20001220703125,6,5,83.33333333333334,0.5182414861203867,0.5267155468531894,-0.407887064848917,2026-06-22,4.0,4.4,1.51657508881031,126.25826898653709,106.29943646328417,249.74955009263115,71.45981542093419,39.40794634040441,39.40794634040441,96.0,83.33333333333334,98.48342491118969,81.59075522279885,Muy rapida,Media-alta,Muy estable,Rapido y rentable
TSCO,TRACTOR SUPPLY CO /DE/,Stock,Nasdaq,5200,USD,29.799999237060547,12,10,83.33333333333334,0.48643724722815557,0.4399849770386539,-0.6782422220242504,2026-05-27,4.0,6.0,4.618802153517006,321.89460619625027,78.16844738740323,1359.5648211169355,547.7132411984628,36.98949900797434,36.98949900797434,96.0,83.33333333333334,95.38119784648299,81.09361692420062,Muy rapida,Media-alta,Muy estable,Rapido y rentable
HRI,HERC HOLDINGS INC,Stock,NYSE,7350,USD,137.17999267578125,6,5,83.33333333333334,0.4852565453896778,0.4882860702105556,-1.3069146251907515,2026-05-29,4.0,8.6,11.058933040759403,860.4678625072738,151.28248614575102,3664.165376489764,1571.2524675179538,36.89971647234008,36.89971647234008,96.0,83.33333333333334,88.9410669592406,80.12641658927578,Muy rapida,Media-alta,Estable,Rapido y rentable
MLR,MILLER INDUSTRIES INC /TN/,Stock,NYSE,3713,USD,47.90999984741211,6,5,83.33333333333334,0.4691699128338002,0.46300260680734473,-0.8263423812928877,2026-06-01,4.0,15.0,22.561028345356956,171.98732468791385,92.59837887575078,479.4988471879668,186.40910999614243,35.6764621217369,35.6764621217369,96.0,83.33333333333334,77.43897165464304,78.38501566103027,Muy rapida,Media-alta,Variable,Rapido y rentable
NOC,NORTHROP GRUMMAN CORP /DE/,Stock,NYSE,3812,USD,563.6799926757812,6,5,83.33333333333334,0.41254474679303055,0.4209308061915704,-1.1067600123599985,2026-06-01,4.0,11.0,11.20267825120404,115.35354301917414,69.61441773507292,361.7804397217344,142.88224467000987,31.370590120720035,31.370590120720035,96.0,83.33333333333334,88.79732174879597,80.03214300911243,Muy rapida,Media-alta,Estable,Rapido y rentable
CMCO,COLUMBUS MCKINNON CORP,Stock,Nasdaq,3531,USD,15.449999809265137,12,10,83.33333333333334,0.3987506045833699,0.45017939760040226,-0.46629177059699883,2026-05-01,4.0,3.4,2.1705094128132942,597.4611918009998,212.7584959639868,2174.365768580771,834.08317373476,30.321660556860426,30.321660556860426,96.0,83.33333333333334,97.82949058718671,81.3731741926614,Muy rapida,Media-alta,Muy estable,Rapido y rentable
RCL,ROYAL CARIBBEAN CRUISES LTD,Stock,NYSE,4400,USD,290.79998779296875,6,5,83.33333333333334,0.3867726543606964,0.3439802757925955,-1.3395481065283728,2026-06-03,4.0,6.4,5.224940191045253,204.7315063123119,249.77717864348725,368.7479636644521,141.23630463642806,29.41083725867796,29.41083725867796,96.0,83.33333333333334,94.77505980895475,80.90303162570392,Muy rapida,Media-alta,Estable,Rapido y rentable
BTU,PEABODY ENERGY CORP,Stock,NYSE,1221,USD,23.81999969482422,6,5,83.33333333333334,0.36313456762235363,0.3621250590494684,-2.60718393744969,2026-05-19,4.0,13.8,15.61089363233252,139.9180608159412,130.5344064637809,339.6656294490789,121.32154913883431,27.613357746283146,27.613357746283146,96.0,83.33333333333334,84.38910636766748,79.32150052277248,Muy rapida,Media-alta,Variable,Rapido y rentable
KNX,Knight-Swift Transportation Holdings Inc.,Stock,NYSE,4213,USD,78.56999969482422,6,5,83.33333333333334,0.3525260803756917,0.3606117911877583,-1.6503903893417908,2026-06-08,4.0,15.2,17.19592975096142,201.3622779577074,173.86758990149343,394.1676986747205,171.2057518601777,26.806670695234892,26.806670695234892,96.0,83.33333333333334,82.80407024903857,79.07313661773149,Muy rapida,Media-alta,Variable,Rapido y rentable
AMP,AMERIPRISE FINANCIAL INC,Stock,NYSE,6282,USD,467.1900024414063,6,5,83.33333333333334,0.32155969569981685,0.32464056930086865,-0.4056474705281777,2026-05-04,4.0,4.4,1.5165750888103102,88.50245770032943,80.73073526858461,154.29119578520874,45.14523468373849,24.451935193840246,24.451935193840246,96.0,83.33333333333334,98.48342491118969,81.39407343237828,Muy rapida,Media-alta,Muy estable,Rapido defensivo
ADEA,Adeia Inc.,Stock,Nasdaq,4841,USD,26.86000061035156,12,10,83.33333333333334,0.31194674737815203,0.3277981471323052,0.43826817362694676,2026-05-26,4.0,6.2,5.7115866641610396,214.6715753327218,181.8938039288372,489.2030577794543,168.2161159180477,23.720950581880317,23.720950581880317,96.0,83.33333333333334,94.28841333583895,80.75520874775401,Muy rapida,Media-alta,Estable,Rapido defensivo
ATEN,"A10 Networks, Inc.",Stock,NYSE,3576,USD,28.030000686645508,6,5,83.33333333333334,0.30244228369328036,0.317584645099558,-0.697322997229835,2026-05-15,4.0,6.8,7.328028384224504,178.0827880574236,48.83165746822917,735.3815058043851,312.02356846545814,22.998215322509864,22.998215322509864,96.0,83.33333333333334,92.67197161577549,80.50323802605962,Muy rapida,Media-alta,Estable,Rapido defensivo
CDRE,"Cadre Holdings, Inc.",Stock,NYSE,3842,USD,29.649999618530277,6,5,83.33333333333334,0.27633985160433244,0.2681987433713867,-0.6827020876144395,2026-05-01,4.0,3.2,2.16794833886788,222.89947302187437,202.98243497127245,369.3095442890539,145.23214936413643,21.01334288241278,21.01334288241278,96.0,83.33333333333334,97.83205166113213,81.25114760077416,Muy rapida,Media-alta,Muy estable,Rapido defensivo
FDFF,Fidelity Disruptive Finance ETF,ETF/Fund,US Listed,,USD,33.000999450683594,6,5,83.33333333333334,0.26153125642811914,0.1646183135576422,-0.3138330132296398,2026-06-18,4.0,5.6,4.505552130427524,130.79676242294138,140.28517847563842,237.38977315540183,85.70978650241217,19.887272624221563,19.887272624221563,96.0,83.33333333333334,95.49444786957248,80.88569843686399,Muy rapida,Media-alta,Muy estable,Rapido defensivo
WYNN,WYNN RESORTS LTD,Stock,Nasdaq,7011,USD,95.41999816894533,12,10,83.33333333333334,0.24105525952152015,0.24208464167563076,-1.926198560929576,2026-05-18,4.0,13.6,17.796379157320487,103.42947016152955,52.28040167802964,302.6386064800712,106.38784243334071,18.33024369278226,18.33024369278226,96.0,83.33333333333334,82.20362084267951,78.87159838592345,Muy rapida,Media-alta,Variable,Rapido defensivo
LCDS,JPMorgan Fundamental Data Science Large Core ETF,ETF/Fund,US Listed,,USD,71.29000091552734,6,5,83.33333333333334,0.23004188145166693,0.22445935848298898,-0.456490807199841,2026-06-23,4.0,6.8,6.685805860178712,95.16945708836575,41.793557975111725,341.2731284804897,139.67741464926544,17.49276806872051,17.49276806872051,96.0,83.33333333333334,93.31419413982128,80.52717100242488,Muy rapida,Media-alta,Estable,Rapido defensivo
PAYC,"Paycom Software, Inc.",Stock,NYSE,7372,USD,137.8000030517578,6,5,83.33333333333334,0.20948522768710898,0.20366070714752144,-0.5660319864341464,2026-05-26,4.0,4.2,1.6431676725154982,133.2229871025117,132.1520768224136,249.87872312022148,74.69712202363391,15.929605855373916,15.929605855373916,96.0,83.33333333333334,98.3568323274845,81.26301007680979,Muy rapida,Media-alta,Muy estable,Rapido defensivo
HCA,"HCA Healthcare, Inc.",Stock,NYSE,8062,USD,389.9700012207031,6,5,83.33333333333334,0.18250791785101175,0.18628034126862447,-0.24091783694317906,2026-06-16,4.0,12.2,19.018412131405714,248.78233388770803,61.949814725253525,724.439539518491,300.8040785776822,13.878206253254017,13.878206253254017,96.0,83.33333333333334,80.98158786859429,78.62974609814017,Muy rapida,Media-alta,Variable,Rapido defensivo
UNF,UNIFIRST CORP,Stock,NYSE,7200,USD,271.4599914550781,6,5,83.33333333333334,0.171116131954392,0.1762625519922561,-0.16786903934938321,2026-06-05,4.0,3.6,2.5099800796022267,249.11455301147126,102.8964651503726,766.5297559674862,306.39419281911034,13.011955867365225,13.011955867365225,96.0,83.33333333333334,97.49001992039777,81.09461912001407,Muy rapida,Media-alta,Muy estable,Rapido defensivo
VG,"Venture Global, Inc.",Stock,NYSE,4924,USD,13.079999923706056,6,5,83.33333333333334,0.16107691547458722,0.1375096279266227,-3.237436183353031,2026-06-15,4.0,4.2,2.16794833886788,987.3588204670119,451.8017421553826,3054.037005714654,1196.860893091674,12.248557114213405,12.248557114213405,96.0,83.33333333333334,97.83205166113213,81.13588466464441,Muy rapida,Media-alta,Muy estable,Rapido defensivo
KKR,KKR & Co. Inc.,Stock,NYSE,6282,USD,99.56999969482422,6,5,83.33333333333334,0.15732283409884149,0.1554714773345534,-0.09080957122457778,2026-05-15,4.0,4.6,3.7815340802378077,310.95389631923763,304.12449982732664,754.7495301947972,286.8217336339146,11.963090509599406,11.963090509599406,96.0,83.33333333333334,96.2184659197622,80.89009272206317,Muy rapida,Media-alta,Muy estable,Rapido defensivo
GPI,GROUP 1 AUTOMOTIVE INC,Stock,NYSE,5500,USD,316.3399963378906,6,5,83.33333333333334,0.13361754641574394,0.12131130941401665,-0.9515749673124104,2026-06-01,4.0,5.4,2.6076809620810595,54.32739389055682,41.86606379789973,130.4431873245223,46.09212407537815,10.160500925363865,10.160500925363865,96.0,83.33333333333334,97.39231903791894,81.0424654021036,Muy rapida,Media-alta,Muy estable,Rapido defensivo
MOG-A,MOOG INC.,Stock,NYSE,3590,USD,312.9700012207031,6,5,83.33333333333334,0.1287498450379598,0.136053876823434,-0.9928186448102103,2026-05-12,4.0,4.2,0.8366600265340756,89.20149784596816,62.0961331335925,172.7208391971592,67.45931114201179,9.790352799761529,9.790352799761529,96.0,83.33333333333334,99.16333997346592,81.30325084105786,Muy rapida,Media-alta,Muy estable,Rapido defensivo
GOOGL,Alphabet Inc.,Stock,Nasdaq,7370,USD,368.5299987792969,12,10,83.33333333333334,0.08678634633330033,0.07985437507035484,-0.7927918879272623,2026-06-08,4.0,10.6,12.121606054204754,142.60638955516455,183.53703688735683,328.09066633898675,129.17053745972422,6.599378419094713,6.599378419094713,96.0,83.33333333333334,87.87839394579524,79.56854543820259,Muy rapida,Media-alta,Estable,Rapido defensivo
GOOG,Alphabet Inc. Class C Capital Stock,Other Unmatched,,,USD,365.760009765625,6,5,83.33333333333334,0.0864828042591464,0.07984801752652955,-0.740040394551675,2026-06-08,4.0,10.6,12.856904759700136,147.3845609508324,193.232722456205,323.0314156126013,136.54388141169807,6.5762965738725905,6.5762965738725905,96.0,83.33333333333334,87.14309524029986,79.45794709030413,Muy rapida,Media-alta,Estable,Rapido defensivo
AEIS,ADVANCED ENERGY INDUSTRIES INC,Stock,Nasdaq,3679,USD,323.7900085449219,12,10,83.33333333333334,0.05701562627877558,0.057870570257031004,0.2492138389716105,2026-05-22,4.0,3.8,1.813529401164726,207.67193681672907,126.99954485755838,629.4383587480403,224.67203864711308,4.335563248281893,4.335563248281893,96.0,83.33333333333334,98.18647059883527,81.08498621610407,Muy rapida,Media-alta,Muy estable,Rapido defensivo
NCDL,Nuveen Churchill Direct Lending Corp.,Stock,NYSE,0,USD,12.899999618530272,6,5,83.33333333333334,2.570144289082824,2.9223388941704584,-2.0040942050083967,2026-03-31,5.0,10.2,9.984988733093292,211.44397540628543,157.23642161673487,565.8922091706015,208.17136237955728,156.35044425253847,156.35044425253847,95.0,83.33333333333334,90.01501126690671,82.07239597911882,Muy rapida,Media-alta,Estable,Rapido y rentable
ACCO,ACCO BRANDS Corp,Stock,NYSE,2780,USD,3.849999904632568,6,5,83.33333333333334,2.047581687729464,2.0014232315834124,-1.8600983750181435,2026-05-22,5.0,9.2,10.59245014149229,693.7304862991753,388.70152532160193,1536.3534316947814,718.2365024801989,124.56121933687577,124.56121933687577,95.0,83.33333333333334,89.4075498585077,81.45871416650562,Muy rapida,Media-alta,Estable,Rapido y rentable
MNSBP,"MainStreet Bancshares, Inc. Depositary Shares",Preferred,,,USD,25.167999267578125,6,5,83.33333333333334,1.8871245852872391,1.8687420805015122,-1.4215308057104856,2026-06-15,5.0,12.6,19.882152800941853,273.11046178810255,232.40375851567129,720.3947368421052,269.4245025436193,114.80007893830707,114.80007893830707,95.0,83.33333333333334,80.11784719905815,79.90480166514595,Muy rapida,Media-alta,Variable,Rapido y rentable
WEYS,WEYCO GROUP INC,Stock,Nasdaq,5130,USD,34.88999938964844,12,10,83.33333333333334,1.7914838156112125,0.8458400346384791,-3.6078308459314083,2026-05-19,5.0,12.0,15.986105077709064,156.4863472221081,172.61405223412905,321.6949152542373,112.7739245971981,108.98193211634876,108.98193211634876,95.0,83.33333333333334,84.01389492229093,80.39356805395485,Muy rapida,Media-alta,Variable,Rapido y rentable
KNTK,Kinetik Holdings Inc.,Stock,NYSE,4922,USD,48.119998931884766,6,5,83.33333333333334,1.7372215144164809,1.8057674965306703,-1.346266187207125,2026-04-24,5.0,4.0,1.7320508075688772,416.60673824601406,204.65288945016144,1403.848074493693,554.6181878092619,105.68097546033592,105.68097546033592,95.0,83.33333333333334,98.26794919243112,82.47741389328114,Muy rapida,Media-alta,Muy estable,Rapido y rentable
PFE,PFIZER INC,Stock,NYSE,2834,USD,26.479999542236328,6,5,83.33333333333334,1.6993903499648633,1.6718809972111957,-2.162027262187515,2026-05-08,5.0,9.0,10.074720839804943,217.7443932579895,232.1454837821656,320.20115750347486,115.92407207802542,103.37957962286254,103.37957962286254,95.0,83.33333333333334,89.92527916019506,81.18818222399412,Muy rapida,Media-alta,Estable,Rapido y rentable
MPX,"MARINE PRODUCTS GROUP, LLC",Stock,NYSE,3730,USD,8.460000038146973,6,5,83.33333333333334,1.6239862961160263,1.6413766163853722,-1.599703657284988,2026-05-08,5.0,24.8,35.8706007755655,524.8016567685719,127.32496051677616,1898.3459680149365,800.4063477255954,98.79249968039161,98.79249968039161,95.0,83.33333333333334,64.12939922443451,77.2433961797812,Muy rapida,Media-alta,Muy variable,Rapido y rentable
EGY,VAALCO ENERGY INC /DE/,Stock,NYSE,1311,USD,5.869999885559082,6,5,83.33333333333334,1.5321735407769668,1.5862333187551818,-0.5276729306033275,2026-05-22,5.0,6.0,5.830951894845301,596.5172788165137,185.85885353866192,1541.3226380979434,630.6803770893183,93.20722373059884,93.20722373059884,95.0,83.33333333333334,94.1690481051547,81.65753075655017,Muy rapida,Media-alta,Estable,Rapido y rentable
EIX,EDISON INTERNATIONAL,Stock,NYSE,4911,USD,73.58999633789062,6,5,83.33333333333334,1.3831001061777946,1.4809744005660828,-2.340403311891178,2026-04-07,5.0,8.0,8.154753215150045,235.55603032761684,273.05196883711875,406.2174272838525,137.30799314961686,84.1385897924825,84.1385897924825,95.0,83.33333333333334,91.84524678484996,81.15988712390529,Muy rapida,Media-alta,Estable,Rapido y rentable
OKE,ONEOK INC /NEW/,Stock,NYSE,4923,USD,90.36000061035156,6,5,83.33333333333334,1.2718868411243724,1.249338358717639,-2.256570625834199,2026-05-04,5.0,5.4,2.8809720581775866,176.7530426150043,180.42598916022567,204.6464824436259,22.280870930380967,77.37311616839933,77.37311616839933,95.0,83.33333333333334,97.11902794182241,81.83974103239773,Muy rapida,Media-alta,Muy estable,Rapido y rentable
LNC,LINCOLN NATIONAL CORP,Stock,NYSE,6311,USD,34.88999938964844,6,5,83.33333333333334,1.2580731766244055,1.2985736822319893,-4.26330869242366,2026-04-10,5.0,8.6,8.08084154033477,110.03499964294019,122.92216257148868,152.7020226984474,50.14238818640966,76.53278491131802,76.53278491131802,95.0,83.33333333333334,91.91915845966523,81.04594694557419,Muy rapida,Media-alta,Estable,Rapido y rentable
MATV,"Mativ Holdings, Inc.",Stock,NYSE,2621,USD,9.18000030517578,6,5,83.33333333333334,1.2119185033456004,1.0923074103555492,-0.5540515464132522,2026-05-29,5.0,10.8,13.16054710108968,904.1412505857583,163.62034818648146,3218.6954559690084,1358.3496916707732,73.72504228685737,73.72504228685737,95.0,83.33333333333334,86.83945289891032,80.23783643818214,Muy rapida,Media-alta,Estable,Rapido y rentable
CHRD,Chord Energy Corp,Stock,Nasdaq,1311,USD,149.64999389648438,12,10,83.33333333333334,1.2020773447651694,1.2584114749697428,-1.772293047196947,2026-05-20,5.0,5.8,4.638007234913623,359.2547650628786,167.87658060815812,827.2808601863273,307.4101532389206,73.12637180654781,73.12637180654781,95.0,83.33333333333334,95.36199276508637,81.50637625952812,Muy rapida,Media-alta,Muy estable,Rapido y rentable
EMN,EASTMAN CHEMICAL CO,Stock,NYSE,2821,USD,75.22000122070312,6,5,83.33333333333334,1.1334159376081705,1.153347284906836,-1.5845856848279556,2026-06-15,5.0,10.8,10.917875251164945,197.449137764142,145.57258865359006,552.2976906461719,203.67704791820552,68.94946953783037,68.94946953783037,95.0,83.33333333333334,89.08212474883506,80.49573464993344,Muy rapida,Media-alta,Estable,Rapido y rentable
AUB,Atlantic Union Bankshares Corp,Stock,NYSE,6022,USD,37.66999816894531,6,5,83.33333333333334,1.02855380362549,1.0342380092088408,-0.7613283297935443,2026-05-22,5.0,6.0,1.8708286933869707,155.6527700049964,174.40985546884022,241.34266655658564,76.29673578456209,62.57035638721731,62.57035638721731,95.0,83.33333333333334,98.12917130661303,81.74792949961744,Muy rapida,Media-alta,Muy estable,Rapido y rentable
BMRC,Bank of Marin Bancorp,Stock,Nasdaq,6022,USD,26.21999931335449,12,10,83.33333333333334,1.0131998087613885,0.9588024271042138,-1.552989450896006,2026-05-07,5.0,5.6,5.232377832092956,205.03149806386037,104.51891419892596,606.6008664579692,221.60434593253817,61.636321699651134,61.636321699651134,95.0,83.33333333333334,94.76762216790705,81.22834313394745,Muy rapida,Media-alta,Estable,Rapido y rentable
ASRV,AMERISERV FINANCIAL INC /PA/,Stock,Nasdaq,6021,USD,3.9700000286102295,12,10,83.33333333333334,1.0014624966506325,1.0037486672046696,0.75240540045443,2026-05-04,5.0,6.2,3.359894178227774,324.451717240175,188.56078019707624,1032.3232472399015,388.7740191017037,60.922301879580154,60.922301879580154,95.0,83.33333333333334,96.64010582177222,81.49747836991646,Muy rapida,Media-alta,Muy estable,Rapido y rentable
FKU,First Trust United Kingdom AlphaDEX Fund,ETF/Fund,US Listed,,USD,53.27000045776367,6,5,83.33333333333334,0.9182123050665482,0.7977933009829923,-0.9572733442031341,2026-06-25,5.0,7.0,7.648529270389178,196.5773576379964,96.75693717995868,643.1266063101183,253.6425243731258,55.85791522488168,55.85791522488168,95.0,83.33333333333334,92.35147072961082,80.77093291450817,Muy rapida,Media-alta,Estable,Rapido y rentable
GPC,GENUINE PARTS CO,Stock,NYSE,5013,USD,98.62999725341795,6,5,83.33333333333334,0.8565503968906767,0.8171691389681535,-0.47885693695844034,2026-06-05,5.0,4.8,2.280350850198276,212.1251539158248,94.13416530449985,657.9442692511652,250.1148904758842,52.106815810849504,52.106815810849504,95.0,83.33333333333334,97.71964914980173,81.51449776936094,Muy rapida,Media-alta,Muy estable,Rapido y rentable
HNI,HNI CORP,Stock,NYSE,2522,USD,31.76000022888184,6,5,83.33333333333334,0.8247996100081555,0.7691881798389764,-0.7302791579742168,2026-05-29,5.0,5.4,4.03732584763727,419.26240605608547,171.45011907263978,1477.799203187251,595.6169588123427,50.175309608829465,50.175309608829465,95.0,83.33333333333334,95.96267415236272,81.21920073286256,Muy rapida,Media-alta,Muy estable,Rapido y rentable
FCF,FIRST COMMONWEALTH FINANCIAL CORP /PA/,Stock,NYSE,6021,USD,18.600000381469727,6,5,83.33333333333334,0.7939125490412141,0.7930542226087217,-0.785231006061928,2026-05-08,5.0,17.2,25.98461083025874,213.6555814518603,99.93012515215224,643.0181135197481,263.2634136869751,48.296346733340535,48.296346733340535,95.0,83.33333333333334,74.01538916974125,77.8962209245024,Muy rapida,Media-alta,Variable,Rapido y rentable
ALLY,Ally Financial Inc.,Stock,NYSE,6022,USD,44.38999938964844,6,5,83.33333333333334,0.7691431063795905,0.7591590764313734,-1.4268859332580586,2026-05-01,5.0,13.8,18.390214789392758,181.3451163112193,111.73476274189149,474.9689574044547,182.4149065690817,46.78953897142509,46.78953897142509,95.0,83.33333333333334,81.60978521060724,79.01061088797067,Muy rapida,Media-alta,Variable,Rapido y rentable
DRI,DARDEN RESTAURANTS INC,Stock,NYSE,5812,USD,196.33999633789065,6,5,83.33333333333334,0.7463640306475018,0.7513642289007214,-1.770660005285323,2026-04-10,5.0,6.4,3.7148351242013424,158.22477439551056,116.74643970648786,379.4196705759307,129.6726645065649,45.4038118643897,45.4038118643897,95.0,83.33333333333334,96.28516487579866,81.1891387620173,Muy rapida,Media-alta,Muy estable,Rapido y rentable
SCVL,SHOE CARNIVAL INC,Stock,Nasdaq,5661,USD,16.0,6,5,83.33333333333334,0.7369618823217169,0.7277940725838337,-1.5208258583020402,2026-04-06,5.0,5.0,1.5811388300841898,246.20447109769708,190.41741187855652,410.4415138641361,135.71043374301087,44.83184784123779,44.83184784123779,95.0,83.33333333333334,98.41886116991581,81.49979105780909,Muy rapida,Media-alta,Muy estable,Rapido y rentable
SHOE,"Shoe Station Group, Inc. Common Stock",Other Unmatched,,,USD,16.0,6,5,83.33333333333334,0.7369618823217169,0.7277940725838337,-1.5208258583020402,2026-04-06,5.0,5.0,1.5811388300841898,246.20447109769708,190.41741187855652,410.4415138641361,135.71043374301087,44.83184784123779,44.83184784123779,95.0,83.33333333333334,98.41886116991581,81.49979105780909,Muy rapida,Media-alta,Muy estable,Rapido y rentable
KO,COCA COLA CO,Stock,NYSE,2080,USD,82.62000274658203,6,5,83.33333333333334,0.7035808293819965,0.7017318248720161,-1.2601888346081183,2026-06-15,5.0,17.4,24.182638400306942,60.61442667112469,58.8269058826945,132.37933979329625,51.32206338409604,42.80116712073813,42.80116712073813,95.0,83.33333333333334,75.81736159969306,78.07618506933595,Muy rapida,Media-alta,Variable,Rapido y rentable
KEAT,Keating Active ETF,ETF/Fund,US Listed,,USD,31.881999969482425,6,5,83.33333333333334,0.6754336237640953,0.6166684091300743,-0.7801702878545221,2026-06-29,5.0,10.6,9.864076236526156,54.27810329494059,39.26209256510774,101.48055616980764,35.705630018634665,41.08887877898247,41.08887877898247,95.0,83.33333333333334,90.13592376347384,80.19582218828516,Muy rapida,Media-alta,Estable,Rapido y rentable
GILD,"GILEAD SCIENCES, INC.",Stock,Nasdaq,2836,USD,125.58999633789062,12,10,83.33333333333334,0.6609029428030234,0.6729006625634419,-1.163455114387956,2026-06-15,5.0,13.0,11.215069227507147,79.74996133882938,51.528817946714135,178.7368795550688,59.83723353458568,40.20492902051726,40.20492902051726,95.0,83.33333333333334,88.78493077249286,79.97864255867695,Muy rapida,Media-alta,Estable,Rapido y rentable
NRES,Xtrackers RREEF Global Natural Resources ETF,ETF/Fund,US Listed,,USD,32.58599853515625,6,5,83.33333333333334,0.6574679738869224,0.7427846743232012,-1.2971778293748069,2026-06-18,5.0,22.4,35.24627639907512,83.91940721598672,70.58975929180822,184.54636524178727,67.13322903442331,39.99596841145445,39.99596841145445,95.0,83.33333333333334,64.75372360092487,76.37052651402566,Muy rapida,Media-alta,Muy variable,Rapido y rentable
BC,BRUNSWICK CORP,Stock,NYSE,3510,USD,77.55000305175781,6,5,83.33333333333334,0.643831289153526,0.654204296008323,-2.130906138718681,2026-05-18,5.0,7.6,6.54217089351845,194.49404469323426,112.32709608947246,403.5341385500555,154.8117619091106,39.166403423506175,39.166403423506175,95.0,83.33333333333334,93.45782910648155,80.66250565512576,Muy rapida,Media-alta,Estable,Rapido y rentable
MKAM,MKAM ETF,ETF/Fund,US Listed,,USD,31.67099952697754,6,5,83.33333333333334,0.6406338760120666,0.6470813485482035,-0.38785383367344534,2026-06-29,5.0,18.0,29.664793948382652,50.4277206581621,63.25525884498481,74.50223342312889,29.805271395111635,38.97189412406738,38.97189412406738,95.0,83.33333333333334,70.33520605161735,77.19091478375466,Muy rapida,Media-alta,Variable,Rapido y rentable
IBM,INTERNATIONAL BUSINESS MACHINES CORP,Stock,NYSE,3570,USD,231.30999755859372,6,5,83.33333333333334,0.6400508257198115,0.6614292373205601,-1.2720731843372646,2026-05-08,5.0,11.6,12.218837915284745,159.1223991013888,175.91987882482394,263.18272406927485,82.24799878728179,38.93642523128854,38.93642523128854,95.0,83.33333333333334,87.78116208471525,79.8072251384271,Muy rapida,Media-alta,Estable,Rapido y rentable
ONB,OLD NATIONAL BANCORP /IN/,Stock,Nasdaq,6021,USD,23.96999931335449,12,10,83.33333333333334,0.6248549354809795,0.6203469495901606,-1.1734729749997805,2026-06-05,5.0,23.4,27.901413743552293,150.97901892021966,65.14967367400969,535.7308518220549,209.02710750898453,38.01200857509293,38.01200857509293,95.0,83.33333333333334,72.0985862564477,77.43964287394815,Muy rapida,Media-alta,Variable,Rapido y rentable
TVE,Tennessee Valley Authority,Stock,NYSE,4911,USD,24.040000915527344,6,5,83.33333333333334,0.5887571238645603,0.5858563958604911,-0.2578372069837869,2026-04-30,5.0,5.4,3.2093613071762426,84.91996904797706,62.10808036658283,207.0816326530613,71.73681516726492,35.81605836842742,35.81605836842742,95.0,83.33333333333334,96.79063869282376,81.10735292778811,Muy rapida,Media-alta,Muy estable,Rapido y rentable
CBT,CABOT CORP,Stock,NYSE,2890,USD,87.70999908447266,6,5,83.33333333333334,0.5817798199256978,0.5719566788465646,-0.32014757876947175,2026-05-29,5.0,6.2,6.978538528947161,191.7232280846039,57.31961111816219,422.9273157319111,190.231289694633,35.39160571214663,35.39160571214663,95.0,83.33333333333334,93.02146147105285,80.53499904058363,Muy rapida,Media-alta,Estable,Rapido y rentable
BDX,BECTON DICKINSON & CO,Stock,NYSE,3841,USD,149.99000549316406,6,5,83.33333333333334,0.5782058329075418,0.5704726453364396,-0.6268501470005159,2026-06-09,5.0,9.8,10.80277742064512,226.56279956702028,104.165776973137,754.3806273713103,303.7078165085329,35.17418816854213,35.17418816854213,95.0,83.33333333333334,89.19722257935489,79.95778921981078,Muy rapida,Media-alta,Estable,Rapido y rentable
TDSC,ETC Cabana Target Drawdown 10 ETF,ETF/Fund,US Listed,,USD,27.5629997253418,6,5,83.33333333333334,0.5760363172997878,0.6123398929156001,-0.4914952812236159,2026-06-26,5.0,8.6,10.644247272588137,93.35797380454187,95.35439269300754,188.113922939784,67.65318518672042,35.042209302403755,35.042209302403755,95.0,83.33333333333334,89.35575272741187,79.97939922641156,Muy rapida,Media-alta,Estable,Rapido y rentable
ATO,ATMOS ENERGY CORP,Stock,NYSE,4924,USD,177.80999755859375,6,5,83.33333333333334,0.555886686380071,0.5577758443797611,-0.3369980346735943,2026-05-26,5.0,20.6,25.58906016249913,89.06091523976582,65.84844214178477,247.80202250041611,100.0286241854007,33.81644008812099,33.81644008812099,95.0,83.33333333333334,74.41093983750088,77.71752766200521,Muy rapida,Media-alta,Variable,Rapido y rentable
TDSB,ETC Cabana Target Beta ETF,ETF/Fund,US Listed,,USD,24.60099983215332,6,5,83.33333333333334,0.5403949801125324,0.522535757206154,-0.3063212546368801,2026-06-26,5.0,5.6,1.51657508881031,62.65866064498083,56.93527358431724,117.39353724945536,33.84115120187064,32.87402795684572,32.87402795684572,95.0,83.33333333333334,98.48342491118969,81.31290871679099,Muy rapida,Media-alta,Muy estable,Rapido y rentable
LEGR,First Trust Indxx Innovative Transaction & Process ETF,ETF/Fund,US Listed,,USD,64.4010009765625,6,5,83.33333333333334,0.5353383846894094,0.3525453061444609,-0.8698742152381457,2026-06-25,5.0,5.2,4.024922359499621,93.6723278109967,34.3079003199655,237.7574002919877,94.64783462277418,32.566418401939075,32.566418401939075,95.0,83.33333333333334,95.97507764050037,80.93160003076447,Muy rapida,Media-alta,Muy estable,Rapido y rentable
TRGP,Targa Resources Corp.,Stock,NYSE,4922,USD,250.13999938964844,6,5,83.33333333333334,0.5300560615523239,0.5305854724229718,-0.5584899141075216,2026-04-30,5.0,6.2,5.585696017507577,529.2427544568211,113.0208608207202,1632.8237513477409,706.8906941375299,32.245077077766375,32.245077077766375,95.0,83.33333333333334,94.41430398249243,80.6922016589262,Muy rapida,Media-alta,Estable,Rapido y rentable
HII,"HUNTINGTON INGALLS INDUSTRIES, INC.",Stock,NYSE,3730,USD,320.8999938964844,6,5,83.33333333333334,0.508198979769407,0.4647422925691801,-0.8336860259394431,2026-05-29,5.0,5.8,5.449770637375485,208.17250065619228,183.7406286828679,554.9983478692242,214.73510843677366,30.915437935972264,30.915437935972264,95.0,83.33333333333334,94.55022936262452,80.69073338416308,Muy rapida,Media-alta,Estable,Rapido y rentable
WS,"Worthington Steel, Inc.",Stock,NYSE,3310,USD,43.5,6,5,83.33333333333334,0.503132587485195,0.48388949835222583,-0.7101418484558516,2026-06-12,5.0,10.4,11.126544836560898,314.23932937077836,97.29526481827064,1268.8293711952483,535.3111946842715,30.607232405349365,30.607232405349365,95.0,83.33333333333334,88.8734551634391,79.83415086200107,Muy rapida,Media-alta,Estable,Rapido y rentable
GD,GENERAL DYNAMICS CORP,Stock,NYSE,3730,USD,343.8999938964844,6,5,83.33333333333334,0.48286572987727344,0.4863433199593118,-0.7513731559354951,2026-04-10,5.0,8.6,8.988882021697693,266.53426376803156,114.59336832095192,849.9908162099059,342.6020739539967,29.374331900867467,29.374331900867467,95.0,83.33333333333334,91.01111797830231,80.13453342662262,Muy rapida,Media-alta,Estable,Rapido y rentable
MAS,MASCO CORP /DE/,Stock,NYSE,3430,USD,67.1500015258789,6,5,83.33333333333334,0.4583316273740536,0.4617764890957805,-0.5523428158404631,2026-05-22,5.0,3.6,2.4083189157584592,171.71792636271653,194.4860382689293,233.7307806580367,69.5062013456692,27.88184066525493,27.88184066525493,95.0,83.33333333333334,97.59168108424154,81.09708379001027,Muy rapida,Media-alta,Muy estable,Rapido y rentable
VCLT,Vanguard Long-Term Corporate Bond ETF,ETF/Fund,US Listed,,USD,75.25,18,15,83.33333333333334,0.45604694729592743,0.45411731539508604,-0.4344822585097904,2026-07-01,5.0,11.0,13.938641048743392,86.89149289292548,55.16915955922166,350.81408993315574,95.79094559800626,27.74285596050226,27.74285596050226,95.0,83.33333333333334,86.06135895125661,79.36525078998443,Muy rapida,Media-alta,Estable,Rapido y rentable
IBGK,iShares iBonds Dec 2054 Term Treasury ETF,ETF/Fund,US Listed,,USD,23.364999771118164,18,15,83.33333333333334,0.3753462863450861,0.3775715715883835,-0.4640936383220048,2026-07-01,5.0,16.6,26.794988870522577,94.50405488576273,37.94087154984528,471.80285419038864,139.107653902049,22.833565752659407,22.833565752659407,95.0,83.33333333333334,73.20501112947743,77.3560979557667,Muy rapida,Media-alta,Variable,Rapido defensivo
IEX,IDEX CORP /DE/,Stock,NYSE,3561,USD,205.6100006103516,6,5,83.33333333333334,0.36986559820548587,0.3677815800578506,-0.6318436033073157,2026-05-22,5.0,6.0,5.830951894845301,255.637270602569,103.48412161044656,692.3298124796428,298.2164429557615,22.500157224167065,22.500157224167065,95.0,83.33333333333334,94.1690481051547,80.49522281397869,Muy rapida,Media-alta,Estable,Rapido defensivo
VGLT,Vanguard Long-Term Treasury ETF,ETF/Fund,US Listed,,USD,55.18000030517578,18,15,83.33333333333334,0.3698296858852857,0.3737592057300625,-0.42874941738515215,2026-07-01,5.0,13.333333333333334,23.429732839970264,95.32192252625335,56.17657326362976,480.47494643004296,127.63875552177055,22.497972558021548,22.497972558021548,95.0,83.33333333333334,76.57026716002974,77.85536975988975,Muy rapida,Media-alta,Variable,Rapido defensivo
FLS,FLOWSERVE CORP,Stock,NYSE,3561,USD,74.98999786376953,6,5,83.33333333333334,0.3503868047616709,0.3466302296764805,-0.6289620333967948,2026-06-26,5.0,13.0,18.986837546047525,389.8302094533356,86.15335951429017,1385.9856834149862,578.5140361701442,21.315197289668312,21.315197289668312,95.0,83.33333333333334,81.01316245395248,78.50236117285453,Muy rapida,Media-alta,Variable,Rapido defensivo
COF,CAPITAL ONE FINANCIAL CORP,Stock,NYSE,6021,USD,187.1699981689453,6,5,83.33333333333334,0.34564289762940853,0.3485393466762442,-2.321602812515592,2026-05-19,5.0,6.0,3.5355339059327378,75.57385257402686,64.43076473638133,158.3423869679452,52.59280423541234,21.026609605789023,21.026609605789023,95.0,83.33333333333334,96.46446609406726,80.81531281173949,Muy rapida,Media-alta,Muy estable,Rapido defensivo
TFX,TELEFLEX INC,Stock,NYSE,3841,USD,131.89999389648438,6,5,83.33333333333334,0.2753911396849725,0.2725954395781402,-0.706646765278527,2026-05-22,5.0,8.2,10.377861051295685,329.24473316916414,188.658619570634,1052.7332237020762,422.284556344276,16.75296099750249,16.75296099750249,95.0,83.33333333333334,89.62213894870432,79.71871198199062,Muy rapida,Media-alta,Estable,Rapido defensivo
GWRS,"Global Water Resources, Inc.",Stock,Nasdaq,4941,USD,7.03000020980835,36,30,83.33333333333334,0.269567501288811,0.25138267558342564,-1.2866348494160182,2026-06-15,5.0,5.6,5.869852844304796,199.6633789042482,73.34604761337978,1099.066555829776,275.887990506245,16.398689661736004,16.398689661736004,95.0,83.33333333333334,94.1301471556952,80.38908957464308,Muy rapida,Media-alta,Estable,Rapido defensivo
RSG,"REPUBLIC SERVICES, INC.",Stock,NYSE,4953,USD,220.6499938964844,6,5,83.33333333333334,0.2694121486033131,0.27911656987658906,-0.7808458323036219,2026-04-02,5.0,7.4,9.09945053286186,179.6296255530071,63.50061918878013,523.5568324730829,213.86478879846902,16.38923904003488,16.38923904003488,95.0,83.33333333333334,90.90054946713813,79.90449456867402,Muy rapida,Media-alta,Estable,Rapido defensivo
BCC,BOISE CASCADE Co,Stock,NYSE,5030,USD,69.72000122070312,6,5,83.33333333333334,0.26047105437577983,0.26037079315017614,-1.9845167940196824,2026-06-01,5.0,6.0,2.9154759474226504,146.57353259059153,51.70511388602881,527.7463768270766,214.99470047514913,15.845322474526608,15.845322474526608,95.0,83.33333333333334,97.08452405257735,80.82314966226238,Muy rapida,Media-alta,Muy estable,Rapido defensivo
EFX,EQUIFAX INC,Stock,NYSE,7320,USD,163.10000610351562,6,5,83.33333333333334,0.23353989846567758,0.21847224301942303,-1.6105564451589647,2026-05-22,5.0,5.0,2.7386127875258306,129.64502347246122,81.92959806689792,335.6807487228366,122.32391179075087,14.207010489995387,14.207010489995387,95.0,83.33333333333334,97.26138721247418,80.8227479803368,Muy rapida,Media-alta,Muy estable,Rapido defensivo
SHW,SHERWIN WILLIAMS CO,Stock,NYSE,5200,USD,309.3399963378906,6,5,83.33333333333334,0.22752213005032482,0.21959949422853986,-0.8531412223414149,2026-05-22,5.0,5.6,3.9749213828703582,94.57450536146703,62.90147606669607,287.79888608521753,109.70942823582598,13.840929578061429,13.840929578061429,95.0,83.33333333333334,96.02507861712964,80.63128392261977,Muy rapida,Media-alta,Muy estable,Rapido defensivo
AVGO,Broadcom Inc.,Stock,Nasdaq,3674,USD,411.3500061035156,12,10,83.33333333333334,0.2109777669076113,0.2001536484668455,-0.8913158139359137,2026-06-22,5.0,14.6,16.242605155030464,132.9067087447833,62.19981094331444,495.6630333737208,194.0714041246778,12.834480820213024,12.834480820213024,95.0,83.33333333333334,83.75739484496954,78.77458699365305,Muy rapida,Media-alta,Variable,Rapido defensivo
TTEK,TETRA TECH INC,Stock,Nasdaq,8711,USD,27.059999465942383,12,10,83.33333333333334,0.19307555430006404,0.18230864546170888,-3.0725763529826753,2026-05-14,5.0,21.2,34.1525987298185,64.49083230509899,35.374811244350475,167.8279230453443,58.62797561653683,11.745429553253897,11.745429553253897,95.0,83.33333333333334,65.8474012701815,76.07018574482728,Muy rapida,Media-alta,Variable,Rapido defensivo
VMI,VALMONT INDUSTRIES INC,Stock,NYSE,3440,USD,583.5499877929688,6,5,83.33333333333334,0.18423376257150434,0.18964902788525995,-0.5242886389874575,2026-06-26,5.0,11.0,14.6799182559032,455.7400377497846,30.192947289159044,2090.946855846749,915.2993657314187,11.207553889766514,11.207553889766514,95.0,83.33333333333334,85.3200817440968,78.98224602418603,Muy rapida,Media-alta,Estable,Rapido defensivo
DHR,DANAHER CORP /DE/,Stock,NYSE,3823,USD,193.2100067138672,6,5,83.33333333333334,0.17424564758111508,0.16759392858838465,-0.6520245495727933,2026-06-26,5.0,5.0,4.527692569068709,310.9706235130276,75.69806991129943,744.239040450421,349.4897336335039,10.599943561184503,10.599943561184503,95.0,83.33333333333334,95.4723074309313,80.49509176222081,Muy rapida,Media-alta,Muy estable,Rapido defensivo
MA,Mastercard Inc,Stock,NYSE,7389,USD,507.1199951171875,6,5,83.33333333333334,0.14900677163380463,0.14857731209957958,0.3431208636764031,2026-04-09,5.0,18.2,32.97271599368181,617.0948478890039,67.75290643868863,2758.489343043525,1200.0526240259856,9.064578607723115,9.064578607723115,95.0,83.33333333333334,67.02728400631818,76.20309937258153,Muy rapida,Media-alta,Variable,Rapido defensivo
FTV,Fortive Corp,Stock,NYSE,3823,USD,61.02999877929688,6,5,83.33333333333334,0.10907458286073973,0.1109369657296708,-0.40293933773592605,2026-06-22,5.0,7.2,7.259476565152615,96.8754144601433,106.2840512615626,134.32329479763965,44.051687848313094,6.635370457361668,6.635370457361668,95.0,83.33333333333334,92.74052343484739,80.02015309808785,Muy rapida,Media-alta,Estable,Rapido defensivo
CTS,CTS CORP,Stock,NYSE,3672,USD,66.81999969482422,6,5,83.33333333333334,0.0863324896517691,0.0911058607745554,-1.1356062513669805,2026-06-26,5.0,13.4,19.269146322554096,68.55784576919679,52.50714524053538,184.85293261447717,67.75847657112386,5.251893120482621,5.251893120482621,95.0,83.33333333333334,80.73085367744591,78.19596054126865,Muy rapida,Media-alta,Variable,Rapido defensivo
HLT,Hilton Worldwide Holdings Inc.,Stock,NYSE,7011,USD,322.760009765625,6,5,83.33333333333334,0.05358910973186668,0.0551493385739285,-0.4219916568924451,2026-05-22,5.0,12.0,16.911534525287763,339.03054364432666,36.045374864464925,1423.7103633452864,610.8390287125752,3.260004175355223,3.260004175355223,95.0,83.33333333333334,83.08846547471224,78.5168589309387,Muy rapida,Media-alta,Variable,Rapido defensivo
FXC,Invesco CurrencyShares Canadian Dollar Trust,Stock,NYSE,6221,USD,70.87000274658203,18,15,83.33333333333334,0.035240935821476964,0.039086760552315705,-0.14238844756226943,2026-06-01,5.0,9.933333333333334,16.472776965417243,50.2049087121007,23.432244329371663,201.3185061916595,63.43595930509456,2.143823595806515,2.143823595806515,95.0,83.33333333333334,83.52722303458276,78.5643243910089,Muy rapida,Media-alta,Variable,Rapido defensivo
HOVNP,Hovnanian Enterprises Inc Dep Shr Srs A Pfd,Other Unmatched,,,USD,20.600000381469727,6,5,83.33333333333334,2.488136707159123,2.327539446063848,-0.7939763313695206,2026-07-01,6.0,6.6,6.024948132556827,509.2747157237786,151.22323288019274,1189.7065265136375,542.898557989999,126.13470807126112,126.13470807126112,94.0,83.33333333333334,93.97505186744317,82.2843944872756,Muy rapida,Media-alta,Estable,Rapido y rentable
ET,Energy Transfer LP,Stock,NYSE,4922,USD,19.920000076293945,6,5,83.33333333333334,1.811507444023108,1.8572714206629064,-1.9644101684247122,2026-05-08,6.0,8.8,6.978538528947161,129.0816591924161,127.92291688878554,209.0815797238199,62.5724298815248,91.833363481727,91.833363481727,94.0,83.33333333333334,93.02146147105285,81.46472666468104,Muy rapida,Media-alta,Estable,Rapido y rentable
DOW,DOW INC.,Stock,NYSE,2821,USD,34.77000045776367,6,5,83.33333333333334,1.5530668176523736,1.4441620599380272,-0.7740285751348956,2026-05-29,6.0,6.6,5.856620185738529,496.62913946475993,171.46025556167385,1440.4681526677589,565.0620385435454,78.73185950598838,78.73185950598838,94.0,83.33333333333334,94.14337981426146,81.3745737897916,Muy rapida,Media-alta,Estable,Rapido y rentable
ITRN,Ituran Location and Control Ltd. Ordinary Shares,Other Unmatched,,,USD,63.54999923706055,6,5,83.33333333333334,1.5082752562854618,1.3578924630826592,-2.3139027602387987,2026-06-24,6.0,5.8,2.8635642126552705,177.23568684831628,131.2584358844641,275.9642667885048,76.08826316791682,76.46117618669356,76.46117618669356,94.0,83.33333333333334,97.13643578734472,81.77874062438717,Muy rapida,Media-alta,Muy estable,Rapido y rentable
QQQI,NEOS Nasdaq 100 High Income ETF,ETF/Fund,US Listed,,USD,57.63999938964844,18,15,83.33333333333334,1.1778139071386085,1.171410752066946,-1.057346917515991,2026-06-16,6.0,11.8,13.039500428642635,150.94778849454042,75.84528020805642,773.893675531545,196.26848445938924,59.70862168133224,59.70862168133224,94.0,83.33333333333334,86.96049957135736,79.92188884284222,Muy rapida,Media-alta,Estable,Rapido y rentable
MUR,MURPHY OIL CORP,Stock,NYSE,1311,USD,40.63999938964844,6,5,83.33333333333334,1.1624613168507885,1.1085042439540147,-2.2695959721152428,2026-05-18,6.0,9.4,8.792041856133306,150.16494496258275,118.33190177817998,321.2109404401042,101.56269711327757,58.930330645908036,58.930330645908036,94.0,83.33333333333334,91.20795814386669,80.5436550384308,Muy rapida,Media-alta,Estable,Rapido y rentable
WSBC,WESBANCO INC,Stock,Nasdaq,6021,USD,34.61000061035156,12,10,83.33333333333334,1.1340188446717205,1.1277388631953618,-1.8519171615041643,2026-06-05,6.0,14.2,13.76630346574966,306.86406471444445,231.24303069877925,959.8951698120258,363.2882036437144,57.48845532016361,57.48845532016361,94.0,83.33333333333334,86.23369653425034,79.76907332480927,Muy rapida,Media-alta,Estable,Rapido y rentable
M,"Macy's, Inc.",Stock,NYSE,5311,USD,25.3700008392334,6,5,83.33333333333334,1.09435348409798,1.0959878646954078,-1.910537996664326,2026-06-15,6.0,9.0,6.819090848492928,227.46014018715215,235.48391608029797,482.3596960035253,167.06476026635968,55.47764190218927,55.47764190218927,94.0,83.33333333333334,93.18090915150707,80.77148985682405,Muy rapida,Media-alta,Estable,Rapido y rentable
FID,First Trust S&P International Dividend Aristocrats ETF,ETF/Fund,US Listed,,USD,21.63999938964844,6,5,83.33333333333334,1.0817259106589583,1.1904569519374653,-1.015870790247676,2026-06-25,6.0,6.8,4.08656334834051,106.84956087249591,55.35828805318693,264.18676598279694,93.50518046102134,54.83749408201665,54.83749408201665,94.0,83.33333333333334,95.9134366516595,81.16874140840788,Muy rapida,Media-alta,Muy estable,Rapido y rentable
DRH,Diamondrock Hospitality Company Common Stock,Other Unmatched,,,USD,12.260000228881836,6,5,83.33333333333334,1.007040524033487,1.00852833113809,-1.4045555884775682,2026-06-30,6.0,11.4,14.397916515940771,115.19920915586742,132.7557894703337,199.3890744719718,67.30303534319454,51.05135989891983,51.05135989891983,94.0,83.33333333333334,85.60208348405922,79.54735304664237,Muy rapida,Media-alta,Estable,Rapido y rentable
FEMS,First Trust Emerging Markets Small Cap AlphaDEX Fund,ETF/Fund,US Listed,,USD,45.77000045776367,6,5,83.33333333333334,0.9843628285080807,1.0876640278412177,-1.2410908570642223,2026-06-25,6.0,8.0,9.899494936611665,176.75356183408914,79.24008866404215,539.4777314479863,213.42230456429735,49.9017267229791,49.9017267229791,94.0,83.33333333333334,90.10050506338834,80.19943858801633,Muy rapida,Media-alta,Estable,Rapido y rentable
IPKW,Invesco International BuyBack Achievers ETF,ETF/Fund,US Listed,,USD,57.55099868774414,6,5,83.33333333333334,0.9477361200432521,0.9904600335139467,-0.37434395540491633,2026-06-22,6.0,7.0,3.8078865529319543,93.92555328758547,73.36303611971448,215.7332229227167,74.45580310248371,48.04495608552598,48.04495608552598,94.0,83.33333333333334,96.19211344706804,81.07655313710346,Muy rapida,Media-alta,Muy estable,Rapido y rentable
FDBC,FIDELITY D & D BANCORP INC,Stock,Nasdaq,6021,USD,45.27999877929688,12,10,83.33333333333334,0.9313319460833053,0.9393024869265372,-1.4293867647632796,2026-05-20,6.0,14.6,15.952707885775657,245.89858983394657,184.12508370113724,601.7368275851112,236.25644348866692,47.213355600056445,47.213355600056445,94.0,83.33333333333334,84.04729211422435,79.23842576321695,Muy rapida,Media-alta,Variable,Rapido y rentable
FFBC,FIRST FINANCIAL BANCORP /OH/,Stock,Nasdaq,6021,USD,30.76000022888184,12,10,83.33333333333334,0.9202127833016526,0.9173696768870945,-0.891753535131671,2026-06-01,6.0,6.0,3.1269438398822866,113.75408055998567,107.97485430655752,171.15506905897874,49.96018114132952,46.64967582015323,46.64967582015323,94.0,83.33333333333334,96.87305616011771,81.15117120731931,Muy rapida,Media-alta,Muy estable,Rapido y rentable
BBT,Beacon Financial Corp,Stock,NYSE,6036,USD,28.38999938964844,6,5,83.33333333333334,0.9007031201109483,0.8740717384835921,-0.9616391886992165,2026-05-15,6.0,10.0,13.30413469565007,290.51857466264994,163.49371898458912,601.9511848824924,265.3475819534482,45.66064428340224,45.66064428340224,94.0,83.33333333333334,86.69586530434992,79.60508291576343,Muy rapida,Media-alta,Estable,Rapido y rentable
PAYX,PAYCHEX INC,Stock,Nasdaq,8700,USD,93.70999908447266,12,10,83.33333333333334,0.8957651321260086,0.8550500662322227,-1.6484289595320334,2026-05-13,6.0,10.6,9.395034149308168,79.27024794825793,89.85671729854725,139.9341593812671,54.44652482699929,45.41031572583239,45.41031572583239,94.0,83.33333333333334,90.60496585069183,80.18651000972977,Muy rapida,Media-alta,Estable,Rapido y rentable
FEP,First Trust Europe AlphaDEX Fund,ETF/Fund,US Listed,,USD,57.09999847412109,6,5,83.33333333333334,0.8655540813376935,0.6882063030622285,-1.0471154479509004,2026-06-25,6.0,10.6,10.784247771634329,82.62075049553737,61.37281363261303,196.0452371937486,67.52838059182407,43.878783290035855,43.878783290035855,94.0,83.33333333333334,89.21575222836567,79.94791691559254,Muy rapida,Media-alta,Estable,Rapido y rentable
AEO,AMERICAN EAGLE OUTFITTERS INC,Stock,NYSE,5651,USD,18.540000915527344,6,5,83.33333333333334,0.8519998765400967,0.7908705518504489,-2.397738734984925,2026-04-10,6.0,6.8,3.7013511046643495,172.61360548999113,143.613680772976,329.7596867723561,91.59170175485414,43.19166040793546,43.19166040793546,94.0,83.33333333333334,96.29864889533565,80.99679721084044,Muy rapida,Media-alta,Muy estable,Rapido y rentable
EOG,EOG RESOURCES INC,Stock,NYSE,1311,USD,132.38999938964844,6,5,83.33333333333334,0.8499813118147278,0.8639262683681772,-0.4766835952273312,2026-04-16,6.0,4.4,3.1304951684997055,305.79519779429336,89.94347896569576,744.3937613577937,334.46105236998767,43.089330390607735,43.089330390607735,94.0,83.33333333333334,96.8695048315003,81.08040703653978,Muy rapida,Media-alta,Muy estable,Rapido y rentable
TRNO,Terreno Realty Corp,Stock,NYSE,6500,USD,65.3499984741211,6,5,83.33333333333334,0.8366259637992158,0.8447151491716026,-1.0196054922514908,2026-06-26,6.0,10.8,13.718600511714014,174.66316235841742,69.76981292994677,642.3133772417549,261.9761625473687,42.412288442599134,42.412288442599134,94.0,83.33333333333334,86.28139948828598,79.47883588704212,Muy rapida,Media-alta,Estable,Rapido y rentable
RBB,RBB Bancorp,Stock,Nasdaq,6022,USD,23.8700008392334,12,10,83.33333333333334,0.8311432955615689,0.8342930375752167,-1.180261143843765,2026-04-30,6.0,5.0,3.590109871423002,322.22465218478294,197.29747291083808,657.8161778648529,280.49809631647923,42.13434762221842,42.13434762221842,94.0,83.33333333333334,96.409890128577,80.99262681484812,Muy rapida,Media-alta,Muy estable,Rapido y rentable
FEUZ,First Trust Eurozone AlphaDEX ETF,ETF/Fund,US Listed,,USD,66.7750015258789,6,5,83.33333333333334,0.7890644430403025,0.5798547983007545,-0.7895504463691246,2026-06-25,6.0,5.2,3.96232255123179,151.1670526430599,55.3613034041341,490.3067649239754,192.5446589771749,40.00118357079312,40.00118357079312,94.0,83.33333333333334,96.0376774487682,80.89471606035553,Muy rapida,Media-alta,Muy estable,Rapido y rentable
MBWM,MERCANTILE BANK CORP,Stock,Nasdaq,6022,USD,52.630001068115234,12,10,83.33333333333334,0.7876751147548068,0.7865662127798351,-0.626650129753953,2026-06-05,6.0,21.8,27.38531642241067,360.03675171920116,234.319196685161,1202.0970135013229,464.80714209234924,39.93075234520895,39.93075234520895,94.0,83.33333333333334,72.61468357758933,77.3798776513932,Muy rapida,Media-alta,Variable,Rapido y rentable
EBMT,"Eagle Bancorp Montana, Inc.",Stock,Nasdaq,6022,USD,22.059999465942383,12,10,83.33333333333334,0.78647261251966,0.832038066156567,-0.211818446820123,2026-05-15,6.0,20.2,29.637813684548327,480.15584027845114,59.65857653084012,2221.641264207238,917.8212744161281,39.869792162455,39.869792162455,94.0,83.33333333333334,70.36218631545168,77.04080055983742,Muy rapida,Media-alta,Variable,Rapido y rentable
TCBK,TRICO BANCSHARES /,Stock,Nasdaq,6022,USD,50.70000076293945,12,10,83.33333333333334,0.7664154437440397,0.7644386632014277,-0.7465081914138537,2026-06-05,6.0,11.6,11.635195648452921,254.04066633082365,139.66478005938137,883.5108199954391,337.3152981358219,38.853005134246466,38.853005134246466,94.0,83.33333333333334,88.36480435154708,79.7211360964761,Muy rapida,Media-alta,Estable,Rapido y rentable
WNEB,"Western New England Bancorp, Inc.",Stock,Nasdaq,6035,USD,13.420000076293944,12,10,83.33333333333334,0.6159006700054318,0.6090781973464022,-0.9330367382246932,2026-05-13,6.0,5.6,3.0258148581093915,184.84724853800313,121.84129321697868,404.6978619871169,152.9684446013147,31.222742298886477,31.222742298886477,94.0,83.33333333333334,96.97418514189062,80.86202844128903,Muy rapida,Media-alta,Muy estable,Rapido y rentable
MCD,MCDONALDS CORP,Stock,NYSE,5812,USD,276.1099853515625,6,5,83.33333333333334,0.5880350217058924,0.5692907714645152,-0.7202848109640022,2026-06-02,6.0,21.8,35.102706448363776,105.89946705814543,75.17125479514714,278.92870263978,104.95814548785786,29.810108739257046,29.810108739257046,94.0,83.33333333333334,64.89729355163622,76.02262905445133,Muy rapida,Media-alta,Muy variable,Rapido y rentable
CWBC,Community West Bancshares,Stock,Nasdaq,6022,USD,24.170000076293945,12,10,83.33333333333334,0.5765505496735246,0.5901781864425848,-0.3118854048493895,2026-05-08,6.0,9.6,10.595596569644705,361.1976099942093,143.78802344912577,1272.285236903599,487.0825513614776,29.22790980983841,29.22790980983841,94.0,83.33333333333334,89.4044034303553,79.68721106422683,Muy rapida,Media-alta,Estable,Rapido y rentable
BPOPM,"Popular, Inc. Popular Capital Trust II - 6.125% Cumulative Monthly Income Trust Preferred Securities",ETF/Fund,,,USD,25.420000076293945,18,15,83.33333333333334,0.503175795976885,0.5044633508568985,-0.2844619873244687,2026-06-15,6.0,13.0,21.846869667888676,115.09607988651109,37.91024934815288,374.7515070067125,118.41669105378699,25.50821743493931,25.50821743493931,94.0,83.33333333333334,78.15313033211132,77.92614534579359,Muy rapida,Media-alta,Variable,Rapido y rentable
ATKR,Atkore Inc.,Stock,NYSE,3690,USD,74.51000213623047,6,5,83.33333333333334,0.4890139951314118,0.48517416891403764,-1.586273844809713,2026-05-19,6.0,8.6,9.316651759081692,153.3971596156095,54.56747809312187,374.56869971785846,168.3021656329841,24.790292808745185,24.790292808745185,94.0,83.33333333333334,90.6833482409183,79.79151623126916,Muy rapida,Media-alta,Estable,Rapido defensivo
ELV,"Elevance Health, Inc.",Stock,NYSE,6324,USD,424.4299926757813,6,5,83.33333333333334,0.48831678844676335,0.47582973684286367,-1.482910182829076,2026-06-10,6.0,8.2,8.28854631404084,152.49665441119237,53.48497020798326,475.84987446854575,189.48401594456493,24.754948303203978,24.754948303203978,94.0,83.33333333333334,91.71145368595916,79.94503484134064,Muy rapida,Media-alta,Estable,Rapido defensivo
SF,STIFEL FINANCIAL CORP,Stock,NYSE,6211,USD,70.1500015258789,6,5,83.33333333333334,0.4402124342170723,0.4461677322546785,-0.716831278445616,2026-06-01,6.0,5.2,1.3038404810405297,128.5335445146466,82.57391652128136,305.60375725427804,104.81021056713251,22.316324790171024,22.316324790171024,94.0,83.33333333333334,98.69615951895948,80.944636362061,Muy rapida,Media-alta,Muy estable,Rapido defensivo
MKTX,MARKETAXESS HOLDINGS INC,Stock,Nasdaq,6211,USD,141.8699951171875,12,10,83.33333333333334,0.42793268921802224,0.42278096457742353,-1.4350216342410596,2026-05-20,6.0,9.2,8.363943780033171,211.31541424288133,43.02508179269974,591.8897264458936,247.88812308123082,21.69380993952474,21.69380993952474,94.0,83.33333333333334,91.63605621996683,79.87334112221305,Muy rapida,Media-alta,Estable,Rapido defensivo
SCI,SERVICE CORP INTERNATIONAL,Stock,NYSE,7200,USD,76.91999816894531,6,5,83.33333333333334,0.4229802448437708,0.4191903780110776,-1.0184824815207503,2026-06-15,6.0,10.0,9.669539802906858,164.97350908707185,58.48663663554957,589.9085016386013,239.9250689466652,21.442748523330046,21.442748523330046,94.0,83.33333333333334,90.33046019709315,79.67254927440774,Muy rapida,Media-alta,Estable,Rapido defensivo
EYEG,AB Corporate Bond ETF,ETF/Fund,US Listed,,USD,35.33700180053711,18,15,83.33333333333334,0.4064058157277363,0.3984516419304185,-0.4371445612859402,2026-07-01,6.0,14.933333333333334,15.317901136842973,48.114258344139394,36.53071117429222,277.05164601324674,67.83609638952751,20.602517047308858,20.602517047308858,94.0,83.33333333333334,84.68209886315702,78.80872064520129,Muy rapida,Media-alta,Variable,Rapido defensivo
AIZ,"ASSURANT, INC.",Stock,NYSE,6399,USD,257.3500061035156,6,5,83.33333333333334,0.37804317611933597,0.3787293632191494,-0.9575269721160495,2026-06-08,6.0,18.2,24.232209969377536,65.3997686205677,47.96451698748388,186.29289368262408,68.78435075028175,19.164688789383007,19.164688789383007,94.0,83.33333333333334,75.76779003062246,77.44321168071271,Muy rapida,Media-alta,Variable,Rapido defensivo
IBGA,iShares iBonds Dec 2044 Term Treasury ETF,ETF/Fund,US Listed,,USD,24.4379997253418,18,15,83.33333333333334,0.37364409556289824,0.38098216062599766,-0.45741308892016874,2026-07-01,6.0,15.0,22.95025676793804,87.60018910834995,47.52462120918583,475.2920586104806,126.73231779420975,18.941679844508034,18.941679844508034,94.0,83.33333333333334,77.04974323206196,77.63110558037219,Muy rapida,Media-alta,Variable,Rapido defensivo
UFPI,UFP INDUSTRIES INC,Stock,Nasdaq,2421,USD,81.0,12,10,83.33333333333334,0.3665679267861539,0.35428690766752946,-1.44462414544362,2026-06-01,6.0,8.0,5.92546294487706,43.53427626982262,41.15453364034426,76.60490389223452,20.50373191804443,18.582957399575857,18.582957399575857,94.0,83.33333333333334,94.07453705512295,80.17774848505461,Muy rapida,Media-alta,Estable,Rapido defensivo
TLT,iShares 20+ Year Treasury Bond ETF,ETF/Fund,US Listed,,USD,86.41999816894531,18,15,83.33333333333334,0.36575385294944524,0.3681569468750183,-0.45590435159989223,2026-07-01,6.0,15.133333333333333,23.44558035313347,95.28805630725788,55.08855928408563,516.8468665549351,139.78797474398064,18.541688378687155,18.541688378687155,94.0,83.33333333333334,76.55441964686653,77.54891679997942,Muy rapida,Media-alta,Variable,Rapido defensivo
VIRC,VIRCO MFG CORPORATION,Stock,Nasdaq,2531,USD,6.130000114440918,12,10,83.33333333333334,0.3461759004284864,0.3414467336982864,-1.6772697520737356,2026-06-18,6.0,14.6,15.529183995160711,183.8186883434171,64.50512679019418,416.5035653379272,177.8989711588012,17.549194952277436,17.549194952277436,94.0,83.33333333333334,84.47081600483929,78.71679830115438,Muy rapida,Media-alta,Variable,Rapido defensivo
SAIC,Science Applications International Corp,Stock,Nasdaq,7373,USD,95.02999877929688,12,10,83.33333333333334,0.3439733015250203,0.3278691684134637,-1.1819813417409784,2026-04-10,6.0,9.8,10.778579580713675,372.32875967102734,98.58278769607108,1269.873513201804,500.1815263761724,17.437535424532282,17.437535424532282,94.0,83.33333333333334,89.22142041928632,79.42718636441798,Muy rapida,Media-alta,Estable,Rapido defensivo
FTXH,First Trust Nasdaq Pharmaceuticals ETF,ETF/Fund,US Listed,,USD,36.777000427246094,6,5,83.33333333333334,0.34079129578877,0.3536539370591304,-0.3812732963093917,2026-06-25,6.0,4.0,2.7386127875258306,195.69001182185508,156.44380287007775,435.69362018158114,135.96029061046985,17.276225411514034,17.276225411514034,94.0,83.33333333333334,97.26138721247418,80.6299993776599,Muy rapida,Media-alta,Muy estable,Rapido defensivo
UTEN,US Treasury 10 Year Note ETF,ETF/Fund,US Listed,,USD,43.57500076293945,18,15,83.33333333333334,0.3396626306015425,0.3337221378561047,-0.2095420839318146,2026-06-29,6.0,13.733333333333333,17.954174471481025,77.77537308955887,34.196270434437075,437.82950369923634,111.34647129233525,17.21900835688375,17.21900835688375,94.0,83.33333333333334,82.04582552851898,78.34653645987939,Muy rapida,Media-alta,Variable,Rapido defensivo
IBTO,iShares iBonds Dec 2033 Term Treasury ETF,ETF/Fund,US Listed,,USD,24.131999969482425,18,15,83.33333333333334,0.3380498120180801,0.3419028044953122,-0.3864185711794488,2026-07-01,6.0,20.066666666666666,26.65779614368178,63.455507140694046,22.50570428704148,422.679418848671,109.69316627613459,17.137247414805454,17.137247414805454,94.0,83.33333333333334,73.34220385631822,77.03938039046582,Muy rapida,Media-alta,Variable,Rapido defensivo
SSNC,SS&C Technologies Holdings Inc,Stock,Nasdaq,7372,USD,67.5199966430664,12,10,83.33333333333334,0.3278850892140987,0.3117701657763282,-0.27704455957168156,2026-06-01,6.0,5.6,2.716206504995115,96.75392085260924,37.16759398583352,329.7550981559546,123.65254625742065,16.621952439325838,16.621952439325838,94.0,83.33333333333334,97.28379349500489,80.62045411346483,Muy rapida,Media-alta,Muy estable,Rapido defensivo
IBTP,iShares iBonds Dec 2034 Term Treasury ETF,ETF/Fund,US Listed,,USD,25.38500022888184,18,15,83.33333333333334,0.3268929881276672,0.33346210807860316,-0.3837935191873588,2026-07-01,6.0,19.466666666666665,26.696352524178995,57.52550891803623,20.377893244454327,424.1263943805921,108.61475128892597,16.571658425916464,16.571658425916464,94.0,83.33333333333334,73.30364747582101,77.02244010950082,Muy rapida,Media-alta,Variable,Rapido defensivo
IEF,iShares 7-10 Year Treasury Bond ETF,ETF/Fund,US Listed,,USD,94.56999969482422,18,15,83.33333333333334,0.3180984819772924,0.32416971619024604,-0.3744102910068493,2026-07-01,6.0,17.8,25.177087088972666,58.24177381098878,21.2941409472621,418.7591391502655,107.35421077932351,16.125825822459962,16.125825822459962,94.0,83.33333333333334,74.82291291102733,77.24153541863139,Muy rapida,Media-alta,Variable,Rapido defensivo
DHI,HORTON D R INC /DE/,Stock,NYSE,1531,USD,149.1699981689453,6,5,83.33333333333334,0.29437115581098316,0.29770985153986185,-1.3295131173473649,2026-05-07,6.0,10.4,13.575713609236164,237.2161890515149,173.4029722523813,627.955377006324,253.71904330855648,14.922982204306786,14.922982204306786,94.0,83.33333333333334,86.42428639076384,78.95801411442555,Muy rapida,Media-alta,Estable,Rapido defensivo
CTAS,CINTAS CORP,Stock,Nasdaq,2320,USD,165.9499969482422,12,10,83.33333333333334,0.21913612855736422,0.21638175523207331,-0.26537540851543806,2026-05-15,6.0,8.4,10.595596569644707,305.07208529491413,75.01154971064548,799.2208293474832,353.29086880544656,11.108984294921939,11.108984294921939,94.0,83.33333333333334,89.40440343035529,79.32979664311067,Muy rapida,Media-alta,Estable,Rapido defensivo
MORN,"Morningstar, Inc.",Stock,Nasdaq,6282,USD,169.6999969482422,12,10,83.33333333333334,0.19521784252852778,0.17875898929833775,-1.6584568888779598,2026-04-02,6.0,9.8,10.982814858779246,241.39119782496476,65.19973091766181,797.9684589944538,314.553433660908,9.896460072626757,9.896460072626757,94.0,83.33333333333334,89.01718514122075,79.24779561371163,Muy rapida,Media-alta,Estable,Rapido defensivo
CRM,"Salesforce, Inc.",Stock,NYSE,7372,USD,170.9199981689453,6,5,83.33333333333334,0.1928486227653116,0.16749297946108616,-1.6127115426725824,2026-06-11,6.0,6.4,5.941380311005179,152.19925351450257,49.37299240114533,505.7638017728276,204.70366300139696,9.776353792963715,9.776353792963715,94.0,83.33333333333334,94.05861968899482,80.00164157611454,Muy rapida,Media-alta,Estable,Rapido defensivo
MTX,MINERALS TECHNOLOGIES INC,Stock,NYSE,2810,USD,76.38999938964844,6,5,83.33333333333334,0.1758760740379539,0.1707348106708342,-1.158197711900494,2026-06-02,6.0,18.8,33.23702754459249,93.40168992928884,100.34225510082804,178.89010105797087,77.99257705577234,8.915939864424054,8.915939864424054,94.0,83.33333333333334,66.7629724554075,75.89032194234909,Muy rapida,Media-alta,Variable,Rapido defensivo
MLM,MARTIN MARIETTA MATERIALS INC,Stock,NYSE,1400,USD,581.6400146484375,6,5,83.33333333333334,0.1401663586927274,0.13867638288772427,-1.4376258197799026,2026-06-01,6.0,8.0,5.0990195135927845,29.027509644277615,29.36880348472495,37.46350659381462,7.933016120290359,7.105655683728543,7.105655683728543,94.0,83.33333333333334,94.90098048640722,80.07531343165381,Muy rapida,Media-alta,Estable,Rapido defensivo
AAON,"AAON, INC.",Stock,Nasdaq,3585,USD,143.64999389648438,12,10,83.33333333333334,0.10845342564420617,0.11352804433225569,-1.9730800079593018,2026-06-05,6.0,14.6,22.475665853441484,247.14967376454152,149.21453703874312,742.6997149896249,277.90838004876076,5.497986161129896,5.497986161129896,94.0,83.33333333333334,77.52433414655852,77.43710354762798,Muy rapida,Media-alta,Variable,Rapido defensivo
TDS,TELEPHONE & DATA SYSTEMS INC /DE/,Stock,NYSE,4813,USD,39.83000183105469,6,5,83.33333333333334,0.10560075703351013,0.10300999267914805,-0.2926066119515697,2026-06-16,6.0,9.8,8.043631020876083,123.82290477192414,98.09244537500788,315.63587145517977,124.19082150885036,5.353371710726556,5.353371710726556,94.0,83.33333333333334,91.95636897912392,79.5990561039021,Muy rapida,Media-alta,Estable,Rapido defensivo
HTGC,"Hercules Capital, Inc.",Stock,NYSE,0,USD,15.859999656677246,6,5,83.33333333333334,2.6605990699371795,2.624298563549294,-1.3487407417052788,2026-05-14,7.0,14.8,19.084024732744403,383.65940651707103,152.1568229595727,1235.235499973421,504.9677120623074,115.60936434846079,115.60936434846079,93.0,83.33333333333334,80.91597526725559,80.19799536002552,Muy rapida,Media-alta,Variable,Rapido y rentable
BKE,BUCKLE INC,Stock,NYSE,5651,USD,53.310001373291016,6,5,83.33333333333334,2.4318414950167377,0.857798662816961,-2.8778662378331994,2026-04-15,7.0,7.4,6.348228099241551,208.27253006987058,180.15469951318377,378.8526813471327,137.31576207147418,105.66930305727492,105.66930305727492,93.0,83.33333333333334,93.65177190075845,81.87960728013051,Muy rapida,Media-alta,Estable,Rapido y rentable
LPG,DORIAN LPG LTD.,Stock,NYSE,4412,USD,40.869998931884766,6,5,83.33333333333334,2.3212532698656365,2.298233985424879,-0.814536872170981,2026-05-18,7.0,19.6,21.90433747000808,223.64435422351193,161.28428645954412,601.3377264111245,219.90226875292316,100.8639813691616,100.8639813691616,93.0,83.33333333333334,78.09566252999193,79.43560264936443,Muy rapida,Media-alta,Variable,Rapido y rentable
SSTK,"Shutterstock, Inc.",Stock,NYSE,7374,USD,13.539999961853027,6,5,83.33333333333334,1.893930668337137,1.7424917551466603,-2.2585186048376182,2026-06-04,7.0,15.6,22.142718893577637,214.38811702600805,200.25315978070643,417.6211040930088,162.08532310995497,82.29579689798274,82.29579689798274,93.0,83.33333333333334,77.85728110642236,78.97252283430049,Muy rapida,Media-alta,Variable,Rapido y rentable
UPS,UNITED PARCEL SERVICE INC,Stock,NYSE,4210,USD,98.93000030517578,6,5,83.33333333333334,1.6041802455121807,1.6381859124776,-2.2543236285308743,2026-05-18,7.0,12.8,8.67179335547152,107.30638349619574,105.73323434770626,196.5962454159982,58.04349112096907,69.70545114427928,69.70545114427928,93.0,83.33333333333334,91.32820664452848,80.70341124219146,Muy rapida,Media-alta,Estable,Rapido y rentable
REPX,"Riley Exploration Permian, Inc.",Stock,NYSE,1311,USD,35.790000915527344,6,5,83.33333333333334,1.3171641026198186,1.4129606554248633,-1.6234088693802198,2026-04-29,7.0,14.6,17.7426040929735,265.6516494958322,96.6576311451124,907.6535679409396,367.66848554918914,57.23391636383736,57.23391636383736,93.0,83.33333333333334,82.2573959070265,79.0557734886738,Muy rapida,Media-alta,Variable,Rapido y rentable
BSET,BASSETT FURNITURE INDUSTRIES INC,Stock,Nasdaq,2511,USD,14.420000076293944,12,10,83.33333333333334,1.2787620758237566,1.293416445264496,-0.5496071999167745,2026-05-15,7.0,15.2,21.872356983187707,520.5933614676912,266.88845449160414,1579.4445398405346,583.8025064826516,55.56525686615133,55.56525686615133,93.0,83.33333333333334,78.1276430168123,78.3979085283456,Muy rapida,Media-alta,Variable,Rapido y rentable
IP,INTERNATIONAL PAPER CO /NEW/,Stock,NYSE,2621,USD,31.5,6,5,83.33333333333334,1.0724148859680769,0.9786346225691531,-2.035212538009153,2026-05-22,7.0,13.8,14.923136399564267,107.57646111185329,83.16930379922829,213.9013751317584,71.5560636801802,46.59898016408906,46.59898016408906,93.0,83.33333333333334,85.07686360043573,79.23394442603343,Muy rapida,Media-alta,Estable,Rapido y rentable
LXFR,LUXFER HOLDINGS PLC,Stock,NYSE,2810,USD,12.720000267028809,6,5,83.33333333333334,1.0109615045342528,0.9982626448213809,-2.3089307482187285,2026-04-17,7.0,10.8,9.67987603226405,287.50170828671776,144.62402539449414,975.6290197990132,389.6040734064517,43.92868442321456,43.92868442321456,93.0,83.33333333333334,90.32012396773595,79.95898009969464,Muy rapida,Media-alta,Estable,Rapido y rentable
JEPQ,JPMorgan Nasdaq Equity Premium Income ETF,ETF/Fund,US Listed,,USD,61.459999084472656,18,15,83.33333333333334,0.9255102811858191,0.9157120025824651,-1.0531962713270597,2026-07-01,7.0,12.933333333333334,15.484862039454933,91.33484284166285,50.75205048491853,367.2352275196876,106.85039256122477,40.21562531343143,40.21562531343143,93.0,83.33333333333334,84.51513796054506,79.00278097526758,Muy rapida,Media-alta,Variable,Rapido y rentable
CPF,CENTRAL PACIFIC FINANCIAL CORP,Stock,NYSE,6022,USD,34.72999954223633,6,5,83.33333333333334,0.9016665870520453,0.8927461700115245,-1.6226278111718104,2026-05-29,7.0,13.2,16.498484778912275,114.01152159506039,51.04673734639198,339.35949343344026,131.2445666728833,39.17956003261864,39.17956003261864,93.0,83.33333333333334,83.50151522108773,78.82689387021522,Muy rapida,Media-alta,Variable,Rapido y rentable
FDT,First Trust Developed Markets Ex-US AlphaDEX Fund,ETF/Fund,US Listed,,USD,95.06999969482422,6,5,83.33333333333334,0.7870024600639578,0.6820401397206011,-1.290852221971244,2026-06-25,7.0,13.8,10.986355173577815,56.79890534445677,45.910415102569765,146.9398924697341,54.527693398937465,34.19713070516008,34.19713070516008,93.0,83.33333333333334,89.01364482642218,79.53904918402729,Muy rapida,Media-alta,Estable,Rapido y rentable
CFR,"CULLEN/FROST BANKERS, INC.",Stock,NYSE,6021,USD,136.25999450683594,6,5,83.33333333333334,0.7478766230497769,0.7601000702533967,-1.3273861856151716,2026-05-29,7.0,12.6,16.65232716469383,124.75277473564695,60.91147882322711,411.9749730812777,163.88657126930008,32.49701993013911,32.49701993013911,93.0,83.33333333333334,83.34767283530617,78.6500275483457,Muy rapida,Media-alta,Variable,Rapido y rentable
QQQH,NEOS Nasdaq-100 Hedged Equity Income ETF,ETF/Fund,US Listed,,USD,55.22800064086914,18,15,83.33333333333334,0.73608606792984,0.748905473560197,-0.7162828124581301,2026-06-24,7.0,10.266666666666667,11.816856402533427,99.79033658438307,60.032178760999,380.5494810499154,109.45380505041742,31.984692237427577,31.984692237427577,93.0,83.33333333333334,88.18314359746657,79.36355760754984,Muy rapida,Media-alta,Estable,Rapido y rentable
FXNC,FIRST NATIONAL CORP /VA/,Stock,Nasdaq,6022,USD,28.040000915527344,12,10,83.33333333333334,0.6617551213778835,0.6473040162307413,-0.9278793571095519,2026-05-29,7.0,18.0,16.027753706895076,45.7752200628978,36.81422164980649,88.51592554429499,33.634100268776855,28.75483563130089,28.75483563130089,93.0,83.33333333333334,83.97224629310492,78.65759206534362,Muy rapida,Media-alta,Variable,Rapido y rentable
APOG,"APOGEE ENTERPRISES, INC.",Stock,Nasdaq,3231,USD,35.619998931884766,12,10,83.33333333333334,0.646191755909195,0.649052444841946,-0.9079611344724631,2026-05-13,7.0,20.6,22.59400117041886,342.9110836815577,59.337683495580485,1366.5687182870367,548.0844565252194,28.078570346054306,28.078570346054306,93.0,83.33333333333334,77.40599882958114,77.65709158034637,Muy rapida,Media-alta,Variable,Rapido y rentable
ARKO,ARKO Corp.,Stock,Nasdaq,5412,USD,6.989999771118164,12,10,83.33333333333334,0.5914427468099027,0.5977399056391692,-1.9472519556494146,2026-05-18,7.0,12.8,13.439576712911096,157.84579509988492,131.2519555545981,451.546639869401,162.15806756093994,25.69959554590649,25.69959554590649,93.0,83.33333333333334,86.56042328708891,78.97550623987324,Muy rapida,Media-alta,Estable,Rapido y rentable
MDIV,Multi-Asset Diversified Income Index Fund,ETF/Fund,US Listed,,USD,16.540000915527344,18,15,83.33333333333334,0.5610978450567697,0.5219513019502733,-0.5440821433652462,2026-06-25,7.0,12.866666666666667,19.729842033495014,138.7530981471649,30.603401547768637,336.4775755296134,138.49950777001578,24.381037314966783,24.381037314966783,93.0,83.33333333333334,80.27015796650498,78.00162154003252,Muy rapida,Media-alta,Variable,Rapido defensivo
EMB,iShares J.P. Morgan USD Emerging Markets Bond ETF,ETF/Fund,US Listed,,USD,96.44000244140624,18,15,83.33333333333334,0.429882761525686,0.4275423201962243,-0.41825006418745775,2026-07-01,7.0,16.066666666666666,16.19288497487473,32.60200696671634,26.623664047257492,96.2526554774837,28.129063170141844,18.679429518675644,18.679429518675644,93.0,83.33333333333334,83.80711502512527,78.40095001529448,Muy rapida,Media-alta,Variable,Rapido defensivo
MYCN,State Street My2034 Corporate Bond ETF,ETF/Fund,US Listed,,USD,24.51000022888184,18,15,83.33333333333334,0.41284794728352947,0.41228747061928384,-0.3957687615354481,2026-07-01,7.0,17.4,21.741336534024637,51.86337401934721,30.522313188483253,316.22163528338683,78.42848882688163,17.939226280772413,17.939226280772413,93.0,83.33333333333334,78.25866346597536,77.55164746717983,Muy rapida,Media-alta,Variable,Rapido defensivo
BSCW,Invesco BulletShares 2032 Corporate Bond ETF,ETF/Fund,US Listed,,USD,20.524999618530277,18,15,83.33333333333334,0.40163117274765625,0.4019345948522386,-0.3965410827732566,2026-06-22,7.0,9.133333333333333,6.62103430274268,29.025431395041732,23.782533460095586,63.43938177886296,17.3553397746363,17.451830720582684,17.451830720582684,93.0,83.33333333333334,93.37896569725731,79.80847602733625,Muy rapida,Media-alta,Estable,Rapido defensivo
MYCM,State Street My2033 Corporate Bond ETF,ETF/Fund,US Listed,,USD,24.67200088500977,18,15,83.33333333333334,0.39309860351424675,0.39218701617251306,-0.3624590697288068,2026-07-01,7.0,17.066666666666666,21.2853627327952,47.722163403849365,27.625022258082154,287.4842332546727,71.77109548671325,17.08107027175001,17.08107027175001,93.0,83.33333333333334,78.71463726720481,77.60029419359498,Muy rapida,Media-alta,Variable,Rapido defensivo
VCIT,Vanguard Intermediate-Term Corporate Bond ETF,ETF/Fund,US Listed,,USD,82.6500015258789,18,15,83.33333333333334,0.39136498366234707,0.3930811772666938,-0.382435220916033,2026-07-01,7.0,16.933333333333334,22.992131159118227,47.65976804950422,22.29396283541149,309.3761754162786,76.86081482690486,17.005740361518654,17.005740361518654,93.0,83.33333333333334,77.00786884088177,77.34254530979462,Muy rapida,Media-alta,Variable,Rapido defensivo
USIG,iShares Broad USD Investment Grade Corporate Bond ETF,ETF/Fund,US Listed,,USD,51.290000915527344,18,15,83.33333333333334,0.3881329849470119,0.3881835623265607,-0.40142972442092195,2026-07-01,7.0,19.0,22.93157523715157,43.40468998617023,21.28708357442148,277.3200257551933,69.13116122739007,16.86530232210231,16.86530232210231,93.0,83.33333333333334,77.06842476284842,77.34839669937428,Muy rapida,Media-alta,Variable,Rapido defensivo
FIXD,First Trust Smith Opportunistic Fixed Income ETF,ETF/Fund,US Listed,,USD,43.86000061035156,18,15,83.33333333333334,0.37749146554544516,0.3737054057173642,-0.41390180600197424,2026-06-25,7.0,7.6,8.10467237374308,47.66244310592497,23.02943529514666,189.7525206265129,47.446896465333396,16.402902967153274,16.402902967153274,93.0,83.33333333333334,91.89532762625691,79.56179060948399,Muy rapida,Media-alta,Estable,Rapido defensivo
BSCZ,Invesco BulletShares 2035 Corporate Bond ETF,ETF/Fund,US Listed,,USD,20.51499938964844,12,10,83.33333333333334,0.37189878415098954,0.3651310627785711,-0.3333159888080342,2026-06-22,7.0,9.3,7.46919600016554,32.14690218081308,24.688829336806254,84.60893524661404,22.861204905646126,16.159887644656095,16.159887644656095,93.0,83.33333333333334,92.53080399983446,79.65151938412616,Muy rapida,Media-alta,Estable,Rapido defensivo
AJG,Arthur J. Gallagher & Co.,Stock,NYSE,6411,USD,211.0,6,5,83.33333333333334,0.2512178633179935,0.24068538595065803,-0.8929293269648809,2026-06-05,7.0,7.4,8.17312669668102,248.80111674602685,60.76693029891992,1010.236861242502,429.07178592487327,10.916014298936625,10.916014298936625,93.0,83.33333333333334,91.82687330331898,79.42524885881583,Muy rapida,Media-alta,Estable,Rapido defensivo
UI,Ubiquiti Inc.,Stock,NYSE,3663,USD,623.25,6,5,83.33333333333334,0.14126455101128887,0.1404042793374657,-2.0095165388393483,2026-05-18,7.0,17.8,24.853571171966415,72.99269600187242,26.52799989124502,224.91982023108335,88.49283376755768,6.138281085609576,6.138281085609576,93.0,83.33333333333334,75.14642882803358,76.81322887521634,Muy rapida,Media-alta,Variable,Rapido defensivo
ESLT,Elbit Systems Ltd. Ordinary Shares,Other Unmatched,,,USD,774.6199951171875,6,5,83.33333333333334,0.13493805954896956,0.13590906727596308,-0.3653700707392555,2026-06-23,7.0,16.8,26.461292485439937,144.62309393441146,125.03090468653288,427.83620120564575,169.42145189081592,5.863379968496893,5.863379968496893,93.0,83.33333333333334,73.53870751456006,76.56574418673299,Muy rapida,Media-alta,Variable,Rapido defensivo
WMS,"ADVANCED DRAINAGE SYSTEMS, INC.",Stock,NYSE,3086,USD,139.16000366210938,6,5,83.33333333333334,0.13252702010300105,0.13347170990271495,-1.1397545812647616,2026-06-01,7.0,8.4,5.683308895353129,76.70157212461262,85.86260505621752,98.49625941977156,24.27174061427281,5.758614563999451,5.758614563999451,93.0,83.33333333333334,94.31669110464688,79.68003068580003,Muy rapida,Media-alta,Estable,Rapido defensivo
CDZIP,"Cadiz, Inc. Depositary Shares",Preferred,,,USD,20.200000762939453,6,5,83.33333333333334,2.9208909150158373,2.8365256878091016,-2.759139948795371,2026-04-02,8.0,20.2,18.24006578935504,124.80684820001991,138.87909189112676,212.5129396265708,71.60562982183475,111.05470666466465,111.05470666466465,92.0,83.33333333333334,81.75993421064496,80.28488104661258,Rapida,Media-alta,Variable,Rapido y rentable
WES,"Western Midstream Partners, LP",Stock,NYSE,4922,USD,43.47999954223633,6,5,83.33333333333334,2.2499317995302994,2.2145560489971343,-2.68635776250143,2026-05-01,8.0,8.4,2.6076809620810595,131.39807621527785,128.7311918222724,172.96448595774297,36.9490242054655,85.54428196130829,85.54428196130829,92.0,83.33333333333334,97.39231903791894,81.95877965521815,Rapida,Media-alta,Muy estable,Rapido y rentable
CCNEP,"CNB Financial Corporation Depositary Shares, each representing a 1/40th ownership interest in a share of 7.125% Series A Fixed-Rate Non-Cumulative Perpetual Preferred Stock",Preferred,,,USD,25.239999771118164,6,5,83.33333333333334,1.7861415235344065,1.7741728375220802,-1.0337796214643171,2026-05-15,8.0,20.4,31.29376934790694,192.87071566959187,85.71606638206713,677.24609375,273.5583565453774,67.91058917604775,67.91058917604775,92.0,83.33333333333334,68.70623065209305,77.19207612134838,Rapida,Media-alta,Variable,Rapido y rentable
UVV,UNIVERSAL CORP /VA/,Stock,NYSE,5150,USD,52.52999877929688,6,5,83.33333333333334,1.5243377902659585,1.5331318350533678,-2.3847533610036424,2026-04-15,8.0,7.2,3.1144823004794873,153.73056487793744,157.79621358512912,236.1213249411396,56.994355367147094,57.95659306740364,57.95659306740364,92.0,83.33333333333334,96.8855176995205,81.15716544519404,Rapida,Media-alta,Muy estable,Rapido y rentable
AMSF,AMERISAFE INC,Stock,Nasdaq,6331,USD,31.799999237060547,12,10,83.33333333333334,1.4289781407218374,1.0536610108521938,-2.0642515778069392,2026-06-12,8.0,13.2,11.802071381282563,113.29752293109883,89.91115173990386,205.2130806607694,78.15966055942069,54.33093972536153,54.33093972536153,92.0,83.33333333333334,88.19792861871744,79.75866743352947,Rapida,Media-alta,Estable,Rapido y rentable
COLB,"COLUMBIA BANKING SYSTEM, INC.",Stock,Nasdaq,6022,USD,29.63999938964844,12,10,83.33333333333334,1.3249924178607289,1.316533840116344,-2.037753557430341,2026-05-29,8.0,19.6,29.125017882684066,242.80199680499285,96.52682428496334,574.8024170619808,239.9301713130688,50.37731588741313,50.37731588741313,92.0,83.33333333333334,70.87498211731594,77.05623973545812,Rapida,Media-alta,Variable,Rapido y rentable
PFS,PROVIDENT FINANCIAL SERVICES INC,Stock,NYSE,6035,USD,22.020000457763672,6,5,83.33333333333334,1.211896280319347,1.256644028092117,-1.6485997078391712,2026-05-15,8.0,13.8,15.817711591756881,97.24706966633093,102.2174469212258,172.83984829303685,56.9674348965553,46.07730649130851,46.07730649130851,92.0,83.33333333333334,84.18228840824312,78.93923954155584,Rapida,Media-alta,Variable,Rapido y rentable
SD,SANDRIDGE ENERGY INC,Stock,NYSE,1311,USD,15.869999885559082,6,5,83.33333333333334,1.1179210321326272,0.997077022980362,-0.9295665356539935,2026-05-20,8.0,23.4,35.57808314116993,314.9273248527548,75.23553228844774,1298.9326640100896,552.4440358394635,42.5042892425426,42.5042892425426,92.0,83.33333333333334,64.42191685883007,75.88120856095715,Rapida,Media-alta,Muy variable,Rapido y rentable
NWN,Northwest Natural Holding Co,Stock,NYSE,4924,USD,53.119998931884766,6,5,83.33333333333334,1.0964367355708227,1.0928198314971511,-1.2362291619248726,2026-04-30,8.0,8.2,4.266145801540309,88.48607729464611,68.78161567682038,153.79634761986804,42.88053032449428,41.68743838368233,41.68743838368233,92.0,83.33333333333334,95.7338541984597,80.55651486533978,Rapida,Media-alta,Muy estable,Rapido y rentable
MLKN,"MILLERKNOLL, INC.",Stock,Nasdaq,2520,USD,16.479999542236328,12,10,83.33333333333334,1.0125787235613364,0.9966474064118528,-1.244723025686606,2026-05-29,8.0,9.6,6.915361322607968,173.11171576617232,78.92101360775709,612.611478268521,232.5746714317347,38.49908688540498,38.49908688540498,92.0,83.33333333333334,93.08463867739204,80.07527452517014,Rapida,Media-alta,Estable,Rapido y rentable
HBT,"HBT Financial, Inc.",Stock,Nasdaq,6022,USD,27.649999618530277,12,10,83.33333333333334,0.8476995107816369,0.8557776966538426,-0.8179812198710189,2026-05-12,8.0,10.8,12.11793895200188,407.42089032186004,155.22462892258906,1561.9023405790922,610.6037626098857,32.23024181617682,32.23024181617682,92.0,83.33333333333334,87.88206104799812,79.13000866798137,Rapida,Media-alta,Estable,Rapido y rentable
LW,"Lamb Weston Holdings, Inc.",Stock,NYSE,2030,USD,43.02999877929688,6,5,83.33333333333334,0.7105969619524489,0.6791815364590651,-1.4967608771057757,2026-05-08,8.0,12.2,10.329569206893384,103.40665995610352,112.77226871073354,149.5035328282058,51.648358125687764,27.017488657567075,27.017488657567075,92.0,83.33333333333334,89.67043079310662,79.26116158091845,Rapida,Media-alta,Estable,Rapido y rentable
SBUX,STARBUCKS CORP,Stock,Nasdaq,5810,USD,106.4000015258789,12,10,83.33333333333334,0.6391837110272646,0.6481258644838795,-1.5955922498324575,2026-05-15,8.0,9.4,6.947421584060281,104.17718991219344,41.345053883780416,356.7662840424978,133.77315542597788,24.302297346349125,24.302297346349125,92.0,83.33333333333334,93.05257841593972,79.69707047341822,Rapida,Media-alta,Estable,Rapido defensivo
BOKF,BOK FINANCIAL CORP,Stock,Nasdaq,6021,USD,129.02000427246094,12,10,83.33333333333334,0.527646721811948,0.5254502262238201,-0.8457614834299857,2026-05-13,8.0,14.4,18.434267607426722,183.59080351822553,99.01427967310777,534.6600927506506,194.88728488198922,20.061568068891777,20.061568068891777,92.0,83.33333333333334,81.56573239257328,77.86250658069795,Rapida,Media-alta,Variable,Rapido defensivo
SIGI,SELECTIVE INSURANCE GROUP INC,Stock,Nasdaq,6331,USD,85.94999694824219,12,10,83.33333333333334,0.48554895346759164,0.4879530817811297,-0.15355610338141265,2026-05-15,8.0,10.4,10.595596569644707,463.6353516365536,51.92627755777413,1138.1035889844854,540.0246639072836,18.460975834965726,18.460975834965726,92.0,83.33333333333334,89.40440343035529,78.9962094680209,Rapida,Media-alta,Estable,Rapido defensivo
OBK,"Origin Bancorp, Inc.",Stock,NYSE,6022,USD,46.27000045776367,6,5,83.33333333333334,0.4198338918227454,0.41478484602755644,-1.0434706600533297,2026-05-15,8.0,6.8,4.54972526643093,99.0239223607787,99.32692064981636,167.08884455531623,65.80346259839462,15.9624344286773,15.9624344286773,92.0,83.33333333333334,95.45027473356907,79.83737510185811,Rapida,Media-alta,Muy estable,Rapido defensivo
SMBC,"SOUTHERN MISSOURI BANCORP, INC.",Stock,Nasdaq,6036,USD,67.58000183105469,12,10,83.33333333333334,0.41001882534236606,0.40074389400451504,-0.9933537931978931,2026-05-15,8.0,15.0,17.46106780494506,87.7430016713686,60.76090620676856,246.8672289606082,86.95875966550656,15.589257421871212,15.589257421871212,92.0,83.33333333333334,82.53893219505494,77.8908586546006,Rapida,Media-alta,Variable,Rapido defensivo
SUSC,iShares ESG Aware USD Corporate Bond ETF,ETF/Fund,US Listed,,USD,23.150999069213867,18,15,83.33333333333334,0.36932005878302215,0.3671123888213277,-0.3880023668063961,2026-07-01,8.0,19.066666666666666,22.88938202581733,47.51348272862174,26.615672932448614,299.7408362244766,74.78659028578926,14.041856401646157,14.041856401646157,92.0,83.33333333333334,77.11061797418267,77.03591275491043,Rapida,Media-alta,Variable,Rapido defensivo
TDIV,First Trust NASDAQ Technology Dividend Index Fund,ETF/Fund,US Listed,,USD,113.91999816894533,6,5,83.33333333333334,0.36400770662217113,0.35726960684815784,-1.2484931847788712,2026-06-25,8.0,14.4,16.65232716469383,84.17688871553928,55.11556637692018,258.1488493465996,100.49100649678839,13.839876345530467,13.839876345530467,92.0,83.33333333333334,83.34767283530617,77.9661586319181,Rapida,Media-alta,Variable,Rapido defensivo
IUSB,iShares Core Universal USD Bond ETF,ETF/Fund,US Listed,,USD,46.150001525878906,18,15,83.33333333333334,0.3484657713058461,0.35203506106597426,-0.3635983742122664,2026-07-01,8.0,19.866666666666667,22.244956624774417,41.34861106381623,20.680386620834383,282.3338204172643,70.63864000922818,13.248959013191024,13.248959013191024,92.0,83.33333333333334,77.75504337522558,77.11172227758969,Rapida,Media-alta,Variable,Rapido defensivo
USVN,US Treasury 7 Year Note ETF,ETF/Fund,US Listed,,USD,47.96500015258789,18,15,83.33333333333334,0.31738110225787575,0.3179463516968277,-0.2189271346599845,2026-06-29,8.0,18.0,20.982986305235826,67.28636294925532,23.76314056183938,408.6520297288059,106.09748583425299,12.067093992096318,12.067093992096318,92.0,83.33333333333334,79.01701369476417,77.2699331564725,Rapida,Media-alta,Variable,Rapido defensivo
UFIV,US Treasury 5 Year Note ETF,ETF/Fund,US Listed,,USD,48.54499816894531,18,15,83.33333333333334,0.3039963178474654,0.3033273217550668,-0.22832387759798556,2026-06-29,8.0,16.066666666666666,16.65389987217351,51.519178887673554,24.35268302732821,339.09511449214097,86.8676888800336,11.55819333482551,11.55819333482551,92.0,83.33333333333334,83.34610012782649,77.90591133702145,Rapida,Media-alta,Variable,Rapido defensivo
WTS,WATTS WATER TECHNOLOGIES INC,Stock,NYSE,3490,USD,308.9800109863281,6,5,83.33333333333334,0.19179803371768975,0.1955251996124057,-0.5488232903014617,2026-06-01,8.0,7.4,4.929503017546495,123.75174467827632,48.52318330838529,469.40414529000975,193.87039947948531,7.292321073641331,7.292321073641331,92.0,83.33333333333334,95.0704969824535,79.55237258108572,Rapida,Media-alta,Muy estable,Rapido defensivo
POWL,POWELL INDUSTRIES INC,Stock,Nasdaq,3613,USD,261.5799865722656,12,10,83.33333333333334,0.17656813455284814,0.1363570267431287,-4.096102736902786,2026-05-20,8.0,12.8,13.389880092401459,371.5697017879835,42.35067214353702,1333.9707258500982,536.1773852383926,6.713267615811414,6.713267615811414,92.0,83.33333333333334,86.61011990759854,78.26808612069264,Rapida,Media-alta,Estable,Rapido defensivo
ADAML,"Adamas Trust, Inc. 6.875% Series F Fixed-to-Floating Rate Cumulative Redeemable Preferred Stock, $0.01 par value per share",ETF/Fund,,,USD,24.31999969482422,6,5,83.33333333333334,1.8925373572332023,1.8737839357818604,-0.9723454083878119,2026-07-01,9.0,22.2,29.354727046934027,255.59858673880817,77.6718284041837,776.0572460716959,328.3498498286372,63.96075327686286,63.96075327686286,91.0,83.33333333333334,70.64527295306597,77.28932830019312,Rapida,Media-alta,Variable,Rapido y rentable
VNOM,"Viper Energy, Inc.",Stock,Nasdaq,1311,USD,48.36000061035156,12,10,83.33333333333334,1.3872998264855319,1.388168949448227,-2.1919981461037223,2026-05-14,9.0,6.8,4.2895221179054435,221.12660625089288,92.4932810510805,490.5909885745244,189.26655940999206,46.885595987705486,46.885595987705486,91.0,83.33333333333334,95.71047788209455,80.54387150879973,Rapida,Media-alta,Muy estable,Rapido y rentable
BBY,BEST BUY CO INC,Stock,NYSE,5731,USD,73.0999984741211,6,5,83.33333333333334,1.3359532066046962,1.3083016614070386,-1.088420966256371,2026-06-18,9.0,8.2,4.658325879540846,330.55531652269383,83.03489457305375,1293.230919233516,539.0665695487567,45.150270408399464,45.150270408399464,91.0,83.33333333333334,95.34167412045916,80.43720432467359,Rapida,Media-alta,Muy estable,Rapido y rentable
HNNA,HENNESSY ADVISORS INC,Stock,Nasdaq,6282,USD,10.239999771118164,12,10,83.33333333333334,1.3308206033583139,1.3323110532792983,-1.4118581970071171,2026-05-21,9.0,8.8,4.779586221049312,147.5162465131636,105.97054132531574,374.2683343425766,123.13474929963287,44.976807428313386,44.976807428313386,91.0,83.33333333333334,95.22041377895069,80.41388267020093,Rapida,Media-alta,Muy estable,Rapido y rentable
T,AT&T INC.,Stock,NYSE,4813,USD,26.84000015258789,6,5,83.33333333333334,1.0921114332505786,1.057689836152781,-1.2597891555309522,2026-04-10,9.0,13.6,12.601587201618694,122.11455970817788,70.94490573577814,412.2980552609426,164.97162590473218,36.90932158670937,36.90932158670937,91.0,83.33333333333334,87.3984127983813,79.00187335300778,Rapida,Media-alta,Estable,Rapido y rentable
AOS,SMITH A O CORP,Stock,NYSE,3630,USD,63.68000030517578,6,5,83.33333333333334,0.5149201886653507,0.5062184163289569,-0.38908940406573206,2026-04-30,9.0,13.0,14.089002803605371,205.53420195946342,19.46758228494538,642.6461796960424,281.7692003568736,17.402395265078983,17.402395265078983,91.0,83.33333333333334,85.91099719639463,78.20156976812456,Rapida,Media-alta,Estable,Rapido defensivo
ALG,ALAMO GROUP INC,Stock,NYSE,3523,USD,175.9600067138672,6,5,83.33333333333334,0.1686410761954508,0.1709101266965335,-1.1330867591630576,2026-04-15,9.0,7.8,6.685805860178712,80.46530180440487,31.12489942787176,209.1062868575769,85.42346108515626,5.699443778827735,5.699443778827735,91.0,83.33333333333334,93.31419413982128,78.96577019716867,Rapida,Media-alta,Estable,Rapido defensivo
SPH,SUBURBAN PROPANE PARTNERS LP,Stock,NYSE,5900,USD,20.0,6,5,83.33333333333334,1.6375690246516532,1.6169554151608527,-1.4742281179179493,2026-05-05,10.0,20.8,33.402095742632675,273.5320571878639,90.33751392364502,850.6004187365183,349.21875923725105,49.809391166487785,49.809391166487785,90.0,83.33333333333334,66.59790425736733,76.12725466325675,Rapida,Media-alta,Variable,Rapido y rentable
PALU,Direxion Daily PANW Bull 2X ETF,ETF/Fund,US Listed,,USD,36.959999084472656,6,5,83.33333333333334,1.5380660899502807,0.5170469143680844,-4.035235415020083,2026-06-23,10.0,8.8,7.049822692805827,333.9657619524789,124.38540825713986,1262.25204508031,521.4741043585585,46.78284356932104,46.78284356932104,90.0,83.33333333333334,92.95017730719417,79.9805926860294,Rapida,Media-alta,Estable,Rapido y rentable
PID,Invesco International Dividend Achievers ETF,ETF/Fund,US Listed,,USD,22.43000030517578,6,5,83.33333333333334,0.9655701632515777,0.881394861115808,-0.6703624216729724,2026-06-22,10.0,13.4,12.198360545581524,49.67513741837969,53.35104017147047,82.19260450201936,25.474617371842708,29.369425798902157,29.369425798902157,90.0,83.33333333333334,87.80163945441848,78.63581608141436,Rapida,Media-alta,Estable,Rapido y rentable
FAF,First American Financial Corp,Stock,NYSE,6361,USD,67.0199966430664,6,5,83.33333333333334,0.8529771213225749,0.8372024208348389,-2.0289369575743095,2026-06-08,10.0,16.6,17.770762504743573,81.90061578975778,66.83908990162828,189.26182902731037,65.59091191454283,25.944720773561652,25.944720773561652,90.0,83.33333333333334,82.22923749525643,77.68736274561104,Rapida,Media-alta,Variable,Rapido y rentable
OLN,OLIN Corp,Stock,NYSE,2800,USD,28.38999938964844,6,5,83.33333333333334,0.835772807185584,0.8263517322621761,-2.076344632468484,2026-05-14,10.0,16.6,22.08619478316715,214.3645428846668,114.9154431286583,465.695637672458,224.18815221141614,25.421422885228186,25.421422885228186,90.0,83.33333333333334,77.91380521683286,77.0228435897105,Rapida,Media-alta,Variable,Rapido y rentable
HMN,HORACE MANN EDUCATORS CORP /DE/,Stock,NYSE,6331,USD,48.86000061035156,6,5,83.33333333333334,0.7901705333627955,0.7885012631088919,-1.0530506296285889,2026-06-15,10.0,8.6,2.1908902300206647,70.05083033006457,63.12217140515828,123.48735962725006,35.37434900515738,24.034353723118365,24.034353723118365,90.0,83.33333333333334,97.80910976997933,79.9615369988597,Rapida,Media-alta,Muy estable,Rapido defensivo
SYBT,"Stock Yards Bancorp, Inc.",Stock,Nasdaq,6022,USD,75.58000183105469,12,10,83.33333333333334,0.4461242185703737,0.4378415243841307,-0.6771357856506867,2026-06-15,10.0,13.8,14.41295713354249,97.84493368682216,131.17711747755544,157.9859274368971,62.940999474148946,13.569611648182203,13.569611648182203,90.0,83.33333333333334,85.58704286645751,77.784180648539,Rapida,Media-alta,Estable,Rapido defensivo
BRTR,iShares Total Return Active ETF,ETF/Fund,US Listed,,USD,50.32500076293945,18,15,83.33333333333334,0.3923523590742581,0.39040496190164764,-0.4110108377057167,2026-07-01,10.0,20.066666666666666,22.272554111880986,32.93744392694713,18.782645198509805,182.52198669032887,45.48784737083888,11.93405092184202,11.93405092184202,90.0,83.33333333333334,77.72744588811901,76.5514692422921,Rapida,Media-alta,Variable,Rapido defensivo
BSCV,Invesco BulletShares 2031 Corporate Bond ETF,ETF/Fund,US Listed,,USD,16.415000915527344,18,15,83.33333333333334,0.38920190328011933,0.3853535730669537,-0.3667457883567486,2026-06-22,10.0,9.8,5.94258241123215,25.84123100372045,20.59540500393438,63.39164850323017,17.021353605606183,11.838224558103631,11.838224558103631,90.0,83.33333333333334,94.05741758876785,78.9978145415953,Rapida,Media-alta,Estable,Rapido defensivo
RUSHA,RUSH ENTERPRISES INC \TX\,Stock,Nasdaq,5500,USD,72.48999786376953,12,10,83.33333333333334,0.3221988998917,0.3272683750851994,0.8028945133791482,2026-05-12,10.0,21.0,21.322914122292634,512.4930266419753,87.74054402842438,1760.8768622951934,709.2045400199877,9.800216538372542,9.800216538372542,90.0,83.33333333333334,78.67708587770737,76.62376178154781,Rapida,Media-alta,Variable,Rapido defensivo
NIC,NICOLET BANKSHARES INC,Stock,NYSE,6021,USD,140.27000427246094,6,5,83.33333333333334,0.2411023428081582,0.24408157724317392,-1.3862584558006183,2026-06-01,10.0,18.4,18.568791021496256,98.62384072617508,68.10853094419771,286.7241864567621,112.54019023577864,7.333529593748146,7.333529593748146,90.0,83.33333333333334,81.43120897850375,76.95578368958373,Rapida,Media-alta,Variable,Rapido defensivo
WST,WEST PHARMACEUTICAL SERVICES INC,Stock,NYSE,3841,USD,292.1300048828125,6,5,83.33333333333334,0.08183786702088137,0.0811643199709621,-1.2161903927877045,2026-04-29,10.0,15.0,15.280706789936126,125.25123397954603,34.30320539153145,431.05564305141934,177.86218886080403,2.4892351218851423,2.4892351218851423,90.0,83.33333333333334,84.71929321006388,77.28973184853047,Rapida,Media-alta,Variable,Rapido defensivo
BKNG,Booking Holdings Inc.,Stock,Nasdaq,4700,USD,167.49000549316406,12,10,83.33333333333334,2.1373802670721567,0.2507612312527758,-0.01532057474437104,2026-06-05,11.0,14.4,15.57205474203353,697.518365815896,149.9708357946587,2975.646277881486,1018.4738450988052,59.10180283949525,59.10180283949525,89.0,83.33333333333334,84.42794525796647,79.00157205576713,Rapida,Media-alta,Variable,Rapido y rentable
GTN,"GRAY MEDIA, INC",Stock,NYSE,4833,USD,3.920000076293945,6,5,83.33333333333334,1.7510179766441567,1.7765650111733837,-2.4814541015928953,2026-06-15,11.0,23.6,30.8431515899397,517.2995036600589,76.18273627026387,1820.6660588219968,767.2544907533222,48.418300111751314,48.418300111751314,89.0,83.33333333333334,69.15684841006029,76.3245452381532,Rapida,Media-alta,Variable,Rapido y rentable
UBCP,UNITED BANCORP INC /OH/,Stock,Nasdaq,6022,USD,16.34000015258789,12,10,83.33333333333334,1.6863392887870372,1.3551993625024104,-2.8575740867907964,2026-06-10,11.0,12.6,3.8643671323171835,94.77217581527351,69.82310876385296,219.24059882888395,70.10452731518832,46.62983639449005,46.62983639449005,89.0,83.33333333333334,96.13563286768282,80.30668421893947,Rapida,Media-alta,Muy estable,Rapido y rentable
DLX,DELUXE CORP,Stock,NYSE,2780,USD,23.86000061035156,6,5,83.33333333333334,1.4737660300229622,1.5198118016910729,-3.6463152928844385,2026-05-19,11.0,18.4,16.25730604989646,106.79831579889128,63.67806431003446,286.5284521935087,102.775487217699,40.75186370896828,40.75186370896828,89.0,83.33333333333334,83.74269395010354,78.23517012253849,Rapida,Media-alta,Variable,Rapido y rentable
SAMG,Silvercrest Asset Management Group Inc.,Stock,Nasdaq,6282,USD,11.0,12,10,83.33333333333334,1.4197144618626796,1.3401079773689397,-1.2785824236099552,2026-06-12,11.0,11.8,8.495750571772794,186.74642237935657,127.9581084704036,498.8131372915898,171.82659451635783,39.257255953021065,39.257255953021065,89.0,83.33333333333334,91.50424942822721,79.34535187609677,Rapida,Media-alta,Estable,Rapido y rentable
IVAL,Alpha Architect International Quantitative Value ETF,ETF/Fund,US Listed,,USD,34.566001892089844,6,5,83.33333333333334,0.7568547338504442,0.6840331464603253,-1.0446440617050134,2026-06-29,11.0,16.6,17.88295277631745,100.19767289044448,38.6449528465617,270.4703957203518,113.12048325253399,20.928180140561526,20.928180140561526,89.0,83.33333333333334,82.11704722368255,77.27441181740284,Rapida,Media-alta,Variable,Rapido defensivo
EMR,EMERSON ELECTRIC CO,Stock,NYSE,3600,USD,137.8800048828125,6,5,83.33333333333334,0.41179919948620936,0.41195628826814695,-0.8716800230183043,2026-05-15,11.0,7.8,6.300793600809346,262.98456796224514,80.40951166564706,932.7689209042576,388.55501998432175,11.38687180397473,11.38687180397473,89.0,83.33333333333334,93.69920639919066,78.66668015936482,Rapida,Media-alta,Estable,Rapido defensivo
IGIB,iShares 5-10 Year Investment Grade Corporate Bond ETF,ETF/Fund,US Listed,,USD,53.16999816894531,18,15,83.33333333333334,0.3919770793984551,0.3910132522292371,-0.4154557439016139,2026-07-01,11.0,18.2,22.039574794965016,46.058856271245595,17.221390981961047,314.49951119683595,78.44136208488685,10.83876015003304,10.83876015003304,89.0,83.33333333333334,77.96042520503498,76.2860408601537,Rapida,Media-alta,Variable,Rapido defensivo
VPLS,Vanguard Core Plus Bond ETF,ETF/Fund,US Listed,,USD,77.57599639892578,18,15,83.33333333333334,0.38818485094098304,0.37493721716489814,-0.3753334664216857,2026-07-01,11.0,20.733333333333334,23.819159954800693,42.75137867139369,18.224975745261798,285.6328518173483,71.5150788343495,10.733899287383245,10.733899287383245,89.0,83.33333333333334,76.1808400451993,76.01531085772089,Rapida,Media-alta,Variable,Rapido defensivo
BSCU,Invesco BulletShares 2030 Corporate Bond ETF,ETF/Fund,US Listed,,USD,16.665000915527344,18,15,83.33333333333334,0.3809474656514899,0.3746253748592351,-0.3674236564893441,2026-06-22,11.0,11.733333333333333,7.176018261908069,21.78968079391935,16.82690924551445,56.05302203218524,15.470954195295993,10.53377461839347,10.53377461839347,89.0,83.33333333333334,92.82398173809193,78.50454472636528,Rapida,Media-alta,Estable,Rapido defensivo
TWIN,TWIN DISC INC,Stock,Nasdaq,3560,USD,17.469999313354492,12,10,83.33333333333334,0.355192426310131,0.33630329737072384,-2.2888346216711266,2026-05-18,11.0,10.6,4.7422451316743315,146.85892705089333,32.31893044077804,558.2358401429419,219.66414592432247,9.821608757818018,9.821608757818018,89.0,83.33333333333334,95.25775486832566,78.84385565655897,Rapida,Media-alta,Muy estable,Rapido defensivo
MYMJ,State Street My2030 Municipal Bond ETF,ETF/Fund,US Listed,,USD,24.875,18,15,83.33333333333334,0.2487929368844329,0.2488347782872598,-0.20652291853167748,2026-07-01,11.0,16.2,14.512063946937388,32.04356041893494,10.033160722159115,183.09856645895417,54.88017227445914,6.87950166384985,6.87950166384985,89.0,83.33333333333334,85.48793605306261,77.27198334484382,Rapida,Media-alta,Estable,Rapido defensivo
CNOBP,"ConnectOne Bancorp, Inc. Depositary Shares, each representing a 1/40th interest in a share of 5.25% Fixed-Rate Reset Non-Cumulative Perpetual Preferred Stock, Series A",Preferred,,,USD,25.0,6,5,83.33333333333334,1.3767146375594248,1.3726839382996077,-0.765396429394155,2026-05-15,12.0,18.6,15.009996668887037,91.58768665947659,43.88237204829621,332.9584076086581,135.7577653378898,34.895891854804866,34.895891854804866,88.0,83.33333333333334,84.99000333111296,78.02521513722638,Rapida,Media-alta,Variable,Rapido y rentable
SFNC,SIMMONS FIRST NATIONAL CORP,Stock,Nasdaq,6021,USD,22.51000022888184,12,10,83.33333333333334,1.064810036899198,1.0684910983888805,-1.6747021801551887,2026-06-15,12.0,15.0,13.984117975602022,190.45934410476175,61.55776193523431,728.190560362011,283.48298942142014,26.989976629736617,26.989976629736617,88.0,83.33333333333334,86.01588202439798,77.8671923405589,Rapida,Media-alta,Estable,Rapido y rentable
VYMI,Vanguard International High Dividend Yield ETF,ETF/Fund,US Listed,,USD,100.5,6,5,83.33333333333334,1.0039673611102242,0.9347358978323904,-1.540543548831768,2026-06-18,12.0,15.8,13.516656391282572,54.27216982328465,39.854421759957695,120.41790710796909,44.18912062654976,25.447783805918885,25.447783805918885,88.0,83.33333333333334,86.48334360871743,77.87646890241786,Rapida,Media-alta,Estable,Rapido y rentable
LCUT,"LIFETIME BRANDS, INC",Stock,Nasdaq,3420,USD,6.75,12,10,83.33333333333334,0.99763802346936,1.072427545011903,-1.560301299515415,2026-05-01,12.0,11.0,6.896053621859067,534.5190530118649,194.71135576440707,2025.8102442679424,795.7734907632394,25.287352678216422,25.287352678216422,88.0,83.33333333333334,93.10394637814093,78.86322998019051,Rapida,Media-alta,Estable,Rapido y rentable
JOUT,JOHNSON OUTDOORS INC,Stock,Nasdaq,3949,USD,51.86000061035156,12,10,83.33333333333334,0.9210123731596028,0.8705572975981495,-2.695856899382836,2026-04-16,12.0,9.4,5.758086101783782,340.9115183035613,88.50823273389251,1371.316187249197,543.3390809234429,23.345105291892715,23.345105291892715,88.0,83.33333333333334,94.24191389821621,78.95729945789203,Rapida,Media-alta,Estable,Rapido defensivo
SMP,"STANDARD MOTOR PRODUCTS, INC.",Stock,NYSE,3714,USD,38.540000915527344,6,5,83.33333333333334,0.8728760613065182,0.8338857657212411,-1.862295469457429,2026-05-15,12.0,9.0,5.1478150704935,101.68356804707673,101.19252599730903,202.164261832412,71.92138840158353,22.124983498394386,22.124983498394386,88.0,83.33333333333334,94.8521849295065,79.0007038007325,Rapida,Media-alta,Estable,Rapido defensivo
SBFG,"SB FINANCIAL GROUP, INC.",Stock,Nasdaq,6022,USD,21.8700008392334,12,10,83.33333333333334,0.7095523473865253,0.7284558000628465,-2.5505424157834224,2026-05-15,12.0,25.8,29.464856656324965,52.732016722423396,40.56492341077716,109.03266332249096,39.570050485926195,17.98518102750568,17.98518102750568,88.0,83.33333333333334,70.53514334367503,75.18982384893778,Rapida,Media-alta,Variable,Rapido defensivo
SYY,SYSCO CORP,Stock,NYSE,5140,USD,72.16999816894531,6,5,83.33333333333334,0.6957685489678712,0.6857312356382783,-1.7457604511925144,2026-04-02,12.0,23.6,25.96728711282717,58.0953581442775,32.01165311175204,162.85157365119764,63.20266869867193,17.63580002592174,17.63580002592174,88.0,83.33333333333334,74.03271288717283,75.7006754820438,Rapida,Media-alta,Variable,Rapido defensivo
VIGI,Vanguard International Dividend Appreciation ETF,ETF/Fund,US Listed,,USD,93.91000366210938,6,5,83.33333333333334,0.5687866556679415,0.5958141161049669,-1.180271104675599,2026-06-18,12.0,15.6,13.722244714331545,35.056838354645436,33.318151138142355,63.116842541308905,21.84425932315764,14.41716175824991,14.41716175824991,88.0,83.33333333333334,86.27775528566846,77.4104499485182,Rapida,Media-alta,Estable,Rapido defensivo
MMM,3M CO,Stock,NYSE,3841,USD,151.60000610351562,6,5,83.33333333333334,0.47120654377585985,0.47365546438746264,-1.0238439277832336,2026-05-22,12.0,14.2,12.755391017134675,98.32237539722986,29.41474958485933,390.0386804248063,163.85559221873433,11.943776977652004,11.943776977652004,88.0,83.33333333333334,87.24460898286533,77.45789789120566,Rapida,Media-alta,Estable,Rapido defensivo
NXTG,First Trust Indxx NextG ETF,ETF/Fund,US Listed,,USD,153.9600067138672,6,5,83.33333333333334,0.3719007619541949,0.42836874272294656,-1.1001604180663678,2026-06-25,12.0,16.2,13.553597308463905,42.94334795636877,29.366510410391573,115.03356884622016,44.93212318900913,9.426651257866746,9.426651257866746,88.0,83.33333333333334,86.4464026915361,77.23886116568461,Rapida,Media-alta,Estable,Rapido defensivo
HLI,"HOULIHAN LOKEY, INC.",Stock,NYSE,6282,USD,141.66000366210938,6,5,83.33333333333334,0.3626687696830906,0.34278025649854504,-1.0109689446784953,2026-06-01,12.0,21.6,27.09797040370367,44.233193227701356,34.9582137646709,79.90908754004127,29.47791277379069,9.192645898217227,9.192645898217227,88.0,83.33333333333334,72.90202959629633,75.19797320912755,Rapida,Media-alta,Variable,Rapido defensivo
CSL,CARLISLE COMPANIES INC,Stock,NYSE,3060,USD,330.82000732421875,6,5,83.33333333333334,0.2941380962055234,0.28522237492600033,-0.24090026031880385,2026-05-18,12.0,27.6,31.165686259089497,226.23720853083643,14.151716965853865,962.5868203128496,415.6307516270758,7.455583688542781,7.455583688542781,88.0,83.33333333333334,68.8343137409105,74.51928515734211,Rapida,Media-alta,Variable,Rapido defensivo
BWBBP,"Bridgewater Bancshares, Inc. Depositary Shares, Each Representing a 1/100th Interest in a Share of 5.875% Non-Cumulative Perpetual Preferred Stock, Series A",Preferred,,,USD,20.25,6,5,83.33333333333334,1.8467364386473542,1.8377014779062182,-1.155527234656957,2026-05-15,13.0,16.6,17.21336689901194,319.7638074888109,118.24488653304964,852.6406961822511,376.37559660249866,43.20889744271053,43.20889744271053,87.0,83.33333333333334,82.78663310098806,77.86473140379557,Rapida,Media-alta,Variable,Rapido y rentable
FRMEP,First Merchants Corporation Depository Shares,Other Unmatched,,,USD,25.766000747680664,6,5,83.33333333333334,1.817728218086048,1.8181119310056992,-0.9945822330411085,2026-04-30,13.0,16.0,10.63014581273465,66.33671821100472,59.79283263021452,108.66191317206658,40.607981630039646,42.5301794616287,42.5301794616287,87.0,83.33333333333334,89.36985418726535,78.82320634617585,Rapida,Media-alta,Estable,Rapido y rentable
HBANL,"Huntington Bancshares Incorporated Depositary Shares, Each Representing a 1/40th Interest in a Share of 6.875% Series J Non-Cumulative Perpetual Preferred Stock",Preferred,,,USD,25.06999969482422,6,5,83.33333333333334,1.7064506609240453,1.6977691617480482,-0.7528518351466964,2026-07-01,13.0,13.6,11.193748255164577,146.0658581324905,48.552859882864425,494.656761832895,198.22482767183135,39.926569951107474,39.926569951107474,87.0,83.33333333333334,88.80625174483542,78.62738842264937,Rapida,Media-alta,Estable,Rapido y rentable
REIT,ALPS Active REIT ETF,ETF/Fund,US Listed,,USD,29.733999252319336,6,5,83.33333333333334,0.7477757600987202,0.7533021000492657,-0.7559848898441178,2026-06-18,13.0,13.6,8.294576541331088,51.598522623940084,28.18885756140756,111.93321484139736,40.58304811423836,17.496035412566208,17.496035412566208,87.0,83.33333333333334,91.70542345866892,78.10358927889907,Rapida,Media-alta,Estable,Rapido defensivo
TXNM,TXNM ENERGY INC,Stock,NYSE,4911,USD,59.02000045776367,6,5,83.33333333333334,0.7436896162000011,0.7161850677049734,-0.5535917135808545,2026-04-27,13.0,12.6,8.018728078691781,54.12159062226033,47.722617433847184,89.12250228224738,33.30488225602419,17.400430122628233,17.400430122628233,87.0,83.33333333333334,91.98127192130822,78.14088040439624,Rapida,Media-alta,Estable,Rapido defensivo
BSCT,Invesco BulletShares 2029 Corporate Bond ETF,ETF/Fund,US Listed,,USD,18.59499931335449,18,15,83.33333333333334,0.37728463216905833,0.37219663759699817,-0.34604777015276883,2026-06-22,13.0,13.333333333333334,6.747133430117529,17.492979541969426,13.92999967986912,42.99833315890588,10.82472043827244,8.827492996263224,8.827492996263224,87.0,83.33333333333334,93.25286656988247,77.96521461765144,Rapida,Media-alta,Estable,Rapido defensivo
MYCK,State Street My2031 Corporate Bond ETF,ETF/Fund,US Listed,,USD,24.802000045776367,18,15,83.33333333333334,0.37719853452082214,0.3779909952808955,-0.36703378747120996,2026-07-01,13.0,20.4,21.42695231978374,43.61704737696244,14.45831781847546,321.4272386496153,81.6260035344625,8.8254785320577,8.8254785320577,87.0,83.33333333333334,78.57304768021626,75.76315568655326,Rapida,Media-alta,Variable,Rapido defensivo
BGRN,iShares USD Green Bond ETF,ETF/Fund,US Listed,,USD,47.47299957275391,18,15,83.33333333333334,0.3534254828164929,0.35288338543023995,-0.40655383868870615,2026-07-01,13.0,23.0,23.781745700671948,30.087216517930997,12.823842067831878,228.52366513538485,56.6337573585458,8.269250078719226,8.269250078719226,87.0,83.33333333333334,76.21825429932805,75.3861636277157,Rapida,Media-alta,Variable,Rapido defensivo
BSMV,Invesco BulletShares 2031 Municipal Bond ETF,ETF/Fund,US Listed,,USD,21.059999465942383,18,15,83.33333333333334,0.2453914495259458,0.2419503822225002,-0.2428509994433607,2026-06-22,13.0,14.2,7.738586065019519,14.60877526553431,13.965273859903364,41.0096603650433,10.774132425537445,5.741530710062194,5.741530710062194,87.0,83.33333333333334,92.26141393498048,77.68460353977302,Rapida,Media-alta,Estable,Rapido defensivo
MYMI,State Street My2029 Municipal Bond ETF,ETF/Fund,US Listed,,USD,24.73500061035156,18,15,83.33333333333334,0.24485914065276188,0.2411446674120881,-0.20045352285037116,2026-07-01,13.0,16.733333333333334,14.374912008012265,28.742964772396718,8.504691766334762,184.29199229515703,51.0465076634108,5.729076047324237,5.729076047324237,87.0,83.33333333333334,85.62508799198774,76.68862233945093,Rapida,Media-alta,Estable,Rapido defensivo
NHPBP,"National Healthcare Properties, Inc. 7.125% Series B Cumulative Redeemable Perpetual Preferred Stock",Preferred,,,USD,18.81999969482422,6,5,83.33333333333334,2.708317048121183,2.6859497798960756,-3.361564730821062,2026-04-06,14.0,33.8,35.017138660947154,104.68533232354594,67.4216232889621,293.48965248147886,113.04414989788107,58.841412057394756,58.841412057394756,86.0,83.33333333333334,64.98286133905285,75.75574624897912,Rapida,Media-alta,Muy variable,Rapido y rentable
CRWS,CROWN CRAFTS INC,Stock,Nasdaq,2211,USD,2.859999895095825,12,10,83.33333333333334,2.6157873765025266,2.7182315981947456,-3.5762389665124057,2026-06-11,14.0,25.4,28.226071478530468,100.08167017792823,72.92707560202211,211.25400403318392,76.7108780965842,56.83109478710847,56.83109478710847,86.0,83.33333333333334,71.77392852146953,76.68187665472297,Rapida,Media-alta,Variable,Rapido y rentable
PIPR,PIPER SANDLER COMPANIES,Stock,NYSE,6211,USD,79.2300033569336,6,5,83.33333333333334,0.6820840880609184,0.254693619741139,-1.6331073801254776,2026-05-29,14.0,13.4,11.058933040759403,229.41459666086334,69.0246903818556,924.3351837462344,390.26457123469066,14.819088817990192,14.819088817990192,86.0,83.33333333333334,88.9410669592406,77.32324413194702,Rapida,Media-alta,Estable,Rapido defensivo
KNGZ,First Trust S&P 500 Diversified Dividend Aristocrats ETF,ETF/Fund,US Listed,,USD,40.3129997253418,6,5,83.33333333333334,0.6595723603519518,0.6868063068159231,-0.8878457355629511,2026-06-25,14.0,19.2,17.963852593472257,49.41947714907506,35.00001319825506,138.76921885524897,53.26227790471924,14.329994733837047,14.329994733837047,86.0,83.33333333333334,82.03614740652775,76.26499447133114,Rapida,Media-alta,Variable,Rapido defensivo
LDSF,First Trust Low Duration Strategic Focus ETF,ETF/Fund,US Listed,,USD,18.96999931335449,18,15,83.33333333333334,0.38265001535254695,0.38145719453254634,-0.38784805321591453,2026-06-25,14.0,21.6,23.8381447024961,16.40298198646708,13.139315979724952,53.15234028047203,13.796060428083669,8.313527119266647,8.313527119266647,86.0,83.33333333333334,76.1618552975039,75.10692830997814,Rapida,Media-alta,Variable,Rapido defensivo
KRT,Karat Packaging Inc.,Stock,Nasdaq,3089,USD,27.65999984741211,12,10,83.33333333333334,1.6958752078213717,1.6805010259783497,-1.2393253016558108,2026-05-21,15.0,24.6,32.459205165869356,503.42595521658734,107.8085835300808,1435.1244869938448,594.7584335827434,34.38858060304448,34.38858060304448,85.0,83.33333333333334,67.54079483413065,74.82699443294098,Rapida,Media-alta,Variable,Rapido y rentable
DVY,iShares Select Dividend ETF,ETF/Fund,US Listed,,USD,158.83999633789062,6,5,83.33333333333334,0.8778568129547609,0.8337140342513223,-1.1173995288022678,2026-06-15,15.0,14.8,4.764451699828638,29.527185519865004,25.687943471299437,44.606513597315,9.005239936799525,17.800985373804878,17.800985373804878,85.0,83.33333333333334,95.23554830017136,78.16318905798047,Rapida,Media-alta,Muy estable,Rapido defensivo
EMCB,WisdomTree Emerging Markets Corporate Bond Fund,ETF/Fund,US Listed,,USD,66.58000183105469,18,15,83.33333333333334,0.44861186388403,0.4551706937176569,-0.341444621163568,2026-06-25,15.0,20.333333333333332,23.584700448343522,75.07146654328699,15.89806679994234,500.537219865156,143.24671143051876,9.096851684315055,9.096851684315055,85.0,83.33333333333334,76.41529955165647,74.9109067966325,Rapida,Media-alta,Variable,Rapido defensivo
QVAL,Alpha Architect U.S. Quantitative Value ETF,ETF/Fund,US Listed,,USD,56.39799880981445,6,5,83.33333333333334,0.3757135949906378,0.3972452957772361,-1.1047697594310246,2026-06-29,15.0,12.0,8.455767262643882,81.59073720152404,45.77537458544091,177.9037358935611,72.45429897245836,7.618636787310156,7.618636787310156,85.0,83.33333333333334,91.54423273735611,77.10734850559406,Rapida,Media-alta,Estable,Rapido defensivo
MNR,MACH NATURAL RESOURCES LP,Stock,NYSE,1311,USD,14.75,6,5,83.33333333333334,3.637316081389988,3.5507125140080142,-4.148226126853359,2026-05-21,16.0,18.8,10.232301793829187,110.89190962909201,104.92264603824296,205.72866764725651,62.500150099496565,69.14689425559092,69.14689425559092,84.0,83.33333333333334,89.76769820617082,79.8024708123156,Rapida,Media-alta,Estable,Rapido y rentable
TRMD,TORM plc Class A Common Stock,Other Unmatched,,,USD,29.81999969482422,6,5,83.33333333333334,2.4586317628218235,2.459055997509224,-5.09803656495275,2026-05-28,16.0,22.4,19.112822920751398,94.38666158341788,97.9208536498159,164.9763752030212,50.46626311291413,46.73961424114405,46.73961424114405,84.0,83.33333333333334,80.8871770792486,77.29170832470912,Rapida,Media-alta,Variable,Rapido y rentable
FNLC,"First Bancorp, Inc /ME/",Stock,Nasdaq,6021,USD,28.75,12,10,83.33333333333334,1.3721059430173759,1.3484223101803923,-2.486814689399672,2026-04-07,16.0,29.0,23.897931105246567,136.31897640788787,37.24827089430914,558.6088409423828,223.40411086147412,26.08430568756991,26.08430568756991,84.0,83.33333333333334,76.10206889475343,75.4874162772304,Rapida,Media-alta,Variable,Rapido y rentable
SWP,SWP Growth & Income ETF,ETF/Fund,US Listed,,USD,28.530000686645508,6,5,83.33333333333334,1.702418681057571,1.7916662235283156,-1.9342833520380889,2026-06-29,17.0,20.4,18.87591057406238,85.15383124121904,62.15947600841084,267.3646703688079,104.69244212702472,30.459942087549674,30.459942087549674,83.0,83.33333333333334,81.12408942593763,76.27103209494821,Rapida,Media-alta,Variable,Rapido y rentable
JJSF,J&J SNACK FOODS CORP,Stock,Nasdaq,2052,USD,77.91999816894531,12,10,83.33333333333334,0.8144165555213133,0.8108277429178945,-2.0391497981084625,2026-06-16,17.0,18.6,14.690889088895274,149.4317139929812,27.67324776528497,590.1434046792333,234.20108295395983,14.57166876300389,14.57166876300389,83.0,83.33333333333334,85.30911091110472,76.01078319218703,Rapida,Media-alta,Estable,Rapido defensivo
UTRE,US Treasury 3 Year Note ETF,ETF/Fund,US Listed,,USD,49.26800155639648,18,15,83.33333333333334,0.2980720282169408,0.30015922566212183,-0.2536836348172007,2026-06-29,17.0,18.0,15.5976188658947,32.848693806784354,6.758575239960941,246.0312218778832,62.57432762459331,5.333151485254088,5.333151485254088,83.0,83.33333333333334,84.4023811341053,75.35842919833273,Rapida,Media-alta,Variable,Rapido defensivo
FGNXP,FG Nexus Inc. 8.00% Cumulative Preferred Stock,Preferred,,,USD,24.850000381469727,6,5,83.33333333333334,2.4722615743140577,2.444401964200998,-2.0565126012733193,2026-06-01,18.0,27.2,26.621419947102748,128.37005529996395,93.04556323004596,264.3858282489253,100.08321124510717,41.77664234373292,41.77664234373292,82.0,83.33333333333334,73.37858005289725,75.57904858224866,Rapida,Media-alta,Variable,Rapido y rentable
QQQX,Nuveen NASDAQ 100 Dynamic Overwrite Fund Shares of Beneficial Interest,ETF/Fund,,,USD,30.93000030517578,6,5,83.33333333333334,2.1763968660992616,2.1632579914930368,-1.5757671797710018,2026-06-15,18.0,15.6,11.304866208850063,241.71762553659383,57.07692105171432,937.4503188606604,391.1424732771523,36.777076672510674,36.777076672510674,82.0,83.33333333333334,88.69513379114994,77.58066693477177,Rapida,Media-alta,Estable,Rapido y rentable
MYMG,State Street My2027 Municipal Bond ETF,ETF/Fund,US Listed,,USD,24.679000854492188,18,15,83.33333333333334,0.24462091997168456,0.2459176783077449,-0.2057775692698348,2026-07-01,18.0,19.8,15.86190404711868,13.510064903864182,5.954537122688957,94.22522510919607,23.146765914861138,4.133640545817819,4.133640545817819,82.0,83.33333333333334,84.13809595288132,74.96533531290389,Rapida,Media-alta,Variable,Rapido defensivo
OCSL,Oaktree Specialty Lending Corp,Stock,Nasdaq,0,USD,12.130000114440918,12,10,83.33333333333334,3.0269201316245113,2.9350849245627013,-3.6611807248878745,2026-06-15,19.0,18.6,14.24546711530841,157.80747389127848,57.01384898378031,386.37360971902353,152.68189152195674,48.457274036971356,48.457274036971356,81.0,83.33333333333334,85.75453288469159,77.69010006432825,Rapida,Media-alta,Estable,Rapido y rentable
MTN,VAIL RESORTS INC,Stock,NYSE,7990,USD,144.24000549316406,6,5,83.33333333333334,1.50496532997706,1.4873005052890402,-2.8402816257324592,2026-06-25,19.0,24.6,22.345021816950638,65.17294738272622,67.94800070778226,139.1041411402367,47.85284870393864,24.092646729895918,24.092646729895918,81.0,83.33333333333334,77.65497818304937,74.95321205743447,Rapida,Media-alta,Variable,Rapido defensivo
HOPE,HOPE BANCORP INC,Stock,Nasdaq,6021,USD,12.520000457763672,12,10,83.33333333333334,1.2570292933082687,1.2578828752635896,-0.7681820092621369,2026-05-08,19.0,23.6,27.645373332018266,161.5286482287435,58.54642174895246,544.7769403262744,210.20430410962237,20.12349526568062,20.12349526568062,81.0,83.33333333333334,72.35462666798173,73.91022329350554,Rapida,Media-alta,Variable,Rapido defensivo
MRTN,MARTEN TRANSPORT LTD,Stock,Nasdaq,4213,USD,17.770000457763672,12,10,83.33333333333334,0.4605960031351404,0.4803499403807511,-0.9491392956917674,2026-06-16,19.0,27.4,32.58220373148507,141.95019409506514,55.27964188548372,413.8323493566293,158.28361450400487,7.373576365979221,7.373576365979221,81.0,83.33333333333334,67.41779626851493,72.3732654434124,Rapida,Media-alta,Variable,Rapido defensivo
DKL,"Delek Logistics Partners, LP",Stock,NYSE,4610,USD,53.95000076293945,6,5,83.33333333333334,2.4178907827006593,2.459987774050746,-2.9170768001320666,2026-05-04,20.0,23.8,19.601020381602584,132.5427317369712,63.68606812608586,396.0950830039763,157.69792402504982,36.772088986905864,36.772088986905864,80.0,83.33333333333334,80.39897961839742,75.97773772546027,Rapida,Media-alta,Variable,Rapido y rentable
STRK,Strategy Inc 8.00% Series A Perpetual Strike Preferred Stock,Preferred,,,USD,69.57499694824219,6,5,83.33333333333334,2.18023773984284,2.1844304140682516,-2.0358724239848676,2026-06-15,20.0,24.4,18.283872675120005,324.81881371390045,66.58908520410365,1183.902467274011,496.38605479614705,33.15778229344319,33.15778229344319,80.0,83.33333333333334,81.71612732487999,75.93765683857484,Rapida,Media-alta,Variable,Rapido y rentable
FUND,"Sprott Focus Trust, Inc. Common Stock",ETF/Fund,,,USD,10.210000038146973,6,5,83.33333333333334,1.6573960444610867,1.6112667423251679,-1.9642376993842376,2026-06-12,20.0,20.2,10.009995004993758,82.52161796306798,34.484335570632695,253.40223262825057,96.43258716908663,25.206231509512364,25.206231509512364,80.0,83.33333333333334,89.99000499500625,76.65589679371203,Rapida,Media-alta,Estable,Rapido y rentable
KRP,"Kimbell Royalty Partners, LP",Stock,NYSE,1311,USD,15.470000267028809,6,5,83.33333333333334,2.7721271929518405,2.6501105383170027,-2.655780872864898,2026-05-19,21.0,29.8,30.83342342329181,66.44693375798953,68.69321321800642,131.51231794492983,43.40504541258358,40.15184227886595,40.15184227886595,79.0,83.33333333333334,69.1665765767082,74.34711367945808,Rapida,Media-alta,Variable,Rapido y rentable
BPYPO,"Brookfield Property Partners L.P. 6.375% Class A Cumulative Redeemable Perpetual Preferred Units, Series 2",Preferred,,,USD,15.399999618530272,6,5,83.33333333333334,2.6432377673846275,2.6242782302103427,-1.6655844784338083,2026-06-01,21.0,28.8,22.117866081518805,108.18131022157395,75.13640873015872,346.38458342080514,136.20453936413725,38.28499147203925,38.28499147203925,79.0,83.33333333333334,77.8821339184812,75.52555785515682,Rapida,Media-alta,Variable,Rapido y rentable
JAKK,JAKKS PACIFIC INC,Stock,Nasdaq,3944,USD,22.8799991607666,12,10,83.33333333333334,1.202286281111561,1.1676896988260892,-2.1067677578068134,2026-05-29,21.0,20.8,14.226735395022992,60.24717691329774,43.16450506763892,120.61495684498628,43.030685279709374,17.414067166893645,17.414067166893645,79.0,83.33333333333334,85.77326460497702,75.26827597185812,Rapida,Media-alta,Estable,Rapido defensivo
CARY,Angel Oak Income ETF,ETF/Fund,US Listed,,USD,20.905000686645508,18,15,83.33333333333334,0.4823585914916236,0.4562254248740003,-0.4014460659130869,2026-06-30,21.0,25.4,17.89572973804485,13.511521199556167,8.540439547481492,42.06339529748366,10.972042615670027,6.986543091049311,6.986543091049311,79.0,83.33333333333334,82.10427026195515,73.99799913078489,Rapida,Media-alta,Variable,Rapido defensivo
USTB,VictoryShares Short-Term Bond ETF,ETF/Fund,US Listed,,USD,50.58000183105469,18,15,83.33333333333334,0.3635681385134393,0.3721424699768648,-0.35538299966079195,2026-06-09,21.0,19.066666666666666,12.290918056299402,9.123533208535225,7.535953052785711,18.78093572874293,4.523920622436429,5.265967085611325,5.265967085611325,79.0,83.33333333333334,87.7090819437006,74.71993043006853,Rapida,Media-alta,Estable,Rapido defensivo
POOL,POOL CORP,Stock,Nasdaq,5090,USD,175.3699951171875,12,10,83.33333333333334,0.49288507628805656,0.44801533605802824,-1.2800713136469912,2026-05-14,23.0,24.0,22.900752049756893,207.60599751897195,23.157412288363,680.3454919416585,275.36084055222665,6.518226552360169,6.518226552360169,77.0,83.33333333333334,77.09924795024311,72.65777226882453,Media,Media-alta,Variable,Observacion
ADAMM,"Adamas Trust, Inc. 7.875% Series E Fixed-to-Floating Rate Cumulative Redeemable Preferred Stock",ETF/Fund,,,USD,25.299999237060547,6,5,83.33333333333334,2.7225317715666244,2.7410974070926457,-1.7303456461183802,2026-07-01,24.0,19.8,11.562871615649808,78.9992707805549,42.652923480805406,161.0802560973036,58.72750077123378,34.50430891047979,34.50430891047979,76.0,83.33333333333334,88.43712838435019,76.28810102921916,Media,Media-alta,Estable,Estable
MYCH,State Street My2028 Corporate Bond ETF,ETF/Fund,US Listed,,USD,24.905000686645508,18,15,83.33333333333334,0.36707376393353663,0.3733308293910834,-0.36146695908742077,2026-07-01,24.0,24.733333333333334,17.870433149545676,23.250165697779,7.15880280097211,199.05301189008227,50.18822896796134,4.652150133185447,4.652150133185447,76.0,83.33333333333334,82.12956685045432,72.98650879150169,Media,Media-alta,Variable,Observacion
ZTWO,F/m 2-Year Investment Grade Corporate Bond ETF,ETF/Fund,US Listed,,USD,50.56999969482422,18,15,83.33333333333334,0.35278328187464747,0.3452507437313179,-0.3197562044084755,2026-06-29,24.0,28.8,19.37302985374992,16.33761207840315,6.169018635820412,145.2441455397821,36.061362172504126,4.471038120980776,4.471038120980776,76.0,83.33333333333334,80.62697014625007,72.74682880381218,Media,Media-alta,Variable,Observacion
MGEE,MGE ENERGY INC,Stock,Nasdaq,4900,USD,75.5,12,10,83.33333333333334,0.5538759397954154,0.5628971582034044,-1.3062117214516287,2026-06-01,26.0,33.2,30.43681980759488,104.84357297579929,16.923152862639157,448.68766208590375,181.790760142038,6.479638398247648,6.479638398247648,74.0,83.33333333333334,69.56318019240513,70.68835296865619,Media,Media-alta,Variable,Observacion
MBINN,Merchants Bancorp Depositary Shares Preferred Series C,Preferred,,,USD,20.274999618530277,6,5,83.33333333333334,1.8348683284224292,1.8488847348572768,-1.1013819193452836,2026-06-15,28.0,20.2,11.34460224071342,70.84785934026347,50.48081236802635,194.4269670785505,70.8062806023069,19.93234940101746,19.93234940101746,72.0,83.33333333333334,88.65539775928659,74.23317799231543,Media,Media-alta,Estable,Estable
APO,"Apollo Global Management, Inc.",Stock,NYSE,6282,USD,134.07000732421875,6,5,83.33333333333334,0.37028587761959386,0.3781926242656043,-2.189326904559101,2026-05-19,28.0,30.4,24.57234217570641,20.04978017826542,13.465542318644582,44.51538867329104,15.490925242827947,4.022450753903327,4.022450753903327,72.0,83.33333333333334,75.42765782429359,70.78443455126364,Media,Media-alta,Variable,Observacion
POWWP,Outdoor Holding Company 8.75% Series A Cumulative Redeemable Perpetual Preferred Stock,Preferred,,,USD,24.625,6,5,83.33333333333334,2.2899133763870716,2.24828134382443,-1.4656417892160754,2026-06-01,32.0,34.0,23.874672772626646,50.224927578730494,40.54196911207125,114.84284875931696,39.65325042293785,21.766103707845865,21.766103707845865,68.0,83.33333333333334,76.12532722737336,71.60871246049308,Media,Media-alta,Variable,Observacion
OXLCZ,Oxford Lane Capital Corp. 5.00% Notes due 2027,Note/Bond,,,USD,24.809999465942383,6,5,83.33333333333334,1.279971968306597,1.2798662172779223,-0.8391923023547062,2026-06-15,39.0,48.2,18.41738309315414,11.129263130614468,12.007036844156708,14.113736657241269,2.837685790580169,9.982687359656154,9.982687359656154,61.0,83.33333333333334,81.58261690684586,69.31736450433348,Media,Media-alta,Variable,Observacion
USEA,United Maritime Corporation Common Stock,Other Unmatched,,,USD,2.6700000762939453,6,5,83.33333333333334,2.6086641189649744,2.7980138124306255,-5.730369720889551,2026-06-29,40.0,40.2,32.645060882161026,130.1256929796558,79.16662883540909,293.9594960439318,105.32973750435625,19.836716737962828,19.836716737962828,60.0,83.33333333333334,67.35493911783897,68.21190498664083,Media,Media-alta,Variable,Observacion
NGVC,"Natural Grocers by Vitamin Cottage, Inc.",Stock,NYSE,5411,USD,28.38999938964844,6,5,83.33333333333334,0.4077233010426897,0.4202243439257236,-1.3123234768467988,2026-05-18,40.0,32.2,27.84241368847177,92.45961511025381,14.910106730607184,381.41355341319786,162.1816566165582,3.1003959350121204,3.1003959350121204,60.0,83.33333333333334,72.15758631152823,66.73136124777193,Media,Media-alta,Variable,Observacion
PWP,Perella Weinberg Partners Class A Common Stock,Other Unmatched,,,USD,17.15999984741211,6,5,83.33333333333334,0.34583795501629916,0.3432616997487,-2.4385961520309887,2026-06-01,42.0,34.6,24.49081460466352,24.699410487662995,6.628950046978201,68.92595781437856,28.94306656428149,2.5045804281934365,2.5045804281934365,58.0,83.33333333333334,75.50918539533649,66.57221576431677,Media,Media-alta,Variable,Observacion
WTBN,WisdomTree Bianco Total Return Fund,ETF/Fund,US Listed,,USD,25.274999618530277,17,14,82.35294117647058,0.3282219388885743,0.311162982686823,-0.2504184113379745,2026-06-25,4.0,7.214285714285714,12.807321051940274,59.295201932871954,39.629890813807975,195.34269251083063,54.37837862437664,24.66491334883257,24.66491334883257,96.0,82.35294117647058,87.19267894805972,79.26594731050929,Muy rapida,Media-alta,Estable,Rapido defensivo
TMB,Thornburg Multi Sector Bond ETF,ETF/Fund,US Listed,,USD,25.565000534057617,17,14,82.35294117647058,0.3474143876816928,0.347662812999336,-0.2785398691996195,2026-06-29,7.5,21.071428571428573,24.740077376019432,28.74239532003087,26.38989937791942,88.1989946432959,26.217778372807103,13.923823694536866,13.923823694536866,92.5,82.35294117647058,75.25992262398057,76.44522631069054,Rapida,Media-alta,Variable,Rapido defensivo
YLDE,Franklin ClearBridge Enhanced Income ETF,ETF/Fund,US Listed,,USD,55.62099838256836,17,14,82.35294117647058,0.52955729383871,0.5009038083862568,-0.6410506518806532,2026-07-01,8.5,13.142857142857142,18.11441051019514,67.16562315366332,37.724367385880626,269.59817630841184,71.34524718743555,18.72690499318898,18.72690499318898,91.5,82.35294117647058,81.88558948980486,77.3212192467212,Rapida,Media-alta,Variable,Rapido defensivo
JGPI.DE,JPM ETFs(I)-Glbl Eq.Pr.Inc.   R,ETF/Fund,Germany/Xetra,Europe,EUR,22.40999984741211,17,14,82.35294117647058,0.6761296883605366,0.5898178069412267,-0.4080647526094232,2026-05-21,9.0,12.357142857142858,12.125035402689905,123.47246926866002,31.698905193561245,791.1120240014866,212.95813323456505,22.58184776158393,22.58184776158393,91.0,82.35294117647058,87.8749645973101,78.21619790736881,Rapida,Media-alta,Estable,Rapido defensivo
ALTY,Global X Alternative Income ETF,ETF/Fund,US Listed,,USD,12.390000343322754,17,14,82.35294117647058,0.6333492679201744,0.6339210828487557,-0.5907280457248922,2026-06-03,9.5,12.785714285714286,8.98013681092093,52.537173556346644,30.769886923260767,232.42518738880625,63.44361060803319,20.039719870415425,20.039719870415425,90.5,82.35294117647058,91.01986318907908,78.4951522756938,Rapida,Media-alta,Estable,Rapido defensivo
INBK,First Internet Bancorp,Stock,Nasdaq,6022,USD,27.709999084472656,11,9,81.81818181818183,0.25651234253836014,0.2579535658193944,0.43115817756695995,2026-06-30,1.0,2.111111111111111,1.3642254619787415,526.4497331062265,407.5863299284308,1188.4565061476471,398.705956986798,76.6039132035012,76.6039132035012,99.0,81.81818181818183,98.63577453802125,81.57006034142336,Muy rapida,Media-alta,Muy estable,Rapido y rentable
BANF,BANCFIRST CORP /OK/,Stock,Nasdaq,6021,USD,112.2699966430664,11,9,81.81818181818183,0.4177129195438964,0.4200529550056623,-0.6596169774153905,2026-06-30,3.0,3.5555555555555554,2.242270674512285,212.49020256096054,216.79225191392464,481.1616985219552,158.85338631522305,41.58142244550605,41.58142244550605,97.0,81.81818181818183,97.75772932548772,80.99955413654888,Muy rapida,Media-alta,Muy estable,Rapido y rentable
TSLX,"Sixth Street Specialty Lending, Inc.",Stock,NYSE,0,USD,16.899999618530273,11,9,81.81818181818183,1.2722934012962996,1.864612884383516,-1.6578386033030001,2026-06-15,4.0,5.555555555555555,5.74697988318889,255.86138902416917,245.99295253759027,613.8416788812921,185.9408740699899,94.98826871041692,94.98826871041692,96.0,81.81818181818183,94.25302011681111,81.02842823699979,Muy rapida,Media-alta,Estable,Rapido y rentable
CGBD,"Carlyle Secured Lending, Inc.",Stock,Nasdaq,0,USD,10.859999656677246,11,9,81.81818181818183,3.0706287309235547,3.086419744001731,-2.7608849589067215,2026-06-30,6.0,21.11111111111111,26.37444048906272,204.6161107161267,174.80842816066874,722.605787819752,211.85234342065908,152.83356638005878,152.83356638005878,94.0,81.81818181818183,73.62555951093728,79.13264447574596,Muy rapida,Media-alta,Variable,Rapido y rentable
TMYY,GraniteShares YieldBOOST TSM ETF,ETF/Fund,,,USD,24.450000762939453,11,9,81.81818181818183,1.4155759532955643,1.1580064263448069,-1.2739935536627884,2026-06-26,6.0,8.333333333333334,8.200609733428363,181.86854186005868,167.6723584040396,612.6258713628473,180.6447958748158,70.45707585721105,70.45707585721105,94.0,81.81818181818183,91.79939026657163,80.20366631146312,Muy rapida,Media-alta,Estable,Rapido y rentable
TAXT,Northern Trust Tax-Exempt Bond ETF,ETF/Fund,US Listed,,USD,51.70500183105469,11,9,81.81818181818183,0.2562262757051644,0.2824616671345861,-0.2683806033407285,2026-07-01,8.0,20.77777777777778,21.672435129547498,19.494241995106634,13.211459475736271,93.27900206093403,28.500401446564734,9.56481040558483,9.56481040558483,92.0,81.81818181818183,78.3275648704525,76.42354282445486,Rapida,Media-alta,Variable,Rapido defensivo
TAXI,Northern Trust Intermediate Tax-Exempt Bond ETF,ETF/Fund,US Listed,,USD,51.3849983215332,11,9,81.81818181818183,0.20209509673602524,0.2220823269973302,-0.20221502087647736,2026-07-01,10.0,11.666666666666666,9.1104335791443,21.83172462434177,11.85576224242116,91.12630099933617,28.812654106598046,6.035294479798573,6.035294479798573,90.0,81.81818181818183,90.8895664208557,77.65371187804621,Rapida,Media-alta,Estable,Rapido defensivo
TAXS,Northern Trust Short-Term Tax-Exempt Bond ETF,ETF/Fund,US Listed,,USD,50.38999938964844,11,9,81.81818181818183,0.18425063250154475,0.2068523060043446,-0.17486615615649076,2026-07-01,11.0,16.333333333333332,17.066048165876012,7.082631091371379,6.854538498253593,11.830797219870618,3.2963646916262785,5.002176262541938,5.002176262541938,89.0,81.81818181818183,82.93395183412399,76.14252522580196,Rapida,Media-alta,Variable,Rapido defensivo
QDTY,YieldMax Nasdaq 100 0DTE Covered Call Strategy ETF,ETF/Fund,US Listed,,USD,42.34099960327149,71,58,81.69014084507043,0.6062477068769746,0.5945175637535485,-0.7502694770169803,2026-07-01,3.0,8.517241379310345,16.750220086860285,214.37065030305527,133.2121067569659,1137.4630270231542,224.69008360468592,60.25476035016692,60.25476035016692,97.0,81.69014084507043,83.24977991313972,78.95427807412962,Muy rapida,Media-alta,Variable,Rapido y rentable
MAXI,Simplify Bitcoin Strategy PLUS Income ETF,ETF/Fund,US Listed,,USD,8.54699993133545,16,13,81.25,1.9859266698305635,1.1792190265843814,-2.388924780710827,2026-06-25,7.0,12.76923076923077,15.974739675259428,417.1320682402619,276.3723729673717,915.0057898378276,351.4617905648972,84.13591114594665,84.13591114594665,93.0,81.25,84.02526032474057,79.05221571854166,Muy rapida,Media-alta,Variable,Rapido y rentable
SAR,SARATOGA INVESTMENT CORP.,Stock,NYSE,0,USD,22.40999984741211,16,13,81.25,1.2377497399070583,1.0553203655197767,-2.0681273256845283,2026-06-04,10.0,18.153846153846153,23.90552988273548,157.9534729334299,57.6356082004036,787.4149793989202,223.70258677598508,36.7070157241187,36.7070157241187,90.0,81.25,76.09447011726452,76.21442025749674,Rapida,Media-alta,Variable,Rapido y rentable
VGUS,Vanguard Ultra-Short Treasury ETF,ETF/Fund,US Listed,,USD,75.66000366210938,16,13,81.25,0.3017455511440622,0.3016679587611629,-0.2790842267560396,2026-07-01,29.0,37.23076923076923,20.527030334633753,3.6688175097892257,3.763401073125135,6.042179507089193,1.3735521860243118,3.0857384486607224,3.0857384486607224,71.0,81.25,79.47296966536625,70.085191000949,Media,Media-alta,Variable,Observacion
RDTY,YieldMax R2000 0DTE Covered Strategy ETF,ETF/Fund,US Listed,,USD,39.180999755859375,68,55,80.88235294117648,0.7600357609846302,0.7658176294071652,-0.6652310269081927,2026-07-01,2.0,5.781818181818182,8.482423896004912,292.7403255037662,248.88217364156068,1304.7214328398911,271.3497657232746,112.18910221887097,112.18910221887097,98.0,80.88235294117648,91.51757610399508,80.28473100011331,Muy rapida,Media-alta,Estable,Rapido y rentable
RYZ,Ryerson Holding Corp,Stock,NYSE,5051,USD,28.06999969482422,5,4,80.0,0.7816639589220715,0.7875994695861005,-0.06853592826260255,2026-06-04,1.0,6.5,11.0,576.5600912338176,561.913831826128,1168.9127998831432,472.6933897218425,228.24587600524487,228.24587600524487,99.0,80.0,89.0,79.83166395892206,Muy rapida,Media-alta,Estable,Rapido y rentable
RMCO,Royalty Management Holding Corporation Class A Common Stock,Other Unmatched,,,USD,2.740000009536743,5,4,80.0,0.11852874496455792,0.1028806556098663,4.42973385651806,2026-06-30,1.5,1.75,0.9574271077563381,2426.634948235349,683.8870201960544,8148.661754589973,3825.0055421101624,23.07359568643394,23.07359568643394,98.5,80.0,99.04257289224367,80.52491467880111,Muy rapida,Media-alta,Muy estable,Rapido defensivo
WLY,"JOHN WILEY & SONS, INC.",Stock,NYSE,2731,USD,38.5,5,4,80.0,0.9392977317608675,0.9184993169076652,-0.47829386246238864,2026-04-07,2.0,3.25,3.2015621187164247,558.4122771415734,573.5302047937189,1031.4326846881297,492.22033189902936,137.13746883708666,137.13746883708666,98.0,80.0,96.79843788128358,80.85906341395342,Muy rapida,Media-alta,Muy estable,Rapido y rentable
CVR,CHICAGO RIVET & MACHINE CO,Stock,NYSE,3540,USD,14.520000457763672,5,4,80.0,0.24795927815998797,0.2189781052384495,-0.49994018304624743,2026-03-06,2.0,2.5,1.7320508075688772,600.521106957741,529.6958545841139,1196.1599715397876,496.6682304414124,36.20205461135824,36.20205461135824,98.0,80.0,98.26794919243112,80.38815165702465,Muy rapida,Media-alta,Muy estable,Rapido y rentable
IBB,iShares Biotechnology ETF,ETF/Fund,US Listed,,USD,170.66000366210938,5,4,80.0,0.06856283230908684,0.0728838102458103,-0.23351465763896656,2026-06-15,2.0,2.25,1.5,68.77255272874552,66.29565239642638,109.34518789446776,32.80009196616604,10.01017351712668,10.01017351712668,98.0,80.0,98.5,80.2435628323091,Muy rapida,Media-alta,Muy estable,Rapido defensivo
PEPS,Parametric Equity Plus ETF,ETF/Fund,US Listed,,USD,32.255001068115234,5,4,80.0,0.2534244926191823,0.2385025498450408,0.2784098824718931,2026-06-22,3.0,2.75,0.49999999999999994,114.11686413193343,124.62288034002547,159.9435331952802,49.26636707790071,24.666650614933747,24.666650614933747,97.0,80.0,99.5,80.27842449261918,Muy rapida,Media-alta,Muy estable,Rapido defensivo
ITW,ILLINOIS TOOL WORKS INC,Stock,NYSE,3560,USD,256.19000244140625,5,4,80.0,0.6199161343697397,0.6159614239512429,-0.028091947716998345,2026-03-31,3.5,3.75,2.5,346.0067156006945,234.0116961726963,813.5181732003277,325.003694772646,51.718717495989715,51.718717495989715,96.5,80.0,97.5,80.19491613436975,Muy rapida,Media-alta,Muy estable,Rapido y rentable
BIB,ProShares Ultra Nasdaq Biotechnology,ETF/Fund,US Listed,,USD,74.80000305175781,5,4,80.0,0.21976575090655723,0.2504092516875785,0.17286002123957828,2026-03-25,3.5,4.0,3.559026084010437,662.4866965421937,339.1953210381854,1921.1980651856256,866.4879369222583,18.334742647061347,18.334742647061347,96.5,80.0,96.44097391598956,79.63591183830499,Muy rapida,Media-alta,Muy estable,Rapido defensivo
TRAK,"ReposiTrak, Inc.",Stock,NYSE,7374,USD,7.440000057220459,5,4,80.0,0.14608784670048924,0.1207729507548136,-2.072903745986287,2026-03-31,3.5,8.5,11.902380714238083,318.5708523624939,188.8302641799529,883.0637607543924,409.01883743163654,12.187900353297959,12.187900353297959,96.5,80.0,88.09761928576192,78.31073073956479,Muy rapida,Media-alta,Estable,Rapido defensivo
LNKB,"LINKBANCORP, Inc.",Stock,Nasdaq,6022,USD,9.050000190734863,5,4,80.0,0.9849087505711029,0.9960159085029942,-0.8456478973340473,2026-02-27,4.0,9.0,12.328828005937954,396.69441168731123,384.7646365245839,799.7992028017508,395.9857502395813,71.8983387916905,71.8983387916905,96.0,80.0,87.67117199406205,78.93558454968041,Muy rapida,Media-alta,Estable,Rapido y rentable
QQWZ,Pacer Cash COWZ 100-Nasdaq 100 Rotator ETF,ETF/Fund,US Listed,,USD,29.777000427246094,5,4,80.0,0.11942804320601046,0.060983940611702,-0.40514517233957237,2026-06-04,5.0,18.25,29.33001875212493,118.72707339278591,45.841822361178245,379.0760228251402,174.78987241422777,6.974597723231011,6.974597723231011,95.0,80.0,70.66998124787507,75.21992523038728,Muy rapida,Media-alta,Variable,Rapido defensivo
FMAO,FARMERS & MERCHANTS BANCORP INC,Stock,Nasdaq,6035,USD,25.950000762939453,10,8,80.0,0.8953473393655764,0.8863198197992925,-3.010942163788416,2026-04-02,5.5,9.5,10.378549306829239,281.98317090736214,119.45338718702857,840.191768841359,346.3259209603759,47.534804199045155,47.534804199045155,94.5,80.0,89.62145069317076,78.68856494334118,Muy rapida,Media-alta,Estable,Rapido y rentable
NFG,NATIONAL FUEL GAS CO,Stock,NYSE,4924,USD,94.98999786376952,5,4,80.0,0.6160780537446806,0.6297081047141595,-0.599995596859882,2026-03-31,5.5,8.0,7.0710678118654755,130.96243739183637,122.31435311334752,205.97293597107603,56.90283162319381,32.70814394426304,32.70814394426304,94.5,80.0,92.92893218813452,78.90541788196487,Muy rapida,Media-alta,Estable,Rapido y rentable
G,Genpact LTD,Stock,NYSE,8742,USD,32.630001068115234,5,4,80.0,0.4389157375399428,0.3953488372093023,-0.8618454734835028,2026-06-10,5.5,5.5,3.872983346207417,139.19185275489215,49.561126513881696,424.4201589185138,190.34776479534563,23.302435520302414,23.302435520302414,94.5,80.0,96.12701665379258,79.20796823560882,Muy rapida,Media-alta,Muy estable,Rapido defensivo
IBGB,iShares iBonds Dec 2045 Term Treasury ETF,ETF/Fund,US Listed,,USD,24.381000518798828,15,12,80.0,0.38190002405901413,0.3893277469347944,-0.6090601524911483,2026-07-01,6.0,17.416666666666668,25.1123234265328,80.68484820186924,34.51036413668174,494.7922866832711,138.40905902702684,18.585801170872024,18.585801170872024,94.0,80.0,74.8876765734672,75.81505151007909,Muy rapida,Media-alta,Variable,Rapido defensivo
HERZ,"Herzfeld Credit Income Fund, Inc. Common Stock",ETF/Fund,,,USD,16.65999984741211,5,4,80.0,1.2745750883376388,0.9803921482355266,-6.689651992266091,2026-06-16,6.5,15.75,20.93442141545832,136.82175839213127,143.25073764909615,248.2993777189164,96.62063930349647,57.25783473762931,57.25783473762931,93.5,80.0,79.06557858454168,77.18441187601888,Muy rapida,Media-alta,Variable,Rapido y rentable
FVC,First Trust Dorsey Wright Dynamic Focus 5 ETF,ETF/Fund,US Listed,,USD,41.77399826049805,5,4,80.0,0.5173711754931647,0.6251208827283987,-0.4173132580699175,2026-06-25,7.0,7.0,6.377042156569663,245.06038357913488,84.13831602378784,791.2695948963742,368.26916179575693,21.58176903485773,21.58176903485773,93.0,80.0,93.62295784343034,78.46081485200772,Muy rapida,Media-alta,Estable,Rapido defensivo
IBGL,iShares iBonds Dec 2055 Term Treasury ETF,ETF/Fund,US Listed,,USD,24.035999298095703,15,12,80.0,0.38296928331125507,0.3903977481287176,-0.657837696953376,2026-07-01,7.0,21.0,28.733888766339366,76.05612004152151,26.353175665686237,462.3685266593338,132.38576930946454,15.975290103840926,15.975290103840926,93.0,80.0,71.26611123366064,74.97288596836034,Muy rapida,Media-alta,Variable,Rapido defensivo
IBTQ,iShares iBonds Dec 2035 Term Treasury ETF,ETF/Fund,US Listed,,USD,25.084999084472656,15,12,80.0,0.31340460869771997,0.3241071018560954,-0.4462056650654111,2026-07-01,7.0,20.5,26.46610181826076,58.87145884140437,20.930587702317943,428.0639105231892,121.03318367271396,13.073449391390604,13.073449391390604,93.0,80.0,73.53389818173923,75.24348933595861,Muy rapida,Media-alta,Variable,Rapido defensivo
WTMU,WisdomTree Core Laddered Municipal Fund,ETF/Fund,US Listed,,USD,25.71999931335449,15,12,80.0,0.24359669196144965,0.257462826110943,-0.24422884639894357,2026-06-25,7.0,15.416666666666666,19.764331202415825,14.12569895454064,14.119341462679364,31.48428581737987,8.603517768250457,10.161462007534759,10.161462007534759,93.0,80.0,80.23566879758417,76.17894701159906,Muy rapida,Media-alta,Variable,Rapido defensivo
SHPU,Direxion Daily SHOP Bull 2X ETF,ETF/Fund,US Listed,,USD,10.100000381469728,5,4,80.0,3.625322721384898,0.5484067779544004,-5.203356315609741,2026-06-23,7.5,10.0,9.486832980505138,599.9147172321162,112.77146524614776,2097.033033350839,998.239404534124,141.14589795258536,141.14589795258536,92.5,80.0,90.51316701949486,80.95229777430913,Rapida,Media-alta,Estable,Rapido y rentable
PK,Park Hotels & Resorts Inc.,Stock,NYSE,7011,USD,10.56999969482422,5,4,80.0,2.3031487758062585,2.312673360736692,-2.460594291519558,2026-03-31,8.0,16.25,19.276496915501358,175.14752161122092,170.63170206590314,320.63143792444964,119.84594924031336,84.06493031692844,84.06493031692844,92.0,80.0,80.72350308449865,78.01167423848105,Rapida,Media-alta,Variable,Rapido y rentable
WTMY,WisdomTree High Income Laddered Municipal Fund,ETF/Fund,US Listed,,USD,25.475000381469727,15,12,80.0,0.27930313052562367,0.3016287982721637,-0.27578643163318256,2026-06-25,8.5,23.5,28.423741676793554,16.591518019233582,13.900026569150667,49.33399421388312,14.421734456312102,9.594884013350837,9.594884013350837,91.5,80.0,71.57625832320645,74.46574187900659,Rapida,Media-alta,Variable,Rapido defensivo
SKYU,ProShares Ultra Cloud Computing,ETF/Fund,US Listed,,USD,33.612998962402344,5,4,80.0,0.17503036683976153,0.1846620105052478,-1.5168183338587797,2026-06-24,9.0,17.0,22.211108331943574,160.76852912313123,26.515172071328855,567.5881016433793,271.22105188437456,5.678763013023374,5.678763013023374,91.0,80.0,77.78889166805642,75.14336411704822,Rapida,Media-alta,Variable,Rapido defensivo
MYCO,State Street My2035 Corporate Bond ETF,ETF/Fund,US Listed,,USD,24.5,10,8,80.0,0.3730277921713746,0.39413829803987666,-0.4202822363355246,2026-07-01,9.5,20.75,26.04254760414744,36.16397103376912,22.278039624856653,158.12218031904416,50.844571918405954,11.46569634884646,11.46569634884646,90.5,80.0,73.95745239585256,74.61664565154925,Rapida,Media-alta,Variable,Rapido defensivo
IIPR,INNOVATIVE INDUSTRIAL PROPERTIES INC,Stock,NYSE,6500,USD,50.7599983215332,5,4,80.0,3.463746138750936,3.455173562476921,-5.432634809790196,2026-03-31,10.0,23.0,31.57002798013753,259.2447389917601,148.90804907798912,720.175259632145,313.41739437087654,101.14138725152733,101.14138725152733,90.0,80.0,68.42997201986248,76.7282419417303,Rapida,Media-alta,Variable,Rapido y rentable
CTBB,QWEST CORP,Stock,NYSE,4813,USD,19.739999771118164,5,4,80.0,2.121903795688298,2.0971073719022333,-0.8272307924079717,2026-02-27,10.0,14.5,16.11417595369576,281.7196144002199,121.97799407390835,851.5343107049994,385.99427552499066,61.9595908340983,61.9595908340983,90.0,80.0,83.88582404630424,77.70477740263394,Rapida,Media-alta,Variable,Rapido y rentable
RAA,SMI 3Fourteen REAL Asset Allocation ETF,ETF/Fund,US Listed,,USD,30.0,5,4,80.0,0.5353614674896106,0.4466770641168084,-1.0449946293104282,2026-06-17,13.5,13.75,7.135591542869215,27.207519450553583,29.373563996859517,39.50337489392755,12.070839892249069,11.57967025977528,11.57967025977528,86.5,80.0,92.86440845713078,76.41502273605923,Rapida,Media-alta,Estable,Rapido defensivo
MYMK,State Street My2031 Municipal Bond ETF,ETF/Fund,US Listed,,USD,25.104999542236328,10,8,80.0,0.2039213611754255,0.21340890045680982,-0.18393780532768442,2026-07-01,13.5,13.25,9.558093055476226,21.683316614557462,6.444308968882668,90.82898180364182,31.521653258329852,4.410743515794389,4.410743515794389,86.5,80.0,90.44190694452378,75.720207402854,Rapida,Media-alta,Estable,Rapido defensivo
TRIN,Trinity Capital Inc.,Stock,Nasdaq,0,USD,17.0,20,16,80.0,1.9771225455184642,1.1270120282105913,-1.4934225864244346,2026-06-11,14.5,16.75,19.47819293466414,270.2342815501842,73.9472494388449,800.6453409502583,323.1222023508588,39.81515746837183,39.81515746837183,85.5,80.0,80.52180706533586,75.70539360531885,Rapida,Media-alta,Variable,Rapido y rentable
TLA,GraniteShares Autocallable TSLA ETF,ETF/Fund,US Listed,,USD,25.07999992370605,5,4,80.0,1.6135580361855815,1.6202153159335173,-1.0097549820572465,2026-07-01,21.0,22.0,17.088007490635064,119.27247281740819,66.84416289509612,328.24114765500934,145.31330897181542,22.436140312675704,22.436140312675704,79.0,80.0,82.91199250936494,73.75035691259032,Rapida,Media-alta,Variable,Rapido defensivo
XQQI,NEOS Boosted Nasdaq-100 High Income ETF,ETF/Fund,US Listed,,USD,54.65999984741211,5,4,80.0,1.699827764234001,1.696219340624974,-0.9393887382545696,2026-06-03,21.5,31.0,37.95611501018863,427.5766304201119,329.0166029072176,1038.75341993981,502.9139624683564,23.086032890992016,23.086032890992016,78.5,80.0,62.04388498981137,70.55641051270571,Media,Media-alta,Muy variable,Observacion
FCLO,Fidelity CLO ETF,ETF/Fund,US Listed,,USD,50.369998931884766,5,4,80.0,0.40815689655607745,0.4844153368554973,-0.3500104906244379,2026-06-29,24.5,29.5,15.110702608857517,6.514864485590437,7.593841580044138,9.431524290355243,3.6546354780446535,4.864563828341821,4.864563828341821,75.5,80.0,84.88929739114248,71.79155150522745,Media,Media-alta,Variable,Observacion
FAAA,Fidelity AAA CLO ETF,ETF/Fund,US Listed,,USD,50.34000015258789,5,4,80.0,0.33531587870371177,0.3595550247345303,-0.29458320888962175,2026-06-29,24.5,30.0,19.6468827043885,5.896836521304418,5.610241364706791,10.775073680393549,3.8051126355023546,3.996417819652401,3.996417819652401,75.5,80.0,80.3531172956115,71.03828347304544,Media,Media-alta,Variable,Observacion
FBP,FIRST BANCORP /PR/,Stock,NYSE,6022,USD,24.200000762939453,5,4,80.0,0.8615332214813568,0.8893280732979764,-1.4499507318987965,2026-05-28,27.0,33.25,29.386788414750825,28.562089204153207,23.987290408183547,56.55962789363301,20.450139745343744,9.317322247131711,9.317322247131711,73.0,80.0,70.61321158524918,69.35351495926872,Media,Media-alta,Variable,Observacion
OXLCG,Oxford Lane Capital Corp. 7.95% Notes due 2032,Note/Bond,,,USD,25.3700008392334,5,4,80.0,2.1171705995911254,1.964709300168245,-1.595635222207194,2026-06-15,37.0,36.75,6.075908711186061,25.038264049726685,23.549467477310433,35.98660943654817,8.246012422998698,16.708481488665097,16.708481488665097,63.0,80.0,93.92409128881394,71.10578429291321,Media,Media-alta,Estable,Estable
SJLD,SanJac Alpha Low Duration ETF,ETF/Fund,US Listed,,USD,25.489999771118164,5,4,80.0,1.0908922539653,1.0449764701320643,-1.0922444942204876,2026-06-16,47.5,50.25,11.926860441876563,7.6599503344628666,7.134202230549882,10.67861461409195,2.1618242369840237,6.706116592797214,6.706116592797214,52.5,80.0,88.07313955812344,66.05186318768381,Media,Media-alta,Estable,Estable
SDTY,YieldMax S&P 500 0DTE Covered Call Strategy ETF,ETF/Fund,US Listed,,USD,41.88899993896485,72,57,79.16666666666666,0.49884133253858765,0.49337270473257533,-0.48943931149943215,2026-07-01,3.0,6.298245614035087,8.924214475797017,177.41271891002665,123.79862968462562,999.6851479255718,170.79360522867967,48.04812001604313,48.04812001604313,97.0,79.16666666666666,91.07578552420298,78.88520916116903,Muy rapida,Media-alta,Estable,Estable
TSPY,TappAlpha S&P 500 Growth & Daily Income ETF,ETF/Fund,US Listed,,USD,25.479999542236328,19,15,78.94736842105263,1.1782346250871916,1.169051556430853,-0.9674275691886589,2026-06-30,9.0,13.933333333333334,15.45253870342839,183.45681981336534,63.15815671671642,1075.5462423547876,283.4752749986633,37.7241787856864,37.7241787856864,91.0,78.94736842105263,84.54746129657161,76.6866696090466,Rapida,Media-alta,Variable,Rentable pero lento
CANQ,Calamos Nasdaq Equity & Income ETF,ETF/Fund,US Listed,,USD,30.59600067138672,18,14,77.77777777777779,0.4100929279457434,0.3789080161547843,-0.49903096357359744,2026-07-01,4.0,6.785714285714286,12.273665187826216,84.87844660895449,75.25704045265672,209.1547298481363,54.399887502286596,29.10520641392707,29.10520641392707,96.0,77.77777777777779,87.72633481217379,77.36904314977181,Muy rapida,Media-alta,Estable,Estable
PFF,iShares Preferred and Income Securities ETF,ETF/Fund,US Listed,,USD,30.489999771118164,18,14,77.77777777777779,0.4860316620352414,0.541673287683726,-0.42917875924622007,2026-07-01,5.0,11.214285714285714,16.29147285889425,80.30099436603416,32.61924988947682,335.6013672405462,106.4806989714747,27.595797700000936,27.595797700000936,95.0,77.77777777777779,83.70852714110575,76.54231073320112,Muy rapida,Media-alta,Variable,Rentable pero lento
VWOB,Vanguard Emerging Markets Government Bond ETF,ETF/Fund,US Listed,,USD,67.23999786376953,18,14,77.77777777777779,0.49835935222447536,0.4804078488433029,-0.4754561705215497,2026-07-01,6.5,17.857142857142858,24.38744047142407,37.67750743416809,30.068969611955676,99.6814960999382,29.29633672928156,21.765951195445037,21.765951195445037,93.5,77.77777777777779,75.61255952857593,74.89024328151086,Muy rapida,Media-alta,Variable,Observacion
VTC,Vanguard Total Corporate Bond ETF,ETF/Fund,US Listed,,USD,76.80000305175781,18,14,77.77777777777779,0.40134689457281186,0.40765219828628335,-0.3925339871652291,2026-07-01,6.5,12.642857142857142,13.118437658250565,52.36064169956069,28.33544204414724,288.96527075982425,74.13170460948885,17.528911378351015,17.528911378351015,93.5,77.77777777777779,86.88156234174943,76.48358124583524,Muy rapida,Media-alta,Estable,Estable
HISF,First Trust High Income Strategic Focus ETF,ETF/Fund,US Listed,,USD,44.53400039672852,18,14,77.77777777777779,0.4054224705016652,0.3992335542829253,-0.43913788462257364,2026-06-25,7.0,8.571428571428571,5.52914356581818,30.104890290328267,25.004036840961163,77.24578788754201,18.512160946069272,16.44213352590087,16.44213352590087,93.0,77.77777777777779,94.47085643418183,77.47605093562895,Muy rapida,Media-alta,Estable,Estable
UNIY,WisdomTree Voya Yield Enhanced USD Universal Bond Fund,ETF/Fund,US Listed,,USD,48.64400100708008,18,14,77.77777777777779,0.40207001180373336,0.4098033614093266,-0.37105326915444387,2026-06-25,7.0,10.071428571428571,11.938717143519526,40.701873978454145,31.390995188156825,180.83243430520383,43.20660589272933,16.30617270092919,16.30617270092919,93.0,77.77777777777779,88.06128285648047,76.5112624402758,Muy rapida,Media-alta,Estable,Estable
MYCL,State Street My2032 Corporate Bond ETF,ETF/Fund,US Listed,,USD,24.68099975585937,18,14,77.77777777777779,0.3844037055580868,0.3837073461903346,-0.3538000586350343,2026-07-01,7.0,15.357142857142858,20.269746849988962,48.37055123906224,25.337441118432096,285.46255375930014,72.82536817308016,15.589705836522409,15.589705836522409,93.0,77.77777777777779,79.73025315001104,75.24394167805974,Muy rapida,Media-alta,Variable,Observacion
KQQQ,Kurv Technology Titans Select ETF,ETF/Fund,US Listed,,USD,29.93000030517578,18,14,77.77777777777779,1.1207407452489737,1.1583552388534486,-0.6973191281804747,2026-06-24,7.5,19.5,25.785356607668145,206.92334116532177,122.81378810952167,1222.807809642588,312.9117715219783,42.422112653498196,42.422112653498196,92.5,77.77777777777779,74.21464339233185,75.00293725409877,Rapida,Media-alta,Variable,Rentable pero lento
GPRF,Goldman Sachs Access U.S. Preferred Stock and Hybrid Securities ETF,ETF/Fund,US Listed,,USD,50.1150016784668,18,14,77.77777777777779,0.46284994027412335,0.42868268970216983,-0.44358380577075984,2026-07-01,7.5,20.714285714285715,27.45745960412376,27.29206233393075,21.930953881127852,128.1560279247512,31.056996557461083,17.5197273688946,17.5197273688946,92.5,77.77777777777779,72.54254039587624,74.09423099965557,Rapida,Media-alta,Variable,Observacion
IBTL,iShares iBonds Dec 2031 Term Treasury ETF,ETF/Fund,US Listed,,USD,20.190000534057617,18,14,77.77777777777779,0.32507820841908974,0.3295024145009219,-0.3692786422742524,2026-07-01,8.5,21.428571428571427,26.30505738362956,55.4707657076442,16.271910128029713,381.4951304456325,101.61305864458843,10.857187222363063,10.857187222363063,91.5,77.77777777777779,73.69494261637044,73.82931960087465,Rapida,Media-alta,Variable,Observacion
CPLS,AB Core Plus Bond ETF,ETF/Fund,US Listed,,USD,35.15299987792969,18,14,77.77777777777779,0.38064602780373813,0.3675390696981426,-0.4085212404348827,2026-07-01,9.0,17.571428571428573,17.539907401361948,41.855874993299956,19.63808082724275,263.02241904358976,68.3691367380875,12.006797543685815,12.006797543685815,91.0,77.77777777777779,82.46009259863806,75.04965991759946,Rapida,Media-alta,Variable,Observacion
ZTEN,F/m 10-Year Investment Grade Corporate Bond ETF,ETF/Fund,US Listed,,USD,50.83100128173828,18,14,77.77777777777779,0.42695871458046863,0.4206636218988541,-0.3268772023202384,2026-06-29,9.5,16.0,15.723573678740122,58.38360614198524,26.033318159588664,343.85923793773543,88.91645170040967,12.758824745650264,12.758824745650264,90.5,77.77777777777779,84.27642632125988,75.21842266276946,Rapida,Media-alta,Variable,Observacion
BNDW,Vanguard Total World Bond ETF,ETF/Fund,US Listed,,USD,68.52999877929688,18,14,77.77777777777779,0.3199216169004558,0.2735919874687595,-0.3318202116577696,2026-07-01,9.5,18.714285714285715,20.91531853571801,37.799691531105225,18.39585607208401,215.1378048691556,57.239357692208955,9.56023077404286,9.56023077404286,90.5,77.77777777777779,79.08468146428199,74.33262383654277,Rapida,Media-alta,Variable,Observacion
USFI,BrandywineGLOBAL - U.S. Fixed Income ETF,ETF/Fund,US Listed,,USD,24.53899955749512,18,14,77.77777777777779,0.369064123399736,0.3812313897951439,-0.3320634923351057,2026-07-01,10.5,15.714285714285714,16.82684929340181,50.81140715602144,17.824928627165818,336.97660127841345,89.66672761281325,9.97840037340027,9.97840037340027,89.5,77.77777777777779,83.1731507065982,74.69503672938947,Rapida,Media-alta,Variable,Observacion
MBS,Angel Oak Mortgage-Backed Securities ETF,ETF/Fund,US Listed,,USD,8.694999694824219,18,14,77.77777777777779,0.44453670355162367,0.4364363619842696,-0.39066219387620155,2026-06-30,11.0,21.357142857142858,24.793321504162993,23.347577318734977,17.838386211104282,71.7238730400123,21.279115457647517,11.472639167418167,11.472639167418167,89.0,77.77777777777779,75.20667849583701,73.42553847792718,Rapida,Media-alta,Variable,Observacion
IBTM,iShares iBonds Dec 2032 Term Treasury ETF,ETF/Fund,US Listed,,USD,22.69499969482422,18,14,77.77777777777779,0.32276265019059336,0.32649051972699317,-0.37761771988277515,2026-07-01,12.5,23.428571428571427,26.38680989175721,59.052120718996285,12.84408010181205,410.215846997637,110.23701022140294,7.330298410995254,7.330298410995254,87.5,77.77777777777779,73.61319010824279,72.61474116642702,Rapida,Media-alta,Variable,Observacion
BSMS,Invesco BulletShares 2028 Municipal Bond ETF,ETF/Fund,US Listed,,USD,23.5,18,14,77.77777777777779,0.2326719019056254,0.232073210001253,-0.25039842017353553,2026-06-22,12.5,18.0,18.73294095765737,11.369420950067703,10.114235240987814,32.46672128304871,8.239270557033837,5.284237416612204,5.284237416612204,87.5,77.77777777777779,81.26705904234262,73.67273075825702,Rapida,Media-alta,Variable,Observacion
NCPB,Nuveen Core Plus Bond ETF,ETF/Fund,US Listed,,USD,25.0049991607666,18,14,77.77777777777779,0.42753633140854874,0.4190586472719092,-0.443406553760411,2026-07-01,13.0,23.428571428571427,23.47736810604658,34.02269427586913,14.892828926626237,238.1154947255753,60.86197537702459,9.336370314092667,9.336370314092667,87.0,77.77777777777779,76.52263189395342,73.00593111550157,Rapida,Media-alta,Variable,Observacion
MYCJ,State Street My2030 Corporate Bond ETF,ETF/Fund,US Listed,,USD,24.697999954223636,18,14,77.77777777777779,0.38489726751936687,0.382967769249308,-0.40632034114461746,2026-07-01,13.5,22.5,22.503845825171236,34.73738495639432,11.859931346922226,269.87474835362866,69.90303554705973,8.09393019351426,8.09393019351426,86.5,77.77777777777779,77.49615417482876,72.95932039374368,Rapida,Media-alta,Variable,Observacion
BSCS,Invesco BulletShares 2028 Corporate Bond ETF,ETF/Fund,US Listed,,USD,20.399999618530277,18,14,77.77777777777779,0.36957383698221463,0.3692629549125203,-0.3551822681372208,2026-06-22,13.5,16.357142857142858,11.606411642225654,13.922852979150063,12.22071854106604,32.938145384141315,8.66582829295383,7.771696736539577,7.771696736539577,86.5,77.77777777777779,88.39358835777435,74.57861209064836,Rapida,Media-alta,Estable,Estable
MYMH,State Street My2028 Municipal Bond ETF,ETF/Fund,US Listed,,USD,24.55500030517578,18,14,77.77777777777779,0.2439982114949991,0.2471251057693874,-0.2050966063182056,2026-07-01,14.5,20.214285714285715,18.547977585911422,27.493578884288432,7.152234376882514,153.5152858733394,47.657016860082734,4.77712973463389,4.77712973463389,85.5,77.77777777777779,81.45202241408857,73.11180157360829,Rapida,Media-alta,Variable,Observacion
BSMR,Invesco BulletShares 2027 Municipal Bond ETF,ETF/Fund,US Listed,,USD,23.69499969482422,18,14,77.77777777777779,0.2288596717125457,0.22624221881937034,-0.2798440975691637,2026-06-22,15.5,21.285714285714285,20.525513472181476,9.402258201731579,7.805753767393766,21.440451101370485,6.650711550331857,4.19165922025487,4.19165922025487,84.5,77.77777777777779,79.47448652781853,72.50003265088533,Rapida,Media-alta,Variable,Observacion
FALN,iShares Fallen Angels USD Bond ETF,ETF/Fund,US Listed,,USD,27.239999771118164,18,14,77.77777777777779,0.5323072201385416,0.5303022092533318,-0.517664511587685,2026-07-01,16.0,23.714285714285715,22.526663078462143,31.22866243468437,13.333364246497407,207.59133595541437,52.39714265783824,9.444756579541485,9.444756579541485,84.0,77.77777777777779,77.47333692153785,72.35330775836923,Rapida,Media-alta,Variable,Observacion
BSMU,Invesco BulletShares 2030 Municipal Bond ETF,ETF/Fund,US Listed,,USD,21.989999771118164,18,14,77.77777777777779,0.23577878649603645,0.23302312615335058,-0.27142904377306176,2026-06-22,16.0,14.928571428571429,8.606475967051125,10.751943883264238,10.265249942787408,23.489762930496976,6.91268746304716,4.183436107620647,4.183436107620647,84.0,77.77777777777779,91.39352403294887,74.14480739143838,Rapida,Media-alta,Estable,Estable
SLVO,"Credit Suisse X-Links Silver Shares Covered Call ETNs due April 21, 2033",ETF/Fund,US Listed,,USD,78.30999755859375,18,14,77.77777777777779,3.318675584429189,2.6272939370913657,-3.310158556885212,2026-06-22,16.5,17.571428571428573,11.862768425847094,122.52330643331366,72.52564083616485,421.0808252012893,122.78128264842906,57.09909843916888,57.09909843916888,83.5,77.77777777777779,88.1372315741529,76.58926032055213,Rapida,Media-alta,Estable,Estable
SKOR,FlexShares Credit-Scored US Corporate Bond Index Fund,ETF/Fund,US Listed,,USD,48.540000915527344,18,14,77.77777777777779,0.39203932355885296,0.3911134875197167,-0.41089282902081664,2026-07-01,17.0,23.214285714285715,22.049519692757904,30.145784151791265,10.506940606097281,231.14314223164573,59.979055128874435,6.546800468580845,6.546800468580845,83.0,77.77777777777779,77.95048030724209,71.98461136964517,Rapida,Media-alta,Variable,Observacion
VGIT,Vanguard Intermediate-Term Treasury ETF,ETF/Fund,US Listed,,USD,58.97999954223633,18,14,77.77777777777779,0.31672741105536095,0.3189740870244651,-0.3380702882192899,2026-07-01,17.0,23.928571428571427,25.53267675778594,48.71420609987958,10.72343204816817,358.297296217666,95.21450661250017,5.289140753244753,5.289140753244753,83.0,77.77777777777779,74.46732324221406,71.38682589738748,Rapida,Media-alta,Variable,Observacion
IEI,iShares 3-7 Year Treasury Bond ETF,ETF/Fund,US Listed,,USD,117.4499969482422,18,14,77.77777777777779,0.29459417110935554,0.29375488709908343,-0.3367670820659047,2026-07-01,17.0,23.285714285714285,24.848552260655943,43.581151446262865,10.07710391302264,324.1165444598123,86.14946609181915,4.919530112316362,4.919530112316362,83.0,77.77777777777779,75.15144773934406,71.46731133201096,Rapida,Media-alta,Variable,Observacion
GLDI,"Credit Suisse X-Links Gold Shares Covered Call ETNs due February 2, 2033",ETF/Fund,US Listed,,USD,152.0,18,14,77.77777777777779,1.7453507765940008,1.7684660567513375,-1.6085299851252115,2026-06-22,17.5,18.785714285714285,12.323701812914265,60.18281736646384,30.87751870355035,156.16051570350038,49.4849099436932,28.313468153636016,28.313468153636016,82.5,77.77777777777779,87.67629818708573,74.64679550465686,Rapida,Media-alta,Estable,Estable
HYZD,WisdomTree Interest Rate Hedged High Yield Bond Fund,ETF/Fund,US Listed,,USD,22.600000381469727,18,14,77.77777777777779,0.49750748683311447,0.4893335365091195,-0.5367770537789566,2026-06-25,17.5,24.0,21.318103538109067,21.199880756020157,11.898952897073919,59.2707412690581,18.884625343625434,8.070677008626081,8.070677008626081,82.5,77.77777777777779,78.68189646189093,72.04979195611676,Rapida,Media-alta,Variable,Observacion
MYCI,State Street My2029 Corporate Bond ETF,ETF/Fund,US Listed,,USD,24.77400016784668,18,14,77.77777777777779,0.37848288214626735,0.3765782711789514,-0.3810067464254156,2026-07-01,17.5,24.357142857142858,21.395927516368957,28.36124812923788,10.403527727623121,215.937393304708,56.46277859243458,6.1398334214838926,6.1398334214838926,82.5,77.77777777777779,78.60407248363104,71.91909375469093,Rapida,Media-alta,Variable,Observacion
CALI,iShares Short-Term California Muni Active ETF,ETF/Fund,US Listed,,USD,50.53499984741211,18,14,77.77777777777779,0.21227948596955004,0.21022644996322304,-0.21460646959833884,2026-07-01,18.5,26.785714285714285,23.439541119912906,6.164903628395719,4.386800542752488,24.30117212465304,6.105492003052189,3.2575020219351374,3.2575020219351374,81.5,77.77777777777779,76.5604588800871,71.14634831798261,Rapida,Media-alta,Variable,Observacion
HYXF,iShares ESG Advanced High Yield Corporate Bond ETF,ETF/Fund,US Listed,,USD,46.71599960327149,18,14,77.77777777777779,0.5105581478117348,0.5007070018181989,-0.4656969759358035,2026-07-01,19.0,26.428571428571427,26.742976894631852,25.120063084782338,15.252667388557569,119.89845441081506,30.58237255675443,7.628515015549604,7.628515015549604,81.0,77.77777777777779,73.25702310536815,70.79911161361697,Rapida,Media-alta,Variable,Observacion
ZHOG,F/m Opportunistic Income ETF,ETF/Fund,US Listed,,USD,51.48899841308594,18,14,77.77777777777779,0.4272062960913157,0.4186041252470767,-0.4025503875619301,2026-06-29,19.0,24.928571428571427,22.82193373359627,12.738922148026889,9.774669932015389,42.658669281750186,10.36357568733591,6.383111617036912,6.383111617036912,81.0,77.77777777777779,77.17806626640373,71.30391623605189,Rapida,Media-alta,Variable,Observacion
ANGL,VanEck Fallen Angel High Yield Bond ETF,ETF/Fund,US Listed,,USD,29.239999771118164,18,14,77.77777777777779,0.5282937479174883,0.5357909925231406,-0.49608609786261454,2026-07-01,19.5,24.428571428571427,19.98350968525447,32.754323165832275,14.045257523661537,234.4797533144666,59.744484133787665,7.691114107858591,7.691114107858591,80.5,77.77777777777779,80.01649031474552,71.68076729512931,Rapida,Media-alta,Variable,Observacion
VCSH,Vanguard Short-Term Corporate Bond ETF,ETF/Fund,US Listed,,USD,79.02999877929688,18,14,77.77777777777779,0.3639751054261345,0.3656290287299512,-0.35511619045159065,2026-07-01,20.0,23.785714285714285,20.888637218238166,24.84325324813847,7.3606277576512955,201.2837786058994,52.07654124716684,5.166424413132075,5.166424413132075,80.0,77.77777777777779,79.11136278176184,71.23067952269042,Rapida,Media-alta,Variable,Observacion
USDX,SGI Enhanced Core ETF,ETF/Fund,US Listed,,USD,25.7810001373291,18,14,77.77777777777779,0.4918758973843667,0.37818173348271605,-0.4671508368617373,2026-06-29,20.5,18.571428571428573,10.522607791097924,10.268752279240998,7.530748190397043,24.36023913942967,6.378747611024908,6.811614730715757,6.811614730715757,79.5,77.77777777777779,89.47739220890207,72.76348472871967,Rapida,Media-alta,Estable,Estable
IGSB,iShares 1-5 Year Investment Grade Corporate Bond ETF,ETF/Fund,US Listed,,USD,52.40999984741211,18,14,77.77777777777779,0.374027261339505,0.3722894400805489,-0.38038378413373636,2026-07-01,21.0,24.214285714285715,18.803349011969495,24.279446243857738,7.016226338918589,196.73322932404045,51.00037887657545,5.056294458848864,5.056294458848864,79.0,77.77777777777779,81.19665098803051,71.25352490954408,Rapida,Media-alta,Variable,Observacion
ISTB,iShares Core 1-5 Year USD Bond ETF,ETF/Fund,US Listed,,USD,48.25,18,14,77.77777777777779,0.34718679350181625,0.3488264791508554,-0.35996602734553623,2026-07-01,21.0,26.357142857142858,21.92507220532674,23.3490739536012,6.701312736383586,188.1182158162497,49.10975616004003,4.693451097339368,4.693451097339368,79.0,77.77777777777779,78.07492779467326,70.75842596270282,Rapida,Media-alta,Variable,Observacion
MYMF,State Street My2026 Municipal Bond ETF,ETF/Fund,US Listed,,USD,24.899999618530277,18,14,77.77777777777779,0.2188128316767706,0.22371815156958508,-0.19062464576821397,2026-07-01,22.0,23.142857142857142,15.027447415452027,12.850733311862617,4.1014937588065585,90.2158463964918,24.27234564105388,2.82356962087954,2.82356962087954,78.0,77.77777777777779,84.97255258454797,71.36469571935898,Media,Media-alta,Variable,Observacion
SUSB,iShares ESG Aware 1-5 Year USD Corporate Bond ETF,ETF/Fund,US Listed,,USD,24.989999771118164,18,14,77.77777777777779,0.36797249603745963,0.3693612036191677,-0.3688361710657821,2026-07-01,22.5,25.142857142857142,21.08173523312444,23.757653030747292,7.444748307267294,185.8605064556648,48.13366976563681,4.642813468522022,4.642813468522022,77.5,77.77777777777779,78.91826476687555,70.4557122110688,Media,Media-alta,Variable,Observacion
SLQD,iShares 0-5 Year Investment Grade Corporate Bond ETF,ETF/Fund,US Listed,,USD,50.369998931884766,18,14,77.77777777777779,0.35172404425836534,0.3529006393028572,-0.35369319948115335,2026-07-01,22.5,26.714285714285715,17.51231905492013,17.772112391183434,6.289891658647665,163.17591362298683,42.0658989597906,4.437802138667276,4.437802138667276,77.5,77.77777777777779,82.48768094507987,70.97487618602035,Media,Media-alta,Variable,Observacion
ZTRE,F/m 3-Year Investment Grade Corporate Bond ETF,ETF/Fund,US Listed,,USD,50.77099990844727,18,14,77.77777777777779,0.3598000436356119,0.35089069164678566,-0.3240015466619146,2026-06-29,24.0,26.285714285714285,18.180414531233122,22.846852736366397,6.76909420242287,192.91207924992037,50.13364104462987,4.255968108745317,4.255968108745317,76.0,77.77777777777779,81.81958546876687,70.43273786395066,Media,Media-alta,Variable,Observacion
MYCG,State Street My2027 Corporate Bond ETF,ETF/Fund,US Listed,,USD,24.989999771118164,18,14,77.77777777777779,0.356237459610899,0.3562773506300945,-0.32648997234372035,2026-07-01,26.5,28.0,15.859964108990335,15.89891811989135,5.905846341370406,147.3322584300378,37.89373516995434,3.8162964750769266,3.8162964750769266,73.5,77.77777777777779,84.14003589100966,70.02724284326236,Media,Media-alta,Variable,Observacion
AMUN,abrdn Ultra Short Municipal Income Active ETF,ETF/Fund,US Listed,,USD,26.07999992370605,9,7,77.77777777777779,0.23610446178978808,0.2476793277938524,-0.2468323654040483,2026-07-01,28.0,29.857142857142858,14.78094010799687,3.6839252614275013,3.4279883505700943,7.162710904812178,1.679666054407922,2.393836904257574,2.393836904257574,72.0,77.77777777777779,85.21905989200313,69.61896344559027,Media,Media-alta,Estable,Estable
FTSM,First Trust Enhanced Short Maturity ETF,ETF/Fund,US Listed,,USD,59.935001373291016,18,14,77.77777777777779,0.34983671317152903,0.3482448056017394,-0.3090730535058953,2026-06-30,29.5,34.357142857142854,13.356687422452426,4.381958901804759,4.502778862385565,6.457150427676115,1.3028238722179073,3.366601891349366,3.366601891349366,70.5,77.77777777777779,86.64331257754758,69.49633359980366,Media,Media-alta,Estable,Estable
TBIL,F/m US Treasury 3 Month Bill Fund,ETF/Fund,US Listed,,USD,50.0,18,14,77.77777777777779,0.3245253533324173,0.3196347113698111,-0.30774200830760556,2026-06-29,30.0,44.642857142857146,23.71824076644271,3.332035589703127,3.9471734113247896,4.854659023439723,1.2253663393761511,3.070971399127134,3.070971399127134,70.0,77.77777777777779,76.2817592335573,67.76678923836602,Media,Media-alta,Variable,Observacion
QQQY,Defiance Nasdaq 100 Weekly Distribution ETF,ETF/Fund,US Listed,,USD,23.440000534057617,77,59,76.62337662337663,0.7165576974529521,0.7112462088546777,-0.8411255123213034,2026-06-25,5.0,8.64406779661017,12.95983545003084,166.187840320139,114.70132062417014,1035.3144025038407,189.22765582476504,40.08070133675149,40.08070133675149,95.0,76.62337662337663,87.04016454996916,76.75310186046781,Muy rapida,Media-alta,Estable,Estable
SCM,Stellus Capital Investment Corp,Stock,NYSE,0,USD,9.1899995803833,17,13,76.47058823529412,1.0203453183906819,0.9955090076183304,-1.0651629964429068,2026-05-29,4.0,5.615384615384615,5.091470997960895,301.8333014794623,104.78634613466528,851.4107857168723,311.92819244495166,71.19909611417332,71.19909611417332,96.0,76.47058823529412,94.9085290020391,78.4683893745789,Muy rapida,Media-alta,Estable,Estable
BRHY,iShares High Yield Active ETF,ETF/Fund,US Listed,,USD,51.05799865722656,17,13,76.47058823529412,0.6222115406913743,0.5425521913709367,-0.6439707441458209,2026-07-01,24.0,25.0,22.139707917374757,16.618511884108646,10.1416998429204,43.10507630235776,12.473978046720202,7.236259217109243,7.236259217109243,76.0,76.47058823529412,77.86029208262525,69.51302005896751,Media,Media-alta,Variable,Observacion
OBDC,Blue Owl Capital Corp,Stock,NYSE,0,USD,10.890000343322754,8,6,75.0,1.8301631278542843,2.5024053299968756,-0.6962058391175914,2026-03-31,1.0,6.5,11.202678251204038,536.3718887635304,275.90518801098693,1809.9175540259985,685.1987984453956,501.00715625011037,501.00715625011037,99.0,75.0,88.79732174879597,78.59976139017368,Muy rapida,Media-alta,Estable,Estable
TEXN,iShares Texas Equity ETF,ETF/Fund,US Listed,,USD,33.00899887084961,4,3,75.0,0.387365045978753,0.3775118345314789,-0.1631145285241704,2026-06-15,1.0,3.0,3.4641016151377544,197.76898017389544,256.7267207280432,302.19904865355613,143.31299751729614,106.04118133668364,106.04118133668364,99.0,75.0,96.53589838486225,78.3177498037081,Muy rapida,Media-alta,Muy estable,Estable
CBOE,"Cboe Global Markets, Inc.",Stock,CBOE,6200,USD,344.239990234375,4,3,75.0,0.2589008054001574,0.26178109888632606,0.4023694545988853,2026-05-29,1.0,1.0,0.0,673.8397895462189,601.8995739863468,1016.457415395936,312.91252180035457,70.8740954782931,70.8740954782931,99.0,75.0,100.0,78.70890080540016,Muy rapida,Media-alta,Muy estable,Estable
QCMU,Direxion Daily QCOM Bull 2X ETF,ETF/Fund,US Listed,,USD,36.40999984741211,4,3,75.0,0.6680394524601209,0.7426821673218398,-4.651162335327706,2026-06-23,2.0,6.0,6.928203230275509,438.2066845671265,487.09410315488526,778.8899933165771,367.57342678347317,91.43790005547903,91.43790005547903,98.0,75.0,93.07179676972449,77.77880896791879,Muy rapida,Media-alta,Estable,Estable
PLTK,Playtika Holding Corp.,Stock,Nasdaq,7374,USD,4.070000171661377,8,6,75.0,2.442964454658184,2.3470694618508587,-2.294485842529565,2025-12-26,3.0,3.3333333333333335,2.2509257354845507,1270.6204493942103,1265.660559772714,2196.2739684963667,825.7204847398507,222.9205064875593,222.9205064875593,97.0,75.0,97.74907426451544,79.95532559433549,Muy rapida,Media-alta,Muy estable,Estable
EWZS,iShares MSCI Brazil Small-Cap ETF,ETF/Fund,US Listed,,USD,13.59000015258789,4,3,75.0,1.1933179210815972,1.009177405228268,-0.6438281171325542,2026-06-15,3.0,13.666666666666666,20.231987873991358,452.70298330953216,461.1389484641776,853.7499339242047,405.330778755056,108.89026029869572,108.89026029869572,97.0,75.0,79.76801212600864,76.00851973998289,Muy rapida,Media-alta,Variable,Rentable pero lento
JHG,JANUS HENDERSON GROUP PLC,Stock,NYSE,6282,USD,43.970001220703125,4,3,75.0,0.9542938779175663,0.9234591287609025,0.7325731568319384,2025-11-10,3.0,3.3333333333333335,0.5773502691896257,347.59077987571806,133.98148030631268,786.3497103725771,380.02018910845254,87.07931635997792,87.07931635997792,97.0,75.0,99.42264973081038,78.71769133753912,Muy rapida,Media-alta,Muy estable,Estable
FORTY,Formula Systems (1985) Ltd. American Depositary Shares,Preferred,,,USD,144.47999572753906,4,3,75.0,2.6819302441343793,0.6990980175685363,-1.3889947386829475,2026-05-22,4.0,4.666666666666667,4.041451884327381,89.27585954216754,109.71656706526316,126.3727675488384,50.52019550908015,183.54460108294657,183.54460108294657,96.0,75.0,95.95854811567261,79.62571246148526,Muy rapida,Media-alta,Muy estable,Estable
SCE-PG,SOUTHERN CALIFORNIA EDISON Co,Stock,NYSE,4911,USD,17.780000686645508,4,3,75.0,1.8082915021700683,1.7857417096983461,-1.6015102307414681,2025-12-12,4.0,11.666666666666666,13.279056191361391,132.45158969715942,168.7202318726526,203.04648651375732,94.12457125457261,123.75494967976402,123.75494967976402,96.0,75.0,86.72094380863861,77.36643307346586,Muy rapida,Media-alta,Estable,Estable
OFG,OFG BANCORP,Stock,NYSE,6022,USD,39.86000061035156,4,3,75.0,0.7506804710930712,0.7208720125881992,-0.1790151291879758,2026-03-31,4.0,13.0,18.24828759089466,373.1558154894751,224.4716790378004,869.918308441142,441.60983294061225,51.37469474043206,51.37469474043206,96.0,75.0,81.75171240910534,75.56343733245888,Muy rapida,Media-alta,Variable,Rentable pero lento
DFGX,Dimensional International Core Fixed Income ETF,ETF/Fund,,,USD,53.505001068115234,4,3,75.0,0.6955569331169109,0.529799626944304,-0.8456351884413172,2025-12-16,4.0,24.666666666666668,36.665151483845435,27.73804644895458,34.44167683263015,38.900986792634576,15.632726041754449,47.60217761018859,47.60217761018859,96.0,75.0,63.334848516154565,72.74578421054008,Muy rapida,Media-alta,Muy variable,Rentable pero lento
PSWD,Xtrackers Cybersecurity Select Equity ETF,ETF/Fund,,,USD,33.68000030517578,4,3,75.0,0.20781106080925643,0.14992751778432634,-0.9473560716645583,2025-12-19,4.0,4.666666666666667,1.1547005383792517,64.64327017821049,70.21715253239039,71.1960495605414,10.51339638279406,14.222069474133486,14.222069474133486,96.0,75.0,98.84529946162075,77.58460598005237,Muy rapida,Media-alta,Muy estable,Estable
JOYT,JPMorgan Equity and Options Total Return ETF,ETF/Fund,US Listed,,USD,56.97999954223633,4,3,75.0,0.16415047594288984,0.1847330119226092,-0.5892983581382489,2026-06-23,4.0,4.666666666666667,3.0550504633038935,42.578375293750405,57.71393471765827,60.53819940722839,28.696209268371863,11.234048197341524,11.234048197341524,96.0,75.0,96.9449495366961,77.2558929064473,Muy rapida,Media-alta,Muy estable,Estable
ALIT,"Alight, Inc. / Delaware",Stock,NYSE,7389,USD,46.20000076293945,4,3,75.0,0.051009772782139674,0.04408821520993595,-0.6928146101674008,2025-12-01,4.0,4.666666666666667,2.081665999466133,132.6951603390171,122.29381683770046,273.8816693588355,136.2838541345554,3.490981324777684,3.490981324777684,96.0,75.0,97.91833400053386,77.28875987286222,Muy rapida,Media-alta,Muy estable,Estable
HBDC,Hilton BDC Corporate Bond ETF,ETF/Fund,US Listed,,USD,24.864999771118164,12,9,75.0,0.4057089453525095,0.41686727286544945,-0.25232882986080557,2026-06-29,6.0,17.333333333333332,22.079402165819616,62.41390140307856,35.70079498862055,281.5085022232756,92.35316385049791,18.510470631708245,18.510470631708245,94.0,75.0,77.92059783418038,74.04379862047958,Muy rapida,Media-alta,Variable,Observacion
CSCS,Direxion Daily CSCO Bear 1X ETF,ETF/Fund,US Listed,,USD,12.925000190734863,4,3,75.0,0.7617878272118435,0.7653072172279871,-1.1303230031212852,2026-06-23,7.0,5.666666666666667,3.2145502536643185,137.27286267051556,107.61261164551208,260.8229376665933,111.71313836725285,29.79134538560602,29.79134538560602,93.0,75.0,96.78544974633569,76.9296052891622,Muy rapida,Media-alta,Muy estable,Estable
ACN,Accenture plc,Stock,NYSE,7389,USD,193.83999633789065,4,3,75.0,0.5637904015145161,0.4955391467935317,-2.934775397380536,2026-04-09,7.0,10.0,10.816653826391969,100.22852433409453,48.15100443763038,241.08457163829556,123.35745026024213,22.04823177351411,22.04823177351411,93.0,75.0,89.18334617360803,75.5912923275557,Muy rapida,Media-alta,Estable,Estable
LVDS,JPMorgan Fundamental Data Science Large Value ETF,ETF/Fund,US Listed,,USD,57.71799850463867,4,3,75.0,0.39196553458932926,0.3901009233556362,-0.5946230668831258,2026-06-23,7.0,5.333333333333333,3.785938897200183,81.16663182406144,30.291539131480487,191.77395936870477,95.89107321192274,15.328652156261269,15.328652156261269,93.0,75.0,96.21406110279982,76.4740747000093,Muy rapida,Media-alta,Muy estable,Estable
QQUP,ProShares Ultra QQQ Mega,ETF/Fund,US Listed,,USD,55.13199996948242,4,3,75.0,0.179504394392989,0.17171312107110026,-0.42410438193063127,2026-06-24,7.0,5.333333333333333,3.7859388972001824,229.46249993373783,99.4589876984504,570.8497999973935,298.437018141962,7.019903995011532,7.019903995011532,93.0,75.0,96.21406110279982,76.26161355981296,Muy rapida,Media-alta,Muy estable,Estable
REAI,Intelligent Real Estate ETF,ETF/Fund,US Listed,,USD,19.40399932861328,4,3,75.0,1.3989257482150546,1.5457835950884964,-1.752379948650726,2026-03-27,8.0,12.666666666666666,10.785793124908958,63.55717405912244,66.33758516836845,85.17256086818293,23.13126227546362,47.8694904467339,47.8694904467339,92.0,75.0,89.21420687509104,76.1310567794787,Rapida,Media-alta,Estable,Estable
ECOW,Pacer Emerging Markets Cash Cows 100 ETF,ETF/Fund,US Listed,,USD,27.600000381469727,4,3,75.0,1.3797108144218224,0.8889353127939825,-1.6104953674300413,2026-06-04,8.0,9.0,7.54983443527075,102.44825763491521,98.04892793745915,125.24685002295712,20.948302845578986,47.211979430996735,47.211979430996735,92.0,75.0,92.45016556472925,76.5972356491312,Rapida,Media-alta,Estable,Estable
CSCL,Direxion Daily CSCO Bull 2X ETF,ETF/Fund,US Listed,,USD,67.02999877929688,4,3,75.0,0.5819966155788671,0.6028847362003955,0.21241125923997187,2026-06-23,8.0,15.0,18.520259177452136,625.7035639149819,74.32786913641347,1792.6924192591728,1011.1522409488318,19.915196689339357,19.915196689339357,92.0,75.0,81.47974082254787,74.15395773896105,Rapida,Media-alta,Variable,Observacion
SQFTP,"Presidio Property Trust, Inc. 9.375% Series D Cumulative Redeemable Perpetual Preferred Stock, $0.01 par value per share",ETF/Fund,,,USD,15.0600004196167,12,9,75.0,1.307250385248418,1.297741420314729,-1.2103951146155407,2025-12-31,9.0,12.333333333333334,13.892443989449802,212.64033787696889,61.302351749189945,959.3622390142456,315.7034598346605,39.762199217972714,39.762199217972714,91.0,75.0,86.1075560105502,75.27338378683095,Rapida,Media-alta,Estable,Estable
DUKH,Ocean Park High Income ETF,ETF/Fund,US Listed,,USD,24.05900001525879,16,12,75.0,0.5116210815956073,0.4738327393187878,-0.6022022442601357,2026-06-04,9.5,16.5,14.83546120250089,26.326529570942085,23.430545414988302,106.10477870834951,26.739241424349068,14.74276537755763,14.74276537755763,90.5,75.0,85.1645387974991,74.18630190122047,Rapida,Media-alta,Estable,Estable
DADS,Digital Asset Debt Strategy ETF,ETF/Fund,US Listed,,USD,20.854999542236328,4,3,75.0,1.1772470811216333,1.0723035310219822,-1.1419024982000714,2026-06-29,10.0,8.666666666666666,5.131601439446884,144.9549685270488,99.32842057309988,270.11266660336105,109.70741794824363,32.227138845704715,32.227138845704715,90.0,75.0,94.86839856055312,76.1575068652046,Rapida,Media-alta,Estable,Estable
DOLE,Dole plc,Stock,NYSE,100,USD,14.359999656677246,4,3,75.0,0.5835054596080139,0.5862615495016782,-1.8733528218421263,2026-06-17,10.0,10.0,4.0,93.10973451904084,43.6302637332844,217.89067570564083,108.83200989869975,15.97346195676938,15.97346195676938,90.0,75.0,96.0,75.73350545960803,Rapida,Media-alta,Muy estable,Estable
RNEM,Emerging Markets Equity Select ETF,ETF/Fund,US Listed,,USD,55.31999969482422,4,3,75.0,0.8453095953532546,0.8239520362523483,-0.9093022219639573,2026-06-25,11.0,13.0,12.12435565298214,93.38672571705438,24.017580805267453,235.48864450074865,123.07536305634476,21.036681975268493,21.036681975268493,89.0,75.0,87.87564434701785,74.47665624740594,Rapida,Media-alta,Estable,Estable
OTGL,OTG Latin America ETF,ETF/Fund,US Listed,,USD,10.854999542236328,4,3,75.0,0.7217091143074235,0.7840846480375081,-1.2420804248703212,2026-06-17,13.0,21.0,18.35755975068582,42.046188566292386,33.78451737544214,82.86756959018096,37.38164699404554,15.197528464742861,15.197528464742861,87.0,75.0,81.64244024931418,72.81807515170455,Rapida,Media-alta,Variable,Observacion
AGO,ASSURED GUARANTY LTD,Stock,NYSE,6351,USD,76.12999725341797,4,3,75.0,0.4305066167476851,0.4156101468315462,-0.9181033711579849,2026-05-15,13.0,19.0,17.776388834631177,75.47269982514432,24.257338694477266,191.7774934556869,100.96150865637756,9.06547587189837,9.06547587189837,87.0,75.0,82.22361116536882,72.61404829155299,Rapida,Media-alta,Variable,Observacion
BREM,iShares Emerging Markets Bond Active ETF,ETF/Fund,US Listed,,USD,51.58200073242188,8,6,75.0,0.5524637781531472,0.5325455823152174,-0.5264574468153597,2026-07-01,14.0,12.833333333333334,5.192943930629972,36.48916093460224,20.66584567119726,86.36848221801277,31.09583585358264,10.802639947816003,10.802639947816003,86.0,75.0,94.80705606937003,74.32352218855866,Rapida,Media-alta,Estable,Estable
AVGB,Avantis Credit ETF,ETF/Fund,US Listed,,USD,51.05500030517578,4,3,75.0,0.9920265487346651,0.6983472430051034,-0.8805877404738547,2026-06-09,24.0,23.333333333333332,16.010413278030438,17.38271934697656,10.873200802375877,31.11928148666805,11.901620272581562,11.315302821504774,11.315302821504774,76.0,75.0,83.98958672196956,70.1404645570301,Media,Media-alta,Variable,Observacion
MYHD,State Street My2030 High Yield Corporate Bond ETF,ETF/Fund,US Listed,,USD,25.11000061035156,4,3,75.0,0.6112268163557799,0.5975123449810478,-0.44921124067876933,2026-07-01,26.0,21.0,13.228756555322953,21.618764112734294,8.437067015245962,48.32335754038101,23.127485527636328,6.4355131145151825,6.4355131145151825,74.0,75.0,86.77124344467705,69.57691333305735,Media,Media-alta,Estable,Estable
USSH,WisdomTree 1-3 Year Laddered Treasury Fund,ETF/Fund,US Listed,,USD,50.3650016784668,19,14,73.68421052631578,0.2847169763646801,0.2976781143418992,-0.2598537198652919,2026-06-25,12.0,17.357142857142858,14.505209371156935,16.008198176955762,9.66407404706877,53.235024664696326,15.132368273698672,6.3811567948399786,6.3811567948399786,88.0,73.68421052631578,85.49479062884306,72.66683030753323,Rapida,Media-alta,Estable,Estable
FLDB,Fidelity Low Duration Bond ETF,ETF/Fund,US Listed,,USD,50.42499923706055,19,14,73.68421052631578,0.34922780907164247,0.3534406128582827,-0.3073380211524424,2026-06-29,23.5,30.642857142857142,23.6077143286718,14.838307542466023,6.161236185048816,137.38114229176102,35.350638504859404,3.996761711883746,3.996761711883746,76.5,73.68421052631578,76.3922856713282,67.91596539661296,Media,Media-alta,Variable,Observacion
ZTOP,F/m High Yield 100 ETF,ETF/Fund,US Listed,,USD,51.9900016784668,15,11,73.33333333333333,0.4876783486810219,0.5144262506644898,-0.4610116978604545,2026-06-16,9.0,12.636363636363637,7.201010030165592,20.15252606337547,20.77945287042761,32.70532583042162,9.372377507587522,14.503915332994834,14.503915332994834,91.0,73.33333333333333,92.79898996983441,74.70752684415618,Rapida,Media-alta,Estable,Estable
FEPI,REX FANG & Innovation Equity Premium Income ETF,ETF/Fund,US Listed,,USD,43.119998931884766,22,16,72.72727272727273,1.65860684753465,2.0979211946351892,-1.5809858480298553,2026-07-01,11.0,14.625,20.95670139438298,164.13277247295233,63.82241395190299,1082.2172374384206,257.44629129451647,40.025884254555194,40.025884254555194,89.0,72.72727272727273,79.04329860561703,72.94237436564995,Rapida,Media-alta,Variable,Rentable pero lento
ATNI,"ATN International, Inc.",Stock,Nasdaq,4813,USD,27.690000534057617,11,8,72.72727272727273,1.325072126786318,1.17170859840428,-2.609466960265785,2026-06-30,20.0,17.25,8.762745818846641,128.92560640641162,67.54647164091753,362.0149763256565,145.45183229022385,17.587320955527492,17.587320955527492,80.0,72.72727272727273,91.23725418115336,71.73793298123206,Rapida,Media-alta,Estable,Estable
PFLT,PennantPark Floating Rate Capital Ltd.,Stock,NYSE,0,USD,7.980000019073486,18,13,72.22222222222221,1.064038977178932,1.05043117245005,-1.2302597061065612,2026-06-15,4.0,11.538461538461538,16.94901857834933,250.32331804626972,132.43099555846837,860.5707571543023,269.83035874677216,70.1231242599171,70.1231242599171,96.0,72.22222222222221,83.05098142165068,74.82168619042653,Muy rapida,Media-alta,Variable,Rentable pero lento
HCOW,Amplify COWS Covered Call ETF,ETF/Fund,US Listed,,USD,24.21299934387207,18,13,72.22222222222221,0.9403212518866209,0.9912940071590364,-0.9730676859695743,2026-06-29,5.0,10.23076923076923,17.795850856093047,151.8956721911384,84.46995226412845,611.9617312687536,176.29077980912967,49.57582600224462,49.57582600224462,95.0,72.22222222222221,82.20414914390696,74.27094362347266,Muy rapida,Media-alta,Variable,Rentable pero lento
KBWD,Invesco KBW High Dividend Yield Financial ETF,ETF/Fund,US Listed,,USD,12.289999961853027,18,13,72.22222222222221,1.0593734511034854,1.0616578278395548,-1.369794608276337,2026-06-22,7.0,16.692307692307693,24.974602483938945,90.97365448006357,89.87448782113884,244.17014399735265,72.78691275941274,39.89465893242887,39.89465893242887,93.0,72.22222222222221,75.02539751606105,72.71318307851264,Muy rapida,Media-alta,Variable,Rentable pero lento
BSJU,Invesco BulletShares 2030 High Yield Corporate Bond ETF,ETF/Fund,US Listed,,USD,25.915000915527344,18,13,72.22222222222221,0.5487393833750752,0.5561333933587607,-0.4957878652669627,2026-06-22,7.0,13.307692307692308,13.047251405210572,32.632045372541555,32.025981917148044,75.56990397693475,22.197603627738047,20.664828365989933,20.664828365989933,93.0,72.22222222222221,86.95274859478943,73.99165167259349,Muy rapida,Media-alta,Estable,Estable
BSJW,Invesco BulletShares 2032 High Yield Corporate Bond ETF,ETF/Fund,US Listed,,USD,25.41699981689453,18,13,72.22222222222221,0.5328760539928321,0.5395067243781821,-0.47516736748866567,2026-06-22,7.0,12.538461538461538,12.984705006374387,37.05364519616916,29.462224106172595,80.87670734541366,25.70733995535304,20.067435525364985,20.067435525364985,93.0,72.22222222222221,87.01529499362562,73.98517030303668,Muy rapida,Media-alta,Estable,Estable
WABF,Western Asset Bond ETF,ETF/Fund,US Listed,,USD,24.99099922180176,18,13,72.22222222222221,0.457200292310767,0.43299266469797526,-0.4491513643778636,2026-07-01,7.0,22.615384615384617,26.171035075500487,54.20435662743738,22.34100785252222,325.9738586299289,88.38872923792376,17.217582436623722,17.217582436623722,93.0,72.22222222222221,73.82896492449952,71.9315450309857,Muy rapida,Media-alta,Variable,Observacion
PCMM,BondBloxx Private Credit CLO ETF,ETF/Fund,US Listed,,USD,49.875,18,13,72.22222222222221,0.5559508733769706,0.5559768990019995,-0.36351785815761034,2026-07-01,8.0,12.0,8.727351641057366,48.28110403427418,28.201956157600627,179.29333350027633,58.24149932421507,18.319353431761982,18.319353431761982,92.0,72.22222222222221,91.27264835894263,74.34684812721837,Rapida,Media-alta,Estable,Estable
HRZN,Horizon Technology Finance Corp,Stock,Nasdaq,0,USD,4.369999885559082,36,26,72.22222222222221,1.4963977738806924,1.4621190003284679,-2.5922323366177746,2026-06-17,9.0,9.0,6.6332495807108,208.55373949135057,122.68899372645784,567.475906379073,185.37359978822064,43.829675537431385,43.829675537431385,91.0,72.22222222222221,93.3667504192892,75.30141033677407,Rapida,Media-alta,Estable,Estable
BSJT,Invesco BulletShares 2029 High Yield Corporate Bond ETF,ETF/Fund,US Listed,,USD,21.274999618530277,18,13,72.22222222222221,0.5559417236853033,0.548320895137928,-0.5161815122698097,2026-06-22,10.0,15.076923076923077,20.25858475832545,26.916630782739045,23.10716203697832,50.7123107892417,14.101070506358232,14.65524154937091,14.65524154937091,90.0,72.22222222222221,79.74141524167455,72.01715400993649,Rapida,Media-alta,Variable,Observacion
BSJV,Invesco BulletShares 2031 High Yield Corporate Bond ETF,ETF/Fund,US Listed,,USD,26.36000061035156,18,13,72.22222222222221,0.5431328261967519,0.5461563923344106,-0.46540930229213523,2026-06-22,10.0,13.384615384615385,13.276159469380076,36.88127096422227,24.54771957942561,106.98061389014012,29.32457741139312,14.317584779464374,14.317584779464374,90.0,72.22222222222221,86.72384053061992,73.05170890578974,Rapida,Media-alta,Estable,Estable
GOODO,"Gladstone Commercial Corporation 6.00% Series G Cumulative Redeemable Preferred Stock, par value $0.001 per share",Preferred,,,USD,19.899999618530277,18,13,72.22222222222221,0.6129020032828181,0.6124450315678429,-0.724288072001737,2026-06-23,11.0,11.23076923076923,11.129194686003762,76.10029785328535,40.45780241986577,170.72918945006091,59.919167529148154,14.68797982614632,14.68797982614632,89.0,72.22222222222221,88.87080531399624,73.14352280038226,Rapida,Media-alta,Estable,Estable
NPFI,Nuveen Preferred and Income ETF,ETF/Fund,US Listed,,USD,26.14900016784668,18,13,72.22222222222221,0.5156600827288949,0.49941310800387834,-0.526243574148561,2026-07-01,12.0,23.923076923076923,23.20726013722695,22.05227947433265,15.817879396808662,68.68977180921917,21.50425783532065,11.327810613650952,11.327810613650952,88.0,72.22222222222221,76.79273986277305,70.93457106214485,Rapida,Media-alta,Variable,Observacion
BSMT,Invesco BulletShares 2029 Municipal Bond ETF,ETF/Fund,US Listed,,USD,23.13400077819824,18,13,72.22222222222221,0.23123899141433682,0.23106244683748917,-0.22646142854717455,2026-06-22,12.0,17.076923076923077,15.201214526376601,10.342059466487102,8.229567206453586,33.40439798829145,8.141511568704884,5.079763954912167,5.079763954912167,88.0,72.22222222222221,84.7987854736234,71.85105681245786,Rapida,Media-alta,Variable,Observacion
IBTK,iShares iBonds Dec 2030 Term Treasury ETF,ETF/Fund,US Listed,,USD,19.540000915527344,18,13,72.22222222222221,0.31388902241968464,0.3160723638601774,-0.3436970100387492,2026-07-01,13.0,24.846153846153847,26.26101722403429,47.0169259337644,8.878401775831218,343.3240698691327,95.6491392121785,6.364971843510272,6.364971843510272,87.0,72.22222222222221,73.73898277596571,69.97473643881453,Rapida,Media-alta,Variable,Observacion
IBTJ,iShares iBonds Dec 2029 Term Treasury ETF,ETF/Fund,US Listed,,USD,21.649999618530277,18,13,72.22222222222221,0.314035277158364,0.3149543639348351,-0.34024868557701793,2026-07-01,14.0,24.615384615384617,25.837758099141332,38.60519153495183,8.436827918850168,288.9127595928211,80.1857701080358,5.913084881414432,5.913084881414432,86.0,72.22222222222221,74.16224190085867,69.73837156228717,Rapida,Media-alta,Variable,Observacion
QRMI,Global X NASDAQ 100 Risk Managed Income ETF,ETF/Fund,US Listed,,USD,15.729999542236328,18,13,72.22222222222221,1.003076242764074,1.0045359874768387,-0.9332504772328242,2026-06-22,17.0,17.846153846153847,8.091622765203464,30.472451999740755,25.04489769868949,78.21439021640101,18.55801373270308,15.554237816717421,15.554237816717421,83.0,72.22222222222221,91.90837723479653,72.18933282798356,Rapida,Media-alta,Estable,Estable
BSMQ,Invesco BulletShares 2026 Municipal Bond ETF,ETF/Fund,US Listed,,USD,23.57999992370605,18,13,72.22222222222221,0.22947442723661673,0.22831714637620976,-0.22595011565522427,2026-06-22,17.0,16.384615384615383,9.041925141053218,9.10911260159142,7.416422619231147,24.18637829273149,6.5816584313975435,3.5583534550253146,3.5583534550253146,83.0,72.22222222222221,90.95807485894679,71.27318565607862,Rapida,Media-alta,Estable,Estable
UTWO,US Treasury 2 Year Note ETF,ETF/Fund,US Listed,,USD,48.14500045776367,18,13,72.22222222222221,0.2996326899354873,0.3000478165198668,-0.2698196482081905,2026-06-29,18.0,20.846153846153847,16.415674185800565,24.160004118346226,6.676428289676636,192.6349486158724,51.72305714496764,4.388139239950268,4.388139239950268,82.0,72.22222222222221,83.58432581419943,69.93728156206541,Rapida,Media-alta,Variable,Observacion
BSCR,Invesco BulletShares 2027 Corporate Bond ETF,ETF/Fund,US Listed,,USD,19.665000915527344,18,13,72.22222222222221,0.3535381079603792,0.3518326092249229,-0.3357407127367431,2026-06-22,19.0,20.384615384615383,12.553475359028813,9.14827515638418,7.373207746789834,22.87260293515219,5.292388196879848,4.905082813660816,4.905082813660816,81.0,72.22222222222221,87.44652464097119,70.27051680410605,Rapida,Media-alta,Estable,Estable
IBTI,iShares iBonds Dec 2028 Term Treasury ETF,ETF/Fund,US Listed,,USD,22.13999938964844,18,13,72.22222222222221,0.31727770146316714,0.3163690014068436,-0.33910505515848993,2026-07-01,20.0,26.846153846153847,25.35036539462549,29.722382721498978,7.122778129404484,237.11904527245505,65.3423628996464,4.181896370674244,4.181896370674244,80.0,72.22222222222221,74.6496346053745,68.01472289226935,Rapida,Media-alta,Variable,Observacion
VGSH,Vanguard Short-Term Treasury ETF,ETF/Fund,US Listed,,USD,58.20000076293945,18,13,72.22222222222221,0.3249640597549959,0.3215802972080304,-0.32925193897368893,2026-07-01,21.0,27.53846153846154,24.319455122101264,22.600382114770277,6.936304665327092,180.97277041040604,48.96850011553881,4.079244612532951,4.079244612532951,79.0,72.22222222222221,75.68054487789874,67.8770457914398,Rapida,Media-alta,Variable,Observacion
SHY,iShares 1-3 Year Treasury Bond ETF,ETF/Fund,US Listed,,USD,82.11000061035156,18,13,72.22222222222221,0.3085920542730278,0.307909325593422,-0.32010554007792286,2026-07-01,21.0,28.307692307692307,25.375134204520688,22.17268364771352,6.550478574573225,181.280990106842,48.888938627886276,3.873728300332055,3.873728300332055,79.0,72.22222222222221,74.62486579547931,67.70232192359492,Rapida,Media-alta,Variable,Observacion
IBTH,iShares iBonds Dec 2027 Term Treasury ETF,ETF/Fund,US Listed,,USD,22.3700008392334,18,13,72.22222222222221,0.3202792087663323,0.3188161311241626,-0.3077820082136477,2026-07-01,24.0,28.846153846153847,23.83221263278672,23.572283823311697,5.886739989360415,186.85816981406865,51.63362165744655,3.517881587028348,3.517881587028348,76.0,72.22222222222221,76.16778736721328,67.04544731384833,Media,Media-alta,Variable,Observacion
MYCF,State Street My2026 Corporate Bond ETF,ETF/Fund,US Listed,,USD,25.06999969482422,18,13,72.22222222222221,0.36641521361143015,0.37100870334672886,-0.3576499450333215,2026-07-01,26.0,29.53846153846154,14.327219924648004,5.933865344356799,5.431094718473664,15.20752485576014,3.1809440582366113,3.715043138004778,3.715043138004778,74.0,72.22222222222221,85.672780075352,67.91733222491423,Media,Media-alta,Estable,Estable
VRIG,Invesco Variable Rate Investment Grade ETF,ETF/Fund,US Listed,,USD,25.1299991607666,18,13,72.22222222222221,0.4008759925180968,0.3999996734703007,-0.3712992130777646,2026-06-22,27.0,29.076923076923077,8.864362530770224,5.487307768060678,5.706922852834778,7.524335949021632,1.252708997239103,3.9139024372394426,3.9139024372394426,73.0,72.22222222222221,91.13563746922978,68.47122161290257,Media,Media-alta,Estable,Estable
NUSB,Nuveen Ultra Short Income ETF,ETF/Fund,US Listed,,USD,25.26300048828125,18,13,72.22222222222221,0.3590177755744972,0.3563082781657352,-0.3351710123044399,2026-07-01,28.0,35.23076923076923,19.253371333153776,4.367821234749008,4.693474719455112,6.469864724715656,1.2135252067673976,3.380038383136883,3.380038383136883,72.0,72.22222222222221,80.74662866684622,66.57101207560143,Media,Media-alta,Variable,Observacion
BSCQ,Invesco BulletShares 2026 Corporate Bond ETF,ETF/Fund,US Listed,,USD,19.575000762939453,18,13,72.22222222222221,0.34242952198820786,0.34299655975323123,-0.32645199978047623,2026-06-22,28.0,32.38461538461539,20.443166998365907,5.147298517039842,4.79737270934961,12.597843279417182,2.6542430282042146,3.2238652417342184,3.2238652417342184,72.0,72.22222222222221,79.55683300163409,66.37595447223332,Media,Media-alta,Variable,Observacion
AAPU,Direxion Daily AAPL Bull 2X ETF,ETF/Fund,US Listed,,USD,37.290000915527344,7,5,71.42857142857143,1.3550824253690854,0.6211510961834776,-1.2061695884981256,2026-06-23,2.0,4.4,4.449719092257398,363.99381415740754,177.305622315944,1085.9012703377862,418.95968671174654,176.64467330704147,176.64467330704147,98.0,71.42857142857143,95.5502809077426,77.23048170438763,Muy rapida,Media-alta,Muy estable,Estable
NECB,"NorthEast Community Bancorp, Inc./MD/",Stock,Nasdaq,6036,USD,24.36000061035156,14,10,71.42857142857143,0.853160053574145,0.878348686777509,-0.8832584781368854,2026-04-06,3.0,3.0,1.8856180831641265,309.6780157228231,228.01738909868524,664.4585745895236,224.97319756488312,74.14367132251499,74.14367132251499,97.0,71.42857142857143,98.11438191683587,76.81317448395667,Muy rapida,Media-alta,Muy estable,Estable
SM,SM Energy Co,Stock,NYSE,1311,USD,32.209999084472656,7,5,71.42857142857143,0.8052587767055337,0.8471313277504398,-0.9031744429652211,2026-06-08,3.0,4.4,3.130495168499706,413.0360316673268,143.53715020985769,1488.1288824201586,602.885098322619,69.98082226131423,69.98082226131423,97.0,71.42857142857143,96.8695048315003,76.57854164428772,Muy rapida,Media-alta,Muy estable,Estable
DIT,AMCON DISTRIBUTING CO,Stock,NYSE,5141,USD,89.36000061035156,7,5,71.42857142857143,0.16399627495788213,0.1513113711813783,-0.8152862148053612,2026-05-11,3.0,17.0,28.21347195933177,355.91270437513697,81.21200561523438,972.1009286208568,451.3409179949604,14.252057228482613,14.252057228482613,97.0,71.42857142857143,71.78652804066823,72.17483262391526,Muy rapida,Media-alta,Variable,Observacion
KBDC,"Kayne Anderson BDC, Inc.",Stock,NYSE,0,USD,13.75,7,5,71.42857142857143,2.1071101791791453,2.549394586983336,-1.723142844948907,2026-03-31,6.0,6.6,2.8809720581775866,211.37389106433884,187.72967377580653,513.2123912464489,177.61424163982045,91.55895421433189,91.55895421433189,94.0,71.42857142857143,97.11902794182241,77.01782151330964,Muy rapida,Media-alta,Muy estable,Estable
BNDP,Vanguard Core-Plus Bond Index ETF,ETF/Fund,US Listed,,USD,74.33999633789062,7,5,71.42857142857143,0.34526098837259783,0.3635996950705119,-0.4169233250632246,2026-07-01,8.0,10.0,4.847679857416329,19.238831768017775,21.558662334926847,23.197466500401287,6.407057716264993,11.25180899607127,11.25180899607127,92.0,71.42857142857143,95.15232014258368,74.3609661526173,Rapida,Media-alta,Muy estable,Estable
TMSF,T. Rowe Price Multi-Sector Income ETF,ETF/Fund,US Listed,,USD,50.15599822998047,7,5,71.42857142857143,0.46773921203351343,0.4522714563645316,-0.5590294308338908,2026-06-25,14.0,20.0,19.300259065618782,19.8627502822102,22.46790725058317,37.35103943058416,12.67957356572584,8.710449611848592,8.710449611848592,86.0,71.42857142857143,80.69974093438123,70.51555749504784,Rapida,Media-alta,Variable,Observacion
TMNS,T. Rowe Price Short Municipal Income ETF,ETF/Fund,US Listed,,USD,50.255001068115234,7,5,71.42857142857143,0.28494940263489976,0.2787179002107691,-0.2807844237698279,2026-06-25,14.0,21.0,22.7705950734714,10.74089525439075,10.176271386801892,21.7869927111583,7.140695060137361,5.306455712333593,5.306455712333593,86.0,71.42857142857143,77.2294049265286,69.81221728447133,Rapida,Media-alta,Variable,Observacion
AVL,Direxion Daily AVGO Bull 2X ETF,ETF/Fund,US Listed,,USD,48.290000915527344,7,5,71.42857142857143,2.756243019956187,0.572683484920872,-2.239775203902199,2026-06-23,15.0,14.4,15.549919613940132,950.978064186484,144.9774222732301,2844.405887000272,1256.1212156352944,47.90612868019087,47.90612868019087,85.0,71.42857142857143,84.45008038605987,73.06661222072232,Rapida,Media-alta,Variable,Rentable pero lento
CAIQ,Calamos Nasdaq Autocallable Income ETF,ETF/Fund,US Listed,,USD,26.850000381469727,7,5,71.42857142857143,1.4669464915416552,1.4517228072302617,-1.1573071932070833,2026-07-01,18.0,30.6,30.65615761963655,51.623020540357814,33.7135258027871,101.1837846981034,42.34151900142474,21.247439262408893,21.247439262408893,82.0,71.42857142857143,69.34384238036345,68.61137999145332,Rapida,Media-alta,Variable,Observacion
USOY,Defiance Oil Enhanced Options Income ETF,ETF/Fund,US Listed,,USD,6.610000133514404,59,42,71.1864406779661,1.5660256980122031,1.043632131808594,-1.4270054936351095,2026-06-25,2.0,7.904761904761905,15.22323244385006,370.86547986960073,279.04900924175934,1510.7697134310267,345.2485843933572,203.450626699382,203.450626699382,98.0,71.1864406779661,84.77676755614993,75.71643913651943,Muy rapida,Media-alta,Variable,Rentable pero lento
TQQY,GraniteShares YieldBOOST QQQ ETF,ETF/Fund,US Listed,,USD,12.991999626159668,59,42,71.1864406779661,1.0986221077582647,0.9515275269069792,-1.5163931544398237,2026-06-26,5.0,7.785714285714286,9.449572746273134,196.75224434311713,88.09378301410862,1324.9287939792207,282.7230232698469,57.09110817604813,57.09110817604813,95.0,71.1864406779661,90.55042725372687,75.21508450090204,Muy rapida,Media-alta,Estable,Estable
YBMN,Defiance BMNR Option Income ETF,ETF/Fund,US Listed,,USD,9.720000267028809,31,22,70.96774193548387,1.1066336695426824,1.0515697585806787,-0.9201854159027899,2026-07-01,1.0,3.1818181818181817,4.500120248513616,1189.1101917599342,1073.89249287101,3444.7630564996653,952.0424526687091,286.6538182718625,286.6538182718625,99.0,70.96774193548387,95.49987975148639,77.0670995032334,Muy rapida,Media-alta,Muy estable,Estable
AMYY,GraniteShares YieldBOOST AMD ETF,ETF/Fund,US Listed,,USD,15.916999816894531,41,29,70.73170731707317,1.7525433595519402,1.8636456904070224,-1.6633457136512533,2026-06-26,6.0,8.620689655172415,12.087224049452995,325.7382580575693,131.47353755871262,2855.785454975086,549.3206682284123,75.40923358072068,75.40923358072068,94.0,70.73170731707317,87.912775950547,74.96872804481691,Muy rapida,Media-alta,Estable,Estable
CPZ,Calamos Long/Short Equity & Dynamic Income Trust Common Stock,ETF/Fund,,,USD,12.989999771118164,17,12,70.58823529411765,0.9265099489250732,0.9168303588938028,-1.0004263909386146,2026-06-12,7.0,9.166666666666666,5.905826604192496,110.96034898313883,52.30268651257269,402.6599814983467,132.54762336875018,34.1017947587548,34.1017947587548,93.0,70.58823529411765,94.0941733958075,74.70534184064914,Muy rapida,Media-alta,Estable,Estable
BCLO,iShares BBB-B CLO Active ETF,ETF/Fund,US Listed,,USD,49.775001525878906,17,12,70.58823529411765,0.5617779723588224,0.5547004680632771,-0.5356025442682976,2026-07-01,30.0,35.833333333333336,24.22182837229613,18.68066622000458,8.292082759161573,103.2768697547134,29.38135229673124,4.824681409669887,4.824681409669887,70.0,70.58823529411765,75.77817162770387,64.69320959886734,Media,Media-alta,Variable,Observacion
XRPI,Volatility Shares Trust XRP ETF,ETF/Fund,US Listed,,USD,6.760000228881836,13,9,69.23076923076923,0.1667656457264258,0.1782178262696175,-1.943081649763973,2026-06-17,5.0,12.555555555555555,15.00092589734973,423.6574977467223,330.0674853955633,1451.681316581701,439.2711884618788,8.428079172481674,8.428079172481674,95.0,69.23076923076923,84.99907410265027,72.57047291497013,Muy rapida,Media,Variable,Observacion
MST,Defiance Leveraged Long + Income MSTR ETF,ETF/Fund,US Listed,,USD,7.199999809265137,58,40,68.96551724137932,0.32750695469377555,0.1844564286035468,-2.276306138942791,2026-07-01,1.5,5.3,8.564087210181231,1279.2597868379903,770.8828538866312,5749.877410132928,1559.7853029758714,54.96093722447268,54.96093722447268,98.5,68.96551724137932,91.43591278981877,74.62737663178729,Muy rapida,Media,Estable,Rentable pero lento
YSPY,GraniteShares YieldBOOST SPY ETF,ETF/Fund,US Listed,,USD,15.041000366210938,58,40,68.96551724137932,0.9959276862572879,0.9502043313817135,-1.076282074570221,2026-06-26,5.0,7.0,7.588790653967441,212.8718000924931,90.60932999951667,1902.118480807159,372.4094657194984,50.13980765295312,50.13980765295312,95.0,68.96551724137932,92.41120934603256,74.39209184678288,Muy rapida,Media,Estable,Rentable pero lento
GLAD,GLADSTONE CAPITAL CORP,Stock,Nasdaq,0,USD,18.459999084472656,38,26,68.42105263157895,0.6829814602792146,0.6985605170933398,-1.0078032825672865,2026-06-23,4.0,5.923076923076923,6.279637422164288,232.74612480293706,159.26764107541027,929.3098228666108,244.21530832771447,42.64140827664307,42.64140827664307,96.0,68.42105263157895,93.72036257783572,74.33050953116509,Muy rapida,Media,Estable,Rentable pero lento
AZYY,GraniteShares YieldBoost AMZN ETF,ETF/Fund,US Listed,,USD,15.081000328063965,41,28,68.29268292682927,0.9171781787662148,0.9515009333297816,-1.0607821470001395,2026-06-26,5.0,8.071428571428571,12.675226848517374,253.43942387515304,104.00676747642845,1160.383442203325,296.83661161434344,45.72468774141813,45.72468774141813,95.0,68.29268292682927,87.32477315148263,73.24760146856178,Muy rapida,Media,Estable,Rentable pero lento
CEPI,REX Crypto Equity Premium Income ETF,ETF/Fund,US Listed,,USD,33.880001068115234,22,15,68.18181818181817,2.7567772131508153,3.477312628902645,-2.984483356096469,2026-07-01,9.0,13.2,16.780941570722426,217.17553267109264,157.97961049727178,688.7686501941319,188.7582853150919,76.22906687879147,76.22906687879147,91.0,68.18181818181817,83.21905842927757,73.22145415936063,Rapida,Media,Variable,Rentable pero lento
UWMC,UWM Holdings Corp,Stock,NYSE,6162,USD,2.2799999713897705,6,4,66.66666666666666,2.47465124955735,2.2999633698878537,-0.9332999633223876,2026-06-18,1.0,4.0,6.0,770.3776195714896,870.868605322981,1204.3144382779692,461.73786170098896,602.1651373922884,602.1651373922884,99.0,66.66666666666666,94.0,76.27465124955735,Muy rapida,Media,Estable,Rentable pero lento
PGR,PROGRESSIVE CORP/OH/,Stock,NYSE,6331,USD,193.3600006103516,6,4,66.66666666666666,1.3378841771063377,0.046145769352059496,-1.1335141887123303,2026-04-02,1.0,2.75,3.5,455.2117796208395,468.1579016815021,761.848275892004,272.06205419380984,325.5518164292088,325.5518164292088,99.0,66.66666666666666,96.5,75.51288417710633,Muy rapida,Media,Muy estable,Rentable pero lento
DBI,Designer Brands Inc.,Stock,NYSE,5661,USD,6.269999980926514,6,4,66.66666666666666,1.1367377587976062,1.1620986835654326,-1.1887273826955318,2026-06-25,1.0,1.0,0.0,1235.2588369647904,1261.4053491276588,1814.9189793928188,613.7546325236545,276.60618797408415,276.60618797408415,99.0,66.66666666666666,100.0,75.8367377587976,Muy rapida,Media,Muy estable,Rentable pero lento
CASS,CASS INFORMATION SYSTEMS INC,Stock,Nasdaq,7389,USD,47.06999969482422,12,8,66.66666666666666,0.7125937809618074,0.7103177494811508,-0.6496682793500419,2026-06-05,1.0,2.5,2.7774602993176543,355.5305605171048,366.046150032038,597.0900367433069,193.4113777135853,173.39782003403977,173.39782003403977,99.0,66.66666666666666,97.22253970068235,74.99597473606416,Muy rapida,Media,Muy estable,Rentable pero lento
DTCR,Global X Data Center & Digital Infrastructure ETF,ETF/Fund,US Listed,,USD,30.68000030517578,3,2,66.66666666666666,0.5103140381513084,0.525010855588754,-0.03228918518950622,2026-06-29,1.0,1.0,0.0,343.51405924684775,343.51405924684775,350.1521546447615,9.387684540056025,124.17641595015169,124.17641595015169,99.0,66.66666666666666,100.0,75.2103140381513,Muy rapida,Media,Muy estable,Rentable pero lento
FDS,FACTSET RESEARCH SYSTEMS INC,Stock,NYSE,7370,USD,238.8999938964844,6,4,66.66666666666666,0.35886229613650883,0.34462862942813766,0.5348308946364136,2026-05-29,1.0,2.25,2.5,623.0156160858588,633.9220318710612,1181.018311186053,464.8208955369277,87.32315872655046,87.32315872655046,99.0,66.66666666666666,97.5,74.6838622961365,Muy rapida,Media,Muy estable,Rentable pero lento
USMC,Principal U.S. Mega-Cap ETF,ETF/Fund,US Listed,,USD,74.12699890136719,6,4,66.66666666666666,0.2094580403105806,0.20349820972462074,-0.13315517700849724,2026-07-01,1.0,1.5,1.0,184.23684965562876,194.43009918296752,237.96377250091405,53.767289571031256,50.96812314224127,50.96812314224127,99.0,66.66666666666666,99.0,74.75945804031058,Muy rapida,Media,Muy estable,Rentable pero lento
MCO,MOODYS CORP /DE/,Stock,NYSE,7320,USD,432.6799926757813,6,4,66.66666666666666,0.20210917814205806,0.195491351560034,-0.4364672030352055,2026-05-15,1.0,1.75,1.5,260.1544349066948,218.00346973904345,466.90378351221113,145.02088329403867,49.17990001456746,49.17990001456746,99.0,66.66666666666666,98.5,74.67710917814205,Muy rapida,Media,Muy estable,Rentable pero lento
MARPS,Marine Petroleum Trust Units of Beneficial Interest,ETF/Fund,,,USD,5.139999866485596,6,4,66.66666666666666,1.8991761984013642,1.9113029273966906,0.3056275899729193,2026-05-29,1.5,15.0,27.337398071750233,1545.9163067816444,733.400456038928,4674.008784689851,2125.0637793345845,308.08858329622126,308.08858329622126,98.5,66.66666666666666,72.66260192824977,72.34856648763882,Muy rapida,Media,Variable,Rentable pero lento
RHI,ROBERT HALF INC.,Stock,NYSE,7363,USD,27.18000030517578,6,4,66.66666666666666,1.7732528801527774,1.8569434476984572,-0.5220272471548866,2026-05-22,1.5,2.25,1.8929694486000912,814.6789501197557,877.4241140675244,1345.5505307157075,495.4851021094031,287.6610227803394,287.6610227803394,98.5,66.66666666666666,98.1070305513999,76.03930746286277,Muy rapida,Media,Muy estable,Rentable pero lento
TGT,TARGET CORP,Stock,NYSE,5331,USD,121.8000030517578,6,4,66.66666666666666,1.0393836774680258,1.0398202348975576,-1.1888386742172288,2026-05-13,1.5,8.0,13.341664064126334,449.41188361386764,474.2421750519802,812.3279786525195,330.70004381686704,168.6111299003686,168.6111299003686,98.5,66.66666666666666,86.65833593587367,73.58813406784907,Muy rapida,Media,Estable,Rentable pero lento
INGR,Ingredion Inc,Stock,NYSE,2040,USD,112.66000366210938,6,4,66.66666666666666,0.6510326983658806,0.6315989272152969,-0.22344153478949844,2026-04-01,1.5,2.25,1.8929694486000914,296.5239602295321,283.7277039394994,554.4194009175526,228.8288557957161,105.61197106824284,105.61197106824284,98.5,66.66666666666666,98.1070305513999,74.91708728107587,Muy rapida,Media,Muy estable,Rentable pero lento
CCS,"Century Communities, Inc.",Stock,NYSE,1531,USD,52.83000183105469,6,4,66.66666666666666,0.47929649091761733,0.455755017770642,-1.2275067148860466,2026-05-27,1.5,4.5,6.350852961085883,534.579391487449,479.3697778788497,1139.9758756329306,527.1613341332401,77.75254185996901,77.75254185996901,98.5,66.66666666666666,93.64914703891412,74.07666854675473,Muy rapida,Media,Estable,Rentable pero lento
NEM,NEWMONT Corp /DE/,Stock,NYSE,1040,USD,111.61000061035156,6,4,66.66666666666666,0.35205912293666036,0.31063247819323425,-1.5072170903985256,2026-05-27,1.5,3.5,4.358898943540674,659.7151584581397,293.32053095912283,1903.906414643415,833.3278651046882,57.11181327639156,57.11181327639156,98.5,66.66666666666666,95.64110105645932,74.24822428140556,Muy rapida,Media,Muy estable,Rentable pero lento
BSY,BENTLEY SYSTEMS INC,Stock,Nasdaq,7372,USD,35.2400016784668,12,8,66.66666666666666,0.16356410800127308,0.1655736259745868,-1.467664493011877,2026-06-02,1.5,3.5,4.035556254807296,155.6728538402543,143.67356435636165,274.0496180961653,83.08624551577861,26.533733075762076,26.533733075762076,98.5,66.66666666666666,95.96444374519271,74.10823066978017,Muy rapida,Media,Muy estable,Rentable pero lento
QCLR,Global X NASDAQ 100 Collar 95-110 ETF,ETF/Fund,US Listed,,USD,28.326000213623047,3,2,66.66666666666666,4.380173321592218,0.2212878610720826,-3.985697461745728,2026-06-29,2.0,2.0,1.4142135623730951,116.30559965097339,116.30559965097339,119.2708523738026,4.193500616488806,532.9210874603865,532.9210874603865,98.0,66.66666666666666,98.58578643762691,78.56804128723626,Muy rapida,Media,Muy estable,Rentable pero lento
ENR,"ENERGIZER HOLDINGS, INC.",Stock,NYSE,3690,USD,16.229999542236328,6,4,66.66666666666666,1.3485227941228528,1.2827097177961881,-1.241018787772566,2026-05-20,2.0,17.25,31.17023152518013,547.7690690516747,344.2874113984965,1484.2897693953153,646.46895456183,164.07027328494706,164.07027328494706,98.0,66.66666666666666,68.82976847481987,71.07298806534583,Muy rapida,Media,Variable,Rentable pero lento
NEN,NEW ENGLAND REALTY ASSOCIATES LIMITED PARTNERSHIP,Stock,NYSE,6513,USD,57.52000045776367,6,4,66.66666666666666,1.2232126471987674,0.6355074289876166,-1.3240470198687737,2026-06-15,2.0,2.0,1.1547005383792515,154.2634939917196,154.61181807208803,239.30503854557548,90.15605601208667,148.82420540918335,148.82420540918335,98.0,66.66666666666666,98.84529946162075,75.45000756644187,Muy rapida,Media,Muy estable,Rentable pero lento
KRMA,Global X Conscious Companies ETF,ETF/Fund,US Listed,,USD,46.57600021362305,3,2,66.66666666666666,0.9743585122440918,0.398721346607187,-0.5905188556374337,2026-06-29,2.0,2.0,1.4142135623730951,137.95538720228583,137.95538720228583,181.9249529178679,62.18235616663123,118.54695232303115,118.54695232303115,98.0,66.66666666666666,98.58578643762691,75.16222647788813,Muy rapida,Media,Muy estable,Rentable pero lento
ORRF,ORRSTOWN FINANCIAL SERVICES INC,Stock,Nasdaq,6022,USD,36.5099983215332,12,8,66.66666666666666,0.8084833375910883,0.8145545129058009,-0.5911160100357062,2026-05-05,2.0,3.25,3.058944729337694,519.1714765105708,469.92105631223836,971.4444253684222,351.0241189899947,98.36547274024906,98.36547274024906,98.0,66.66666666666666,96.9410552706623,74.74964162819042,Muy rapida,Media,Muy estable,Rentable pero lento
NUS,"NU SKIN ENTERPRISES, INC.",Stock,NYSE,5122,USD,6.0,6,4,66.66666666666666,0.7129816712605009,0.7047674342213135,-0.8185035677566974,2026-05-29,2.0,5.0,6.733003292241386,588.280723895316,531.3071294045158,1260.1212596948378,583.5110484155351,86.74610333669426,86.74610333669426,98.0,66.66666666666666,93.26699670775861,74.10303117742428,Muy rapida,Media,Estable,Rentable pero lento
ABT,ABBOTT LABORATORIES,Stock,NYSE,2834,USD,101.0500030517578,6,4,66.66666666666666,0.5000242059918739,0.4825407956475961,-1.1675461101953692,2026-04-15,2.0,7.25,11.176612486199325,247.5529974731542,285.647983590777,411.77435173553806,175.14138109776067,60.83627839567798,60.83627839567798,98.0,66.66666666666666,88.82338751380067,73.22353233306197,Muy rapida,Media,Estable,Rentable pero lento
DPZ,DOMINOS PIZZA INC,Stock,Nasdaq,5140,USD,323.8800048828125,12,8,66.66666666666666,0.44943908209284045,0.40446814491207034,-0.07325505069721117,2026-06-15,2.0,2.25,1.3887301496588271,408.08228294443165,358.2308897708658,704.2269040982167,215.2621263310582,54.68175498796224,54.68175498796224,98.0,66.66666666666666,98.61126985034117,74.641129559644,Muy rapida,Media,Muy estable,Rentable pero lento
GKAT,Scharf Global Opportunity ETF,ETF/Fund,US Listed,,USD,43.60100173950195,3,2,66.66666666666666,0.23101245317014016,0.2354581818181818,-0.02879756810849547,2026-06-29,2.0,2.0,1.4142135623730951,144.44847425921006,144.44847425921006,187.7012973100142,61.16872896937089,28.106515135700384,28.106515135700384,98.0,66.66666666666666,98.58578643762691,74.41888041881417,Muy rapida,Media,Muy estable,Rentable pero lento
AVA,AVISTA CORP,Stock,NYSE,4931,USD,41.18999862670898,6,4,66.66666666666666,1.2310452157837486,1.222809113062644,-0.8915181075116925,2026-05-19,2.5,2.5,1.7320508075688772,668.8614014753874,451.6124623752794,1652.650354830986,712.078082592344,119.82173433628485,119.82173433628485,97.5,66.66666666666666,98.26794919243112,75.22123759464841,Muy rapida,Media,Muy estable,Rentable pero lento
DAX,Global X DAX Germany ETF,ETF/Fund,US Listed,,USD,44.26300048828125,3,2,66.66666666666666,1.1437627587890151,1.309520512938961,-0.15267845106402966,2026-06-29,2.5,2.5,2.1213203435596424,210.16235156964615,210.16235156964615,282.51580491590846,102.32323500681315,111.32624185546412,111.32624185546412,97.5,66.66666666666666,97.87867965644035,75.07556470725505,Muy rapida,Media,Muy estable,Rentable pero lento
IBGM,iShares iBonds Dec 2056 Term Treasury ETF,ETF/Fund,US Listed,,USD,24.979999542236328,3,2,66.66666666666666,0.3998542919133105,0.3997206354266136,-0.3763888399592337,2026-07-01,2.5,2.5,2.1213203435596424,113.86758567908363,113.86758567908363,190.22821049406195,107.99023124462586,38.91915107956222,38.91915107956222,97.5,66.66666666666666,97.87867965644035,74.33165624037936,Muy rapida,Media,Muy estable,Rentable pero lento
CVLG,"COVENANT LOGISTICS GROUP, INC.",Stock,NYSE,4213,USD,43.220001220703125,6,4,66.66666666666666,0.26798157526143923,0.28682014051461313,-1.4750239768393199,2026-06-05,2.5,10.25,16.560495161679196,154.8585397326206,150.9506658066871,312.4704250642373,158.8021265437138,26.083539992113415,26.083539992113415,97.5,66.66666666666666,83.4395048383208,72.03390730100956,Muy rapida,Media,Variable,Rentable pero lento
ROP,ROPER TECHNOLOGIES INC,Stock,Nasdaq,3823,USD,357.8800048828125,12,8,66.66666666666666,0.17885918906420686,0.1631852998463394,-1.3134765131105743,2026-04-06,2.5,12.25,19.024420396652598,110.14847789291257,100.54862706947318,233.63226768869905,87.8120170679257,17.40896106891613,17.40896106891613,97.5,66.66666666666666,80.9755796033474,71.57519612956632,Muy rapida,Media,Variable,Observacion
XT,iShares Future Exponential Technologies ETF,ETF/Fund,US Listed,,USD,81.0199966430664,3,2,66.66666666666666,2.63241797209211,0.4420192728194192,-1.607450724897106,2026-06-15,3.0,3.0,0.0,215.07331665470633,215.07331665470633,242.84179407583423,39.27055737541015,213.51834662524888,213.51834662524888,97.0,66.66666666666666,100.0,76.73241797209211,Muy rapida,Media,Muy estable,Rentable pero lento
ATAT,Atour Lifestyle Holdings Limited American Depositary Shares,Preferred,,,USD,34.029998779296875,3,2,66.66666666666666,1.2569197047488048,1.3414244879079515,-0.9837163732547026,2026-06-05,3.0,3.0,2.8284271247461903,285.04337682076493,285.04337682076493,444.1842881786432,225.059235170726,101.95015382962526,101.95015382962526,97.0,66.66666666666666,97.17157287525382,74.93265563603688,Muy rapida,Media,Muy estable,Rentable pero lento
KEY,KEYCORP /NEW/,Stock,NYSE,6021,USD,20.899999618530277,6,4,66.66666666666666,1.106385211637619,1.079925458492974,-1.385308042960865,2026-06-02,3.0,11.0,17.378147196982766,346.65466186575696,256.00441827964505,847.0107840033496,355.4589666476489,89.74013383282907,89.74013383282907,97.0,66.66666666666666,82.62185280301723,72.5996631320902,Muy rapida,Media,Variable,Rentable pero lento
CRBG,"Corebridge Financial, Inc.",Stock,NYSE,6311,USD,29.459999084472656,6,4,66.66666666666666,0.8162092668455219,0.7523600519820399,-0.5582776529530954,2026-06-16,3.0,2.5,1.0,475.89976584140464,299.61241346651127,1203.2977703368429,500.3752750131706,66.20364053302565,66.20364053302565,97.0,66.66666666666666,99.0,74.76620926684551,Muy rapida,Media,Muy estable,Rentable pero lento
ASH,ASHLAND INC.,Stock,NYSE,5160,USD,57.900001525878906,6,4,66.66666666666666,0.730516044075297,0.7293020746947663,0.9252163557725482,2026-06-01,3.0,4.5,4.43471156521669,447.8461880587596,203.68945186884764,1298.314287009545,574.6659698608863,59.25296801944075,59.25296801944075,97.0,66.66666666666666,95.56528843478331,74.1653093092928,Muy rapida,Media,Muy estable,Rentable pero lento
CG,Carlyle Group Inc.,Stock,Nasdaq,6282,USD,48.02000045776367,12,8,66.66666666666666,0.6663863185001883,0.6702521351245355,-1.0856230124443391,2026-05-18,3.0,3.5,2.3299294900428698,167.45860491325126,155.4690448602654,261.43311693829946,76.76972616727707,54.051334722793044,54.051334722793044,97.0,66.66666666666666,97.67007050995713,74.41689689499376,Muy rapida,Media,Muy estable,Rentable pero lento
BAH,Booz Allen Hamilton Holding Corp,Stock,NYSE,8742,USD,78.94000244140625,6,4,66.66666666666666,0.610557537740878,0.5997885841524795,-0.8491634414546114,2026-06-10,3.0,7.0,9.521904571390467,331.0907313718544,157.31940334107708,927.3704278090204,400.5675610810455,49.52300028342676,49.52300028342676,97.0,66.66666666666666,90.47809542860954,73.2822718520323,Muy rapida,Media,Estable,Rentable pero lento
GIII,G III APPAREL GROUP LTD /DE/,Stock,Nasdaq,2300,USD,34.77000045776367,6,4,66.66666666666666,0.3271165280519723,0.3183699474237312,0.5558374069113968,2026-06-22,3.0,3.0,0.0,252.1177182094923,252.1177182094923,310.56053283188584,67.4839495088766,26.532785053104416,26.532785053104416,97.0,66.66666666666666,100.0,74.42711652805197,Muy rapida,Media,Muy estable,Rentable pero lento
RICK,"RCI HOSPITALITY HOLDINGS, INC.",Stock,Nasdaq,5812,USD,27.34000015258789,12,8,66.66666666666666,0.2432743663635207,0.23161098251780676,-2.980622173817123,2026-06-15,3.0,3.0,0.0,161.2026515991636,162.37095485991625,251.9086627066638,88.88706397559038,19.732254160596675,19.732254160596675,97.0,66.66666666666666,100.0,74.34327436636352,Muy rapida,Media,Muy estable,Observacion
QTR,Global X NASDAQ 100 Tail Risk ETF,ETF/Fund,US Listed,,USD,34.37699890136719,3,2,66.66666666666666,5.284147758769332,0.2338477487528178,-4.773056955411662,2026-06-29,3.5,3.5,0.7071067811865476,121.01555034502059,121.01555034502059,178.22192412520994,80.90202965412841,367.374082276344,367.374082276344,96.5,66.66666666666666,99.29289321881345,79.12808174159134,Muy rapida,Media,Muy estable,Rentable pero lento
PHXE-P,"Phoenix Energy One, LLC",Stock,NYSE,1311,USD,26.149999618530277,3,2,66.66666666666666,1.9860467724564337,2.3900573962422387,-1.1785867561158667,2026-04-01,3.5,3.5,3.5355339059327378,321.10423999117086,321.10423999117086,405.5541538760537,119.43021355724133,138.07753751363774,138.07753751363774,96.5,66.66666666666666,96.46446609406726,75.40571668656652,Muy rapida,Media,Muy estable,Rentable pero lento
UE,Urban Edge Properties,Stock,NYSE,6500,USD,23.920000076293945,6,4,66.66666666666666,0.9678250465233497,0.9888027069149,-1.4695672312013333,2026-06-15,3.5,4.75,4.349329450233296,242.5436178664825,154.7722522591302,597.0568258848631,241.55043477458395,67.28688418686144,67.28688418686144,96.5,66.66666666666666,95.6506705497667,74.26542562898834,Muy rapida,Media,Muy estable,Rentable pero lento
NBTB,NBT BANCORP INC,Stock,Nasdaq,6021,USD,46.2400016784668,12,8,66.66666666666666,0.8183004124634676,0.8195281548193396,-0.8781127352379737,2026-06-01,3.5,5.0,3.1167748898959178,107.51791728134833,122.40709132942521,132.05553301332566,33.787993908725724,56.89136200936488,56.89136200936488,96.5,66.66666666666666,96.88322511010408,74.30078417897907,Muy rapida,Media,Muy estable,Rentable pero lento
FSBW,"FS Bancorp, Inc.",Stock,Nasdaq,6036,USD,41.369998931884766,12,8,66.66666666666666,0.7949108446204759,0.7036741501150298,-0.7111658475381007,2026-05-07,3.5,7.5,9.211793682944862,317.9891274743415,281.0575891436712,690.5914474562976,257.5796134942538,55.2652301498045,55.2652301498045,96.5,66.66666666666666,90.78820631705514,73.36314179217874,Muy rapida,Media,Estable,Rentable pero lento
LFVN,Lifevantage Corp,Stock,Nasdaq,2834,USD,7.869999885559082,12,8,66.66666666666666,0.536162784281748,0.5034588796079892,1.4529693011820426,2026-06-01,3.5,3.5,1.9272482233188628,1033.8208831662382,758.9494017461458,2488.988401971024,981.485756049968,37.276079288159615,37.276079288159615,96.5,66.66666666666666,98.07275177668113,74.19707555078391,Muy rapida,Media,Muy estable,Rentable pero lento
CSV,CARRIAGE SERVICES INC,Stock,NYSE,7200,USD,49.18999862670898,6,4,66.66666666666666,0.258624176745806,0.2580691477767027,-0.9868112317170273,2026-05-04,3.5,4.0,1.414213562373095,109.92451154932755,100.91008817700681,196.49317892832696,64.17417063103643,17.980538002327464,17.980538002327464,96.5,66.66666666666666,98.58578643762691,73.99649214238984,Muy rapida,Media,Muy estable,Observacion
BMOP,BNY Mellon Municipal Opportunities ETF,ETF/Fund,US Listed,,USD,25.209999084472656,6,4,66.66666666666666,0.2521659748027253,0.2405259721297362,-0.23577429234754188,2026-07-01,3.5,3.75,1.707825127659933,35.401153881743205,23.583438443866626,79.97272174477413,30.035189738697287,17.53153920057042,17.53153920057042,96.5,66.66666666666666,98.29217487234007,73.94599220565372,Muy rapida,Media,Muy estable,Observacion
UHS,UNIVERSAL HEALTH SERVICES INC,Stock,NYSE,8062,USD,145.1699981689453,6,4,66.66666666666666,0.10770634200017103,0.10760694657730036,-0.739670203876931,2026-06-08,3.5,4.0,1.4142135623730951,82.16332710304809,76.94873096601654,144.05924317090486,50.89972310609721,7.488155205726174,7.488155205726174,96.5,66.66666666666666,98.58578643762691,73.8455743076442,Muy rapida,Media,Muy estable,Observacion
ADAMZ,"Adamas Trust, Inc. 7.000% Series G Cumulative Redeemable Preferred Stock, $0.01 par value per share",ETF/Fund,,,USD,19.049999237060547,6,4,66.66666666666666,2.315211386047579,2.2935819444842034,-1.0804893843528234,2026-07-01,4.0,4.0,2.943920288775949,441.16862385011655,290.2786179797493,1040.2797100591647,419.29026756603736,140.84202598456105,140.84202598456105,96.0,66.66666666666666,97.05607971122406,75.67362334273119,Muy rapida,Media,Muy estable,Rentable pero lento
EFSCP,"Enterprise Financial Services Corporation Depositary Shares Each Representing a 1/40th Interest in a Share of 5% Fixed Rate Non-Cumulative Perpetual Preferred Stock, Series A",Preferred,,,USD,20.604999542236328,6,4,66.66666666666666,1.5628436247077573,1.5587598851735098,-0.8390225215009037,2026-05-29,4.0,5.0,4.546060565661952,298.7475125679167,220.35462451743743,681.9902276028095,272.15756260830574,95.0729871697219,95.0729871697219,96.0,66.66666666666666,95.45393943433805,74.68093453985846,Muy rapida,Media,Muy estable,Rentable pero lento
CLX,CLOROX CO /DE/,Stock,NYSE,2842,USD,99.61000061035156,6,4,66.66666666666666,1.0013517955530948,1.0219444940929974,-1.855670029146351,2026-04-22,4.0,4.25,3.304037933599835,189.3705672890646,160.15432745818168,389.3094689781128,160.46081681259142,60.91556756281326,60.91556756281326,96.0,66.66666666666666,96.69596206640017,74.30574610551311,Muy rapida,Media,Muy estable,Rentable pero lento
HY,"HYSTER-YALE, INC.",Stock,NYSE,3537,USD,36.31999969482422,6,4,66.66666666666666,0.9423476642623841,0.9397149904406545,-3.177574434591534,2026-06-01,4.0,4.25,0.4999999999999999,232.8677385508338,235.7451531066522,365.7654904499644,131.9100067857735,57.3261495759617,57.3261495759617,96.0,66.66666666666666,99.5,74.66734766426238,Muy rapida,Media,Muy estable,Rentable pero lento
OXLCM,"Oxford Lane Capital Corp. Preferred Stock Shares, 8.25% Series 2031",Preferred,,,USD,25.07999992370605,3,2,66.66666666666666,0.7768679970344272,0.6853070196285795,-0.16152245715057015,2026-06-16,4.0,4.0,4.242640687119285,200.52032874978664,200.52032874978664,348.5363753523569,209.32630055420296,47.259469819594315,47.259469819594315,96.0,66.66666666666666,95.75735931288071,73.94047189396653,Muy rapida,Media,Muy estable,Rentable pero lento
HOG,"HARLEY-DAVIDSON, INC.",Stock,NYSE,3751,USD,24.489999771118164,6,4,66.66666666666666,0.7697233914516911,0.7555773642900612,-1.6817003615407646,2026-06-08,4.0,5.5,3.696845502136472,232.1347412558203,233.94797783362833,343.70821730295813,108.01768303953517,46.82483964664454,46.82483964664454,96.0,66.66666666666666,96.30315449786353,74.01519656613122,Muy rapida,Media,Muy estable,Rentable pero lento
FG,"F&G Annuities & Life, Inc.",Stock,NYSE,6311,USD,28.670000076293945,6,4,66.66666666666666,0.7631537410900154,0.7119572206006533,-0.9699979924725538,2026-06-16,4.0,24.0,42.03173404306163,766.6442444033727,69.89051951205852,2918.022515329432,1434.7590384426433,46.42518591630927,46.42518591630927,96.0,66.66666666666666,57.96826595693837,68.25839363463078,Muy rapida,Media,Muy variable,Rentable pero lento
RNRG,Global X Renewable Energy Producers ETF,ETF/Fund,US Listed,,USD,35.775001525878906,3,2,66.66666666666666,0.6196679149056914,0.5961285559854651,-0.5997737147551844,2026-06-29,4.0,4.0,0.0,151.32274689543442,151.32274689543442,228.5581227077001,109.22731596868903,37.69646482342956,37.69646482342956,96.0,66.66666666666666,100.0,74.41966791490569,Muy rapida,Media,Muy estable,Rentable pero lento
NEU,NEWMARKET CORP,Stock,NYSE,2860,USD,833.3300170898438,6,4,66.66666666666666,0.42461490954796055,0.4113323744453161,-0.20316438289106054,2026-06-15,4.0,7.5,7.724420150837645,198.72180835909825,136.71549739548408,510.8820074268177,232.6899029930129,25.83074033083426,25.83074033083426,96.0,66.66666666666666,92.27557984916236,73.0659518869223,Muy rapida,Media,Estable,Rentable pero lento
LINE,"Lineage, Inc. Common Stock",Other Unmatched,,,USD,45.09999847412109,6,4,66.66666666666666,1.2968696390692473,1.2743169275783823,-0.9185360861170585,2026-06-30,4.5,9.0,11.633285577743433,586.2252564737109,324.9847360959399,1665.0811216216298,745.5653678863949,70.12702492744819,70.12702492744819,95.5,66.66666666666666,88.36671442225656,73.20187680240772,Muy rapida,Media,Estable,Rentable pero lento
HPQ,HP INC,Stock,NYSE,3570,USD,24.940000534057617,6,4,66.66666666666666,1.1853413699263806,1.153802545443661,-1.4664903165875236,2026-06-10,4.5,8.25,9.322910847297997,225.0335526205265,207.88571243913952,446.7800322635263,181.92035068090914,64.09623704046354,64.09623704046354,95.5,66.66666666666666,90.677089152702,73.43690474283167,Muy rapida,Media,Estable,Rentable pero lento
MATW,MATTHEWS INTERNATIONAL CORP,Stock,Nasdaq,3360,USD,28.13999938964844,12,8,66.66666666666666,1.0184856295800098,0.990369689189839,-1.5136227206065378,2026-05-11,4.5,18.75,27.3221521846285,207.25093488098486,214.42490382822342,393.4345028685614,154.2017409871624,55.073667377289404,55.073667377289404,95.5,66.66666666666666,72.6778478153715,70.57016280188573,Muy rapida,Media,Variable,Rentable pero lento
OTEX,OPEN TEXT CORP,Stock,Nasdaq,7373,USD,23.649999618530277,12,8,66.66666666666666,0.9671841344656141,0.9693939144837782,-0.8134965887464506,2026-06-05,4.5,7.0,6.969320524371696,323.4243111627402,163.68299963403092,947.704257648067,390.2492806241958,52.29958653036283,52.29958653036283,95.5,66.66666666666666,93.0306794756283,73.57178605580985,Muy rapida,Media,Estable,Rentable pero lento
AMDD,Direxion Daily AMD Bear 1X ETF,ETF/Fund,US Listed,,USD,2.8410000801086426,6,4,66.66666666666666,0.9551667042424073,0.8930484137122978,-1.6283934834361506,2026-06-23,4.5,6.5,6.855654600401044,685.6923856224934,357.94285570537835,1977.24321081086,895.4107049228845,51.649755118293136,51.649755118293136,95.5,66.66666666666666,93.14434539959896,73.57681851418224,Muy rapida,Media,Estable,Rentable pero lento
OMC,OMNICOM GROUP INC.,Stock,NYSE,7311,USD,75.62999725341797,6,4,66.66666666666666,0.952660135445755,0.9790042758374005,-1.340757158454714,2026-06-10,4.5,18.5,30.40285074352952,397.23941485873263,184.14241317601835,1203.9112721180454,551.3783018973646,51.514214731511196,51.514214731511196,95.5,66.66666666666666,69.59714925647049,70.04223252391633,Muy rapida,Media,Variable,Rentable pero lento
CC,Chemours Co,Stock,NYSE,2800,USD,24.86000061035156,6,4,66.66666666666666,0.7675069602872235,0.6505690024628212,-1.366240969241483,2026-05-15,4.5,5.5,5.446711546122731,749.1676398533722,419.10583751135806,2124.249620842872,966.4139276830196,41.50222822293875,41.50222822293875,95.5,66.66666666666666,94.55328845387727,73.6005002283688,Muy rapida,Media,Estable,Rentable pero lento
FIS,"Fidelity National Information Services, Inc.",Stock,NYSE,7389,USD,38.970001220703125,6,4,66.66666666666666,0.7037122625601676,0.5949575774181579,-2.2049051506847146,2026-06-11,4.5,6.5,6.137317546507322,187.68641158644695,205.9788015631389,313.766776053295,146.94121787610504,38.05258901251276,38.05258901251276,95.5,66.66666666666666,93.86268245349268,73.43311463058407,Muy rapida,Media,Estable,Rentable pero lento
CWT,CALIFORNIA WATER SERVICE GROUP,Stock,NYSE,4941,USD,43.470001220703125,6,4,66.66666666666666,0.7002087299984329,0.6984777589245943,-1.3290793288027798,2026-05-11,4.5,6.75,4.856267428111155,158.2446672347859,66.31702418513956,451.4644693048206,195.77795388856086,37.86313873324859,37.86313873324859,95.5,66.66666666666666,95.14373257188885,73.62176861578176,Muy rapida,Media,Muy estable,Rentable pero lento
CBRL,"CRACKER BARREL OLD COUNTRY STORE, INC",Stock,Nasdaq,5812,USD,29.739999771118164,12,8,66.66666666666666,0.6004151360369127,0.6310102240888582,-1.877099618512279,2026-04-10,4.5,4.5,2.6726124191242437,758.4270377370289,408.6972981408552,2107.390234218685,869.4840357239306,32.46689254125527,32.46689254125527,95.5,66.66666666666666,97.32738758087575,73.84952327316827,Muy rapida,Media,Muy estable,Rentable pero lento
AIN,ALBANY INTERNATIONAL CORP /DE/,Stock,NYSE,2221,USD,68.69000244140625,6,4,66.66666666666666,0.4499118778005471,0.41637918665554885,-2.0953331289150294,2026-06-05,4.5,4.25,2.5,182.69536201444467,122.80774172837928,444.453320937287,180.54508134805866,24.32856820699254,24.32856820699254,95.5,66.66666666666666,97.5,73.72491187780054,Muy rapida,Media,Muy estable,Observacion
WM,WASTE MANAGEMENT INC,Stock,NYSE,4953,USD,219.00999450683597,6,4,66.66666666666666,0.38369754808764583,0.3796608494932001,-0.161521048797718,2026-06-05,4.5,7.25,8.5,213.35160062130217,218.48495879149056,406.3738123080048,213.6109877321448,20.748089637331958,20.748089637331958,95.5,66.66666666666666,91.5,72.75869754808762,Muy rapida,Media,Estable,Observacion
LPX,LOUISIANA-PACIFIC CORP,Stock,NYSE,2400,USD,70.23999786376953,6,4,66.66666666666666,0.3349064110867224,0.3271836235052889,0.22520174292780007,2026-05-14,4.5,15.5,24.556058315617353,677.5332449591422,397.0828296938209,1901.9081198853376,863.9786358638033,18.109754080985727,18.109754080985727,95.5,66.66666666666666,75.44394168438265,70.30149766374412,Muy rapida,Media,Variable,Observacion
LINT,Direxion Daily INTC Bull 2X ETF,ETF/Fund,US Listed,,USD,265.9200134277344,3,2,66.66666666666666,0.31467033953847606,0.2594898871692864,-4.656806064502633,2026-06-23,4.5,4.5,3.5355339059327378,1346.9841965968126,1346.9841965968126,2623.6636515693226,1805.4974000252148,17.015507249117594,17.015507249117594,95.5,66.66666666666666,96.46446609406726,73.43434025364856,Muy rapida,Media,Muy estable,Observacion
BPYPM,"Brookfield Property Partners L.P. 6.25% Class A Cumulative Redeemable Preferred Units, Series 1",Preferred,,,USD,17.450000762939453,6,4,66.66666666666666,2.442465887834778,2.4526021424766125,-1.0362467369725725,2026-06-01,5.0,11.5,14.45683229480096,319.1592173177547,332.1942740080227,511.0997267759563,198.5461645032751,118.86667320795918,118.86667320795918,95.0,66.66666666666666,85.54316770519904,73.77394104361463,Muy rapida,Media,Estable,Rentable pero lento
AHRT,"AH Realty Trust, Inc.",Stock,NYSE,6500,USD,6.809999942779541,6,4,66.66666666666666,2.072569746003566,2.026473589352004,-2.1406856767260165,2026-06-24,5.0,5.25,2.9860788111948193,312.57286667667177,193.75110591359208,723.5685947062673,276.1174577845388,100.86506097217354,100.86506097217354,95.0,66.66666666666666,97.01392118880518,75.12465792432434,Muy rapida,Media,Muy estable,Rentable pero lento
LYB,LyondellBasell Industries N.V.,Stock,NYSE,2860,USD,66.6500015258789,6,4,66.66666666666666,1.9194486680897647,2.030076780154407,-1.436235898401667,2026-06-01,5.0,15.0,21.416504538945347,159.50124139605046,173.2379425526166,222.09678936502377,72.94718045374287,93.41316851370188,93.41316851370188,95.0,66.66666666666666,78.58349546105465,72.20697298724797,Muy rapida,Media,Variable,Rentable pero lento
EPSN,Epsilon Energy Ltd.,Stock,Nasdaq,1311,USD,5.619999885559082,12,8,66.66666666666666,1.047073177393045,1.1038759203435062,-2.2797066189136146,2026-06-15,5.0,14.75,20.59646294183265,320.098069573615,242.85720827708167,786.3664368386706,308.14978142954703,50.957561299794854,50.957561299794854,95.0,66.66666666666666,79.40353705816734,71.45760373611814,Muy rapida,Media,Variable,Rentable pero lento
EL,ESTEE LAUDER COMPANIES INC,Stock,NYSE,2844,USD,90.87000274658205,6,4,66.66666666666666,0.40706085934881275,0.38336007895722535,-1.481050543497193,2026-05-29,5.0,5.0,2.449489742783178,72.99848542877515,54.30805505704591,140.23533140967277,45.94547259668398,19.810295154975552,19.810295154975552,95.0,66.66666666666666,97.55051025721683,73.53963739793134,Muy rapida,Media,Muy estable,Observacion
LDOS,"Leidos Holdings, Inc.",Stock,NYSE,7373,USD,122.16000366210938,6,4,66.66666666666666,0.26879244903876404,0.2577469182832847,-1.970076469631035,2026-06-15,5.0,8.75,10.372238588334406,196.10618779079,85.85384629331743,574.1764922540916,254.75566654550792,13.081232519886516,13.081232519886516,95.0,66.66666666666666,89.62776141166559,72.2129566607886,Muy rapida,Media,Estable,Observacion
CNA,CNA FINANCIAL CORP,Stock,NYSE,6331,USD,43.72999954223633,6,4,66.66666666666666,2.3256101133072975,1.045475300506192,-1.8140028023735473,2026-05-18,5.5,6.0,3.1622776601683795,214.23159027726462,230.2358534957063,325.51985915017474,105.5678384612782,102.89062925541376,102.89062925541376,94.5,66.66666666666666,96.83772233983161,75.20126846428202,Muy rapida,Media,Muy estable,Rentable pero lento
FRME,FIRST MERCHANTS CORP,Stock,Nasdaq,6021,USD,40.09999847412109,12,8,66.66666666666666,0.9151806167172798,0.92827273025135,-1.0759101496717463,2026-06-05,5.5,9.5,10.37854930682924,289.76613092991704,190.21893661956756,758.9618679513552,299.7661095019227,40.48980910324934,40.48980910324934,94.5,66.66666666666666,89.62145069317076,72.70839822069289,Muy rapida,Media,Estable,Rentable pero lento
FDIV,MarketDesk Focused U.S. Dividend ETF,ETF/Fund,US Listed,,USD,28.26300048828125,6,4,66.66666666666666,0.6704760245355397,0.6148157325372758,-0.7457219470065448,2026-06-29,5.5,8.0,6.164414002968976,76.95701223728221,67.72810467983032,150.3615422286472,59.80419045184382,29.66348472187539,29.66348472187539,94.5,66.66666666666666,93.83558599703102,73.0958139240902,Muy rapida,Media,Estable,Rentable pero lento
BKMI,BNY Mellon Municipal Intermediate ETF,ETF/Fund,US Listed,,USD,26.441999435424805,6,4,66.66666666666666,0.21063021181442557,0.19189411481418694,-0.23892327448539638,2026-07-01,5.5,10.25,12.685293322058685,32.58210028730716,17.49663163993899,92.04500876871772,40.20475237010371,9.318791189365493,9.318791189365493,94.5,66.66666666666666,87.31470667794132,71.6578362135056,Muy rapida,Media,Estable,Observacion
HTHT,H World Group Limited American Depositary Shares,Preferred,,,USD,50.91999816894531,3,2,66.66666666666666,2.605992825753613,2.553024443729917,-1.0141887841552542,2026-05-04,6.0,6.0,7.0710678118654755,1645.0783428527589,1645.0783428527589,3173.9119906506494,2162.0972793281085,105.68748682222986,105.68748682222986,94.0,66.66666666666666,92.92893218813452,74.74533265397379,Muy rapida,Media,Estable,Rentable pero lento
SAFT,SAFETY INSURANCE GROUP INC,Stock,Nasdaq,6331,USD,70.16999816894531,12,8,66.66666666666666,1.2045361755524524,1.1976583925421496,-0.8193537873512202,2026-06-01,6.0,7.0,3.9999999999999996,110.30786854781117,86.87195223771428,196.54613078269333,54.32867638286747,48.85063378629389,48.85063378629389,94.0,66.66666666666666,96.0,73.80453617555244,Muy rapida,Media,Muy estable,Rentable pero lento
LCII,LCI INDUSTRIES,Stock,NYSE,3714,USD,112.86000061035156,6,4,66.66666666666666,1.079645450664424,1.049386873169759,-1.5099447356825397,2026-05-29,6.0,20.0,31.42186075542525,140.3160332252463,103.48402685225761,346.2651166617486,145.36194635712695,43.785621054723855,43.785621054723855,94.0,66.66666666666666,68.57813924457474,69.56636633735064,Muy rapida,Media,Variable,Rentable pero lento
FPXE,First Trust IPOX Europe Equity Opportunities ETF,ETF/Fund,US Listed,,USD,34.9900016784668,3,2,66.66666666666666,0.7505565249683642,0.8532768156146118,-0.6761602877493506,2026-06-25,6.0,6.0,7.0710678118654755,210.19319186978547,210.19319186978547,406.652989378736,277.8361100982298,30.439236845939217,30.439236845939217,94.0,66.66666666666666,92.92893218813452,72.88989635318853,Muy rapida,Media,Estable,Rentable pero lento
BKR,Baker Hughes Co,Stock,Nasdaq,3533,USD,69.01000213623047,12,8,66.66666666666666,0.46977636742266954,0.4789957845343708,-1.814392866578754,2026-05-05,6.0,5.0,2.6186146828319083,129.0394967414166,112.03195999824135,250.2854596819197,87.45231369599375,19.05204156769715,19.05204156769715,94.0,66.66666666666666,97.3813853171681,73.27698416499788,Muy rapida,Media,Muy estable,Observacion
BMY,BRISTOL MYERS SQUIBB CO,Stock,NYSE,2834,USD,61.72999954223633,6,4,66.66666666666666,1.1683428776251354,1.1298529604079244,-1.864847923055662,2026-04-02,6.5,11.75,11.528949070347508,86.86326105993079,97.92287255133414,125.18534273613092,47.606115593093584,43.737964136735826,43.737964136735826,93.5,66.66666666666666,88.47105092965249,72.48900051707301,Muy rapida,Media,Estable,Rentable pero lento
FLXS,FLEXSTEEL INDUSTRIES INC,Stock,Nasdaq,2510,USD,66.63999938964844,12,8,66.66666666666666,0.44780045082923187,0.43823391356611274,-1.2022602802981621,2026-06-24,6.5,6.75,4.682795258023933,291.8275049092566,172.1117767829623,794.191012838769,317.40471388766576,16.763811748991756,16.763811748991756,93.5,66.66666666666666,95.31720474197607,72.79538116212564,Muy rapida,Media,Muy estable,Observacion
NMRK,"NEWMARK GROUP, INC.",Stock,Nasdaq,6531,USD,15.84000015258789,12,8,66.66666666666666,0.23456582208620866,0.21047459912671615,-1.9460272662035176,2026-05-14,6.5,11.0,11.976166808648392,247.54579310269028,19.52821141255032,948.0517706175136,432.47543510332383,8.781182057586273,8.781182057586273,93.5,66.66666666666666,88.02383319135161,71.48814080078895,Muy rapida,Media,Estable,Observacion
ATH-PA,Athene Holding Ltd.,Stock,NYSE,6311,USD,24.54010009765625,6,4,66.66666666666666,1.6078022924884365,1.6017409640890867,-1.1221034787561195,2026-06-15,7.0,11.25,9.912113800799505,85.11259424107786,93.747271692244,128.83870037541325,44.337338491209216,55.890270167455164,55.890270167455164,93.0,66.66666666666666,90.0878861992005,73.0209852223685,Muy rapida,Media,Estable,Rentable pero lento
VRTS,"VIRTUS INVESTMENT PARTNERS, INC.",Stock,NYSE,6282,USD,143.67999267578125,6,4,66.66666666666666,1.3733364717460177,1.4516275682186703,-1.5854015997998478,2026-04-30,7.0,9.5,10.279429296739517,418.6876306736498,281.05051114025656,1084.7396065424184,494.6691344261222,47.739791636885364,47.739791636885364,93.0,66.66666666666666,89.72057070326048,72.73142207723508,Muy rapida,Media,Estable,Rentable pero lento
MMI,"Marcus & Millichap, Inc.",Stock,NYSE,6531,USD,26.11000061035156,3,2,66.66666666666666,0.8151749158406777,0.7723200749127846,-1.0574559871781641,2026-03-13,7.0,7.0,8.48528137423857,159.8863184956067,159.8863184956067,282.13617584520165,172.88740626197333,28.33703278874736,28.33703278874736,93.0,66.66666666666666,91.51471862576143,72.44238270970487,Muy rapida,Media,Estable,Rentable pero lento
BSJX,Invesco BulletShares 2033 High Yield Corporate Bond ETF,ETF/Fund,US Listed,,USD,25.25,12,8,66.66666666666666,0.5659981931646825,0.5190120302389244,-0.4868897857293884,2026-06-22,7.0,16.0,19.820624179302296,36.214353344893816,36.77265506319453,71.6099443203304,25.179677400391228,19.67517528620086,19.67517528620086,93.0,66.66666666666666,80.1793758206977,70.49290456626933,Muy rapida,Media,Variable,Observacion
IBGC,iShares iBonds Dec 2046 Term Treasury ETF,ETF/Fund,US Listed,,USD,25.040000915527344,3,2,66.66666666666666,0.3954090003165132,0.3947722777441008,-0.38351234318121713,2026-07-01,7.0,7.0,8.48528137423857,94.7669001774599,94.7669001774599,173.51617497144937,111.36829244070563,13.7451700110026,13.7451700110026,93.0,66.66666666666666,91.51471862576143,72.02261679418072,Muy rapida,Media,Estable,Observacion
TXO,"TXO Partners, L.P.",Stock,NYSE,1311,USD,12.970000267028809,6,4,66.66666666666666,2.966571564889042,2.9215603363737257,-1.7116007399901916,2026-05-15,7.5,12.0,13.976170195491086,463.0329407270229,254.79451651000858,1294.524191893386,576.0102771673378,96.2487663275111,96.2487663275111,92.5,66.66666666666666,86.02382980450892,73.62014603556537,Rapida,Media,Estable,Rentable pero lento
GSBD,"Goldman Sachs BDC, Inc.",Stock,NYSE,0,USD,9.039999961853027,9,6,66.66666666666666,2.316106407833513,3.3229490778524045,-2.169648988431482,2026-03-31,7.5,11.666666666666666,14.080719678577038,154.74367560535202,148.70705617838712,305.7048273387562,106.63892005144129,75.1447856763762,75.1447856763762,92.5,66.66666666666666,85.91928032142296,72.95399845604696,Rapida,Media,Estable,Rentable pero lento
ASB,ASSOCIATED BANC-CORP,Stock,NYSE,6022,USD,27.809999465942383,6,4,66.66666666666666,0.9092759819982571,0.9108206485323391,-1.4759866612579031,2026-06-01,7.5,7.5,4.654746681256314,139.5807975103291,135.8017263487798,188.8805108064072,40.14323663812412,29.500954082610114,29.500954082610114,92.5,66.66666666666666,95.34525331874369,72.96106397980982,Rapida,Media,Muy estable,Rentable pero lento
USOI,Credit Suisse AG Credit Suisse X-Links Crude Oil Shares Covered Call ETN,ETF/Fund,US Listed,,USD,48.810001373291016,18,12,66.66666666666666,2.7954569387897545,1.6497571014387,-2.6845131182598077,2026-06-22,8.0,11.583333333333334,14.368262584493984,267.47419258061643,180.6741441529955,1076.975171469801,297.77679825673954,85.02848188818837,85.02848188818837,92.0,66.66666666666666,85.63173741550602,73.24021755111565,Rapida,Media,Estable,Rentable pero lento
GECCH,Great Elm Capital Corp. 8.125% Notes Due 2029,Note/Bond,,,USD,25.38999938964844,6,4,66.66666666666666,1.999548294446978,1.9968852564520012,-0.8913932512335467,2026-06-15,8.0,14.25,17.651723239767083,249.74880898550387,107.60764838407786,764.9541567651911,347.60071855957835,60.81959395609557,60.81959395609557,92.0,66.66666666666666,82.34827676023292,71.95178980848192,Rapida,Media,Variable,Rentable pero lento
TCBIO,"Texas Capital Bancshares, Inc. Depositary Shares 5.75% Fixed Rate Non-Cumulative Perpetual Preferred Stock Series B",Preferred,,,USD,21.18000030517578,6,4,66.66666666666666,1.7043067236758451,1.6999824068502487,-1.4241243347918298,2026-06-01,8.0,22.25,30.576407026769292,103.9415488483505,115.32114955310985,176.09300627480152,71.01563722249864,51.839329511806945,51.839329511806945,92.0,66.66666666666666,69.42359297323071,69.71784566966045,Rapida,Media,Variable,Rentable pero lento
CTA-PB,"EIDP, Inc.",Stock,NYSE,2820,USD,67.94999694824219,6,4,66.66666666666666,1.5958097724159312,1.5885498448893047,-1.5417819233394996,2026-04-02,8.0,9.25,3.2015621187164243,84.18331594622703,81.42188780919918,127.76734183990943,34.06052221115845,48.53921391098457,48.53921391098457,92.0,66.66666666666666,96.79843788128358,73.71557545460847,Rapida,Media,Muy estable,Rentable pero lento
SHIP,Seanergy Maritime Holdings Corp. Common Stock,Other Unmatched,,,USD,14.15999984741211,6,4,66.66666666666666,1.1973708979202782,1.3940453985892693,-2.2333637439120904,2026-06-29,8.0,15.5,20.09145755455952,192.95459485523105,168.94668472062148,417.9840185714236,188.85437480319942,36.420031478408454,36.420031478408454,92.0,66.66666666666666,79.90854244544047,70.78365226473635,Rapida,Media,Variable,Rentable pero lento
BNDX,Vanguard Total International Bond ETF,ETF/Fund,US Listed,,USD,48.43000030517578,18,12,66.66666666666666,0.3149272133872063,0.2176390433596825,-0.35346282281711683,2026-07-01,8.0,17.416666666666668,23.792505822912666,31.07503242293937,15.827243227168276,131.05955544204653,39.67181386251772,9.579036073860857,9.579036073860857,92.0,66.66666666666666,76.20749417708734,69.34605133995031,Rapida,Media,Variable,Observacion
MSA,MSA Safety Inc,Stock,NYSE,3842,USD,174.69000244140625,6,4,66.66666666666666,0.3101623906534694,0.31188176931251543,-1.2995289175097773,2026-05-15,8.0,8.0,6.582805886043833,58.37454372183709,43.04502902267684,133.5485163927538,51.973203887273996,9.434106049043026,9.434106049043026,92.0,66.66666666666666,93.41719411395617,71.92274150774689,Rapida,Media,Estable,Observacion
FEPI.MI,Rex Tech Innovation Premium Inc,ETF/Fund,Borsa Italiana,Europe,EUR,20.1200008392334,3,2,66.66666666666666,2.1710490075847395,2.149465398490136,-1.766494834807684,2026-06-18,8.5,8.5,2.1213203435596424,122.21574495162454,122.21574495162454,157.06718128972437,49.287373937523284,62.15159904066117,62.15159904066117,91.5,66.66666666666666,97.87867965644035,74.30285095605079,Rapida,Media,Muy estable,Rentable pero lento
ACI,"Albertsons Companies, Inc.",Stock,NYSE,5411,USD,16.860000610351562,6,4,66.66666666666666,0.8036200139805736,0.7695925405087376,-1.5035741153160849,2026-04-24,8.5,11.0,11.224972160321824,170.98025523416732,71.69067171879594,516.681952133651,232.7944815583875,23.005592557090928,23.005592557090928,91.5,66.66666666666666,88.77502783967817,71.56987418993229,Rapida,Media,Estable,Observacion
IPAR,INTERPARFUMS INC,Stock,Nasdaq,2844,USD,101.77999877929688,12,8,66.66666666666666,0.7612215637823617,0.7678522455960461,-1.022914231764018,2026-06-15,8.5,9.25,7.343607521414215,316.0849696906623,123.85561156356374,977.7833904263092,410.56641213004445,21.79183300239702,21.79183300239702,91.5,66.66666666666666,92.65639247858579,72.10968043557023,Rapida,Media,Estable,Observacion
GTOQ,Invesco High Yield Systematic Bond ETF,ETF/Fund,US Listed,,USD,22.475000381469727,18,12,66.66666666666666,0.5771592144219907,0.5677300954761793,-0.5039953867401066,2026-06-22,8.5,10.083333333333334,5.66421515598881,30.91179446702357,28.115973913777736,55.62645145297294,15.246381819630923,16.522597118747182,16.522597118747182,91.5,66.66666666666666,94.33578484401119,72.17752694102367,Rapida,Media,Estable,Observacion
KBR,"KBR, INC.",Stock,NYSE,1600,USD,35.84000015258789,6,4,66.66666666666666,0.3766142120989852,0.35678027628081055,-0.751698023431226,2026-06-15,8.5,11.25,11.4418821295566,180.56554702763896,57.88539658728027,594.8321674262372,278.98664975472883,10.781504895382712,10.781504895382712,91.5,66.66666666666666,88.5581178704434,71.11033189266549,Rapida,Media,Estable,Observacion
CXT,"Crane NXT, Co.",Stock,NYSE,3490,USD,40.09999847412109,6,4,66.66666666666666,0.3357615588713694,0.30878419055216544,-1.2747507073963158,2026-05-29,8.5,8.25,5.315072906367325,75.04502231963616,71.12249859700151,94.3674295809082,13.366471457967938,9.611997567690182,9.611997567690182,91.5,66.66666666666666,94.68492709363268,71.98850062291626,Rapida,Media,Estable,Observacion
EBF,"ENNIS, INC.",Stock,NYSE,2761,USD,22.239999771118164,6,4,66.66666666666666,1.2943329220643058,1.313289303016869,-1.5957969939977215,2026-04-13,9.0,12.75,13.768926368215256,198.9630875519786,103.183568909943,565.2668753145729,247.9378431447833,34.994927152109,34.994927152109,91.0,66.66666666666666,86.23107363178474,71.528993966832,Rapida,Media,Estable,Rentable pero lento
UNB,UNION BANKSHARES INC,Stock,Nasdaq,6022,USD,24.790000915527344,12,8,66.66666666666666,1.285053898741862,1.3443091468806307,-1.5474586948830842,2026-04-27,9.0,10.25,7.225945316308843,119.29306369727061,102.45329454057628,250.3023448820634,89.48527893749467,34.74404985487256,34.74404985487256,91.0,66.66666666666666,92.77405468369116,72.50116210129553,Rapida,Media,Estable,Rentable pero lento
HOMB,HOME BANCSHARES INC,Stock,NYSE,6022,USD,26.280000686645508,6,4,66.66666666666666,0.7092812718771775,0.6977802600761374,-1.2633166722612377,2026-05-13,9.0,17.5,22.6642155537461,169.2284987466772,78.67972272843028,510.1312998234003,229.74268913996218,19.17686401741998,19.17686401741998,91.0,66.66666666666666,77.3357844462539,69.60964893881525,Rapida,Media,Variable,Observacion
FEPI.L,HANETF II ICAV REX TECH INN PRE,ETF/Fund,London Stock Exchange,Europe,USD,23.32999992370605,3,2,66.66666666666666,2.1703359271177223,2.1475186784489093,-2.227999252651672,2026-06-18,9.5,9.5,3.5355339059327378,96.13182260906964,96.13182260906964,125.02831547715608,40.86581211906525,55.59106058933112,55.59106058933112,90.5,66.66666666666666,96.46446609406726,73.7900058412278,Rapida,Media,Muy estable,Rentable pero lento
BALL,BALL Corp,Stock,NYSE,3411,USD,54.66999816894531,6,4,66.66666666666666,0.3667246574608252,0.3764261371857667,-1.7592795559739367,2026-06-01,9.5,10.0,3.559026084010437,76.57497403595048,58.61426995868982,175.16197311748644,71.87320613011732,9.393298243733417,9.393298243733417,90.5,66.66666666666666,96.44097391598956,71.98287074485924,Rapida,Media,Muy estable,Observacion
RMR,RMR GROUP INC.,Stock,Nasdaq,8742,USD,17.059999465942383,12,8,66.66666666666666,2.7207563739129217,2.720743827178671,-2.953499531726466,2026-04-21,10.0,12.75,7.421012637870155,200.78101027370934,223.29701183802882,290.45104856383205,88.18144090406904,66.20507176521441,66.20507176521441,90.0,66.66666666666666,92.57898736212985,73.6076044782324,Rapida,Media,Estable,Rentable pero lento
IEUS,iShares MSCI Europe Small-Cap ETF,ETF/Fund,US Listed,,USD,72.72000122070312,3,2,66.66666666666666,1.7561564155090987,1.98462455414415,-1.2509239243441828,2026-06-15,10.0,10.0,4.242640687119285,67.68092041461547,67.68092041461547,71.6942566529039,5.675714538550921,42.73313944405473,42.73313944405473,90.0,66.66666666666666,95.75735931288071,73.1197603124412,Rapida,Media,Muy estable,Rentable pero lento
DD,"DuPont de Nemours, Inc.",Stock,NYSE,2821,USD,151.8000030517578,6,4,66.66666666666666,0.48766055913099543,0.5042527173739424,-1.6970739866912232,2026-05-15,10.0,22.5,30.610455730027933,88.1614934801636,52.46658705217491,245.2456143393929,108.25753675229856,11.86640693885422,11.86640693885422,90.0,66.66666666666666,69.38954426997206,67.8960921996268,Rapida,Media,Variable,Observacion
FMNB,FARMERS NATIONAL BANC CORP /OH/,Stock,Nasdaq,6022,USD,14.5600004196167,12,8,66.66666666666666,1.2110398910820845,1.212489395531891,-1.4850491739431746,2026-06-12,10.5,9.0,5.503245795502349,188.6191541997485,67.32594762428278,585.1143804909982,245.47399003308405,28.065368904441954,28.065368904441954,89.5,66.66666666666666,94.49675420449765,72.23555302175673,Rapida,Media,Estable,Rentable pero lento
BPYPP,Brookfield Property Partners L.P. 6.50% Class A Cumulative Redeemable Perpetual Preferred Units,Preferred,,,USD,15.529999732971191,6,4,66.66666666666666,2.623054033447099,2.6329686872665263,-1.1802827295054141,2026-06-01,11.0,21.0,26.242459234352765,248.41095051848805,194.69320882240655,584.6347078300265,260.9124343311782,58.0251346792843,58.0251346792843,89.0,66.66666666666666,73.75754076564724,70.38668514829419,Rapida,Media,Variable,Rentable pero lento
BTF,CoinShares Bitcoin and Ether ETF,ETF/Fund,US Listed,,USD,17.295000076293945,6,4,66.66666666666666,2.107697375541223,0.19842178376947162,-10.591768237965315,2026-06-17,11.0,11.5,12.151817422372122,577.2224678099142,234.07331504448055,1832.1850668867376,857.5074688186751,46.62482073166947,46.62482073166947,89.0,66.66666666666666,87.84818257762788,71.9849247621854,Rapida,Media,Estable,Rentable pero lento
NRUC,NATIONAL RURAL UTILITIES COOPERATIVE FINANCE CORP /DC/,Stock,NYSE,6159,USD,24.06999969482422,6,4,66.66666666666666,1.4268150051199795,1.4337963318293818,-1.3547658241998493,2026-05-01,11.0,18.0,16.14517471774978,47.00203618226367,53.75719294650635,67.10120750939093,23.979039855112415,31.56287738598742,31.56287738598742,89.0,66.66666666666666,83.85482528225022,70.7050387974575,Rapida,Media,Variable,Rentable pero lento
SLMBP,"SLM Corporation Floating Rate Non-Cumulative Preferred Stock, Series B",Preferred,,,USD,75.05999755859375,6,4,66.66666666666666,1.9978429363638177,2.000789835833862,-1.2664872517500012,2026-06-04,11.5,12.75,5.852349955359813,70.02837587178263,69.19482271572636,103.2633212793242,32.27553469105178,42.2731983636402,42.2731983636402,88.5,66.66666666666666,94.14765004464019,72.66999044305985,Rapida,Media,Estable,Rentable pero lento
CHSCP,CHS INC,Stock,Nasdaq,5150,USD,27.959999084472656,12,8,66.66666666666666,1.754501365886182,1.767410968317595,-0.798914063523923,2026-06-15,11.5,18.75,21.412613105363857,317.0840017378072,158.8257351987914,937.5433926846266,399.59028366034164,37.12423179991052,37.12423179991052,88.5,66.66666666666666,78.58738689463614,70.0926094000816,Rapida,Media,Variable,Rentable pero lento
BNS,BANK OF NOVA SCOTIA,Stock,NYSE,6022,USD,55.66999816894531,3,2,66.66666666666666,1.4599041480459505,1.4478175435788234,-1.7659349775463251,2025-07-02,11.5,11.5,13.435028842544403,182.77141813864853,182.77141813864853,318.21110452495634,191.54064137107517,30.890725451407064,30.890725451407064,88.5,66.66666666666666,86.5649711574556,70.99464982166428,Rapida,Media,Estable,Rentable pero lento
AVNT,AVIENT CORP,Stock,NYSE,2821,USD,36.86000061035156,6,4,66.66666666666666,0.7653394791365692,0.7681165197006309,-1.2163004457855429,2026-06-18,11.5,9.75,6.3966136874651625,351.1612341216944,150.2346609319079,1064.5000407756563,486.60235470027095,16.194139703469432,16.194139703469432,88.5,66.66666666666666,93.60338631253484,71.3558474260168,Rapida,Media,Estable,Observacion
INTU,INTUIT INC.,Stock,Nasdaq,7372,USD,389.510009765625,12,8,66.66666666666666,0.19165954871376842,0.17839125082662938,-2.7367447593625083,2026-04-09,11.5,11.25,3.5757117173668083,38.18677293768611,27.38520399627977,79.10143506842033,25.57627650488447,4.055404943798577,4.055404943798577,88.5,66.66666666666666,96.42428828263319,71.20530279110875,Rapida,Media,Muy estable,Observacion
PABD,iShares Paris-Aligned Climate Optimized MSCI World ex USA ETF,ETF/Fund,US Listed,,USD,69.5770034790039,3,2,66.66666666666666,1.4254298772547165,1.4579616098386805,-1.095194356275279,2026-06-15,12.0,12.0,1.4142135623730951,46.30014808990249,46.30014808990249,55.972069407994496,13.678162302251174,28.90455028877619,28.90455028877619,88.0,66.66666666666666,98.58578643762691,72.61329784289875,Rapida,Media,Muy estable,Rentable pero lento
ENZL,iShares MSCI New Zealand ETF,ETF/Fund,US Listed,,USD,46.0,3,2,66.66666666666666,1.0567349387858993,0.9631910007245308,-0.4560887734720358,2026-06-15,12.0,12.0,12.727922061357855,176.61200441043547,176.61200441043547,327.19115607267213,212.95107849137023,21.42823625871407,21.42823625871407,88.0,66.66666666666666,87.27207793864214,70.5475466295822,Rapida,Media,Estable,Observacion
HAS,"HASBRO, INC.",Stock,Nasdaq,3944,USD,86.16999816894531,12,8,66.66666666666666,0.8985323371192383,0.8975107721018956,-1.2368833371055061,2026-06-01,12.0,24.5,31.071346469513863,240.367446412282,205.11328600348173,542.4120284366513,244.05826068914783,18.220239058251217,18.220239058251217,88.0,66.66666666666666,68.92865353048614,67.63783036669214,Rapida,Media,Variable,Observacion
SCL,STEPAN CO,Stock,NYSE,2840,USD,52.84999847412109,6,4,66.66666666666666,0.7460922433188126,0.7567837364374111,-1.6676792908437994,2026-06-01,12.0,17.5,15.286159317064135,40.0741196664989,42.222327331853975,56.934799590623584,16.302462766933324,15.129092711742587,15.129092711742587,88.0,66.66666666666666,84.71384068293587,69.85316834575919,Rapida,Media,Variable,Observacion
SLGN,SILGAN HOLDINGS INC,Stock,NYSE,3411,USD,37.560001373291016,6,4,66.66666666666666,0.45880499204566044,0.4614731161012237,-1.2362308185926747,2026-06-01,12.0,10.25,4.9916597106239795,68.38327841253314,69.9969087863794,119.26366521576884,49.61979036646066,9.303545672037002,9.303545672037002,88.0,66.66666666666666,95.00834028937602,71.11005603545205,Rapida,Media,Muy estable,Observacion
IBTR,iShares iBonds Dec 2036 Term Treasury ETF,ETF/Fund,US Listed,,USD,24.899999618530277,3,2,66.66666666666666,0.32840096232567834,0.3193293221612236,-0.3949033159174145,2026-07-01,12.0,12.0,8.48528137423857,16.425476360872892,16.425476360872892,25.356052974572457,12.629742566905911,6.659241736048476,6.659241736048476,88.0,66.66666666666666,91.51471862576143,70.45560875618987,Rapida,Media,Estable,Observacion
BLMN,"Bloomin' Brands, Inc.",Stock,Nasdaq,5812,USD,7.199999809265137,6,4,66.66666666666666,1.8244419215817984,1.785714366809044,-2.9852792760163993,2025-08-19,12.5,12.5,13.279056191361393,912.500242689202,912.5002426892019,1723.6114468471592,936.5905441266364,35.51580274012567,35.51580274012567,87.5,66.66666666666666,86.72094380863861,71.08258349287759,Rapida,Media,Estable,Rentable pero lento
CBFV,"CB Financial Services, Inc.",Stock,Nasdaq,6022,USD,34.91999816894531,12,8,66.66666666666666,0.7972639592620273,0.8074204663608068,-1.263259634187303,2026-05-15,12.5,25.0,27.307769694983985,73.7607700085783,79.99739427250597,103.01011718182424,31.989743804710464,15.520071740300796,15.520071740300796,87.5,66.66666666666666,72.69223030501601,67.95109850501443,Rapida,Media,Variable,Observacion
ARCC,ARES CAPITAL CORP,Stock,Nasdaq,0,USD,19.26000022888184,12,8,66.66666666666666,2.332729567812096,2.270482072821574,-2.6044995093077286,2026-06-15,13.0,15.75,12.859126831054388,177.92418238013326,170.6274505382734,343.387173834934,151.68015622317833,43.6639124231495,43.6639124231495,87.0,66.66666666666666,87.14087316894562,71.50386054315393,Rapida,Media,Estable,Rentable pero lento
QQQT,Defiance Nasdaq 100 Income Target ETF,ETF/Fund,US Listed,,USD,19.07699966430664,18,12,66.66666666666666,1.693876958183662,1.6911935038182966,-1.7536817313300626,2026-07-01,13.0,23.333333333333332,23.703982532030096,91.00077670167667,62.723333282448,436.64990994490216,114.52277483675503,31.705902037796747,31.705902037796747,87.0,66.66666666666666,76.2960174679699,69.23827957837915,Rapida,Media,Variable,Rentable pero lento
ATLCP,"Atlanticus Holdings Corporation 7.625% Series B Cumulative Perpetual Preferred Stock, no par value per share",Preferred,,,USD,24.2189998626709,6,4,66.66666666666666,1.986615024180803,1.9889972718995494,-1.1201966488198678,2026-06-01,13.5,25.75,28.998563182796946,61.17228242056633,55.56310693829361,121.76434815970552,45.406020367276504,35.80812265807372,35.80812265807372,86.5,66.66666666666666,71.00143681720306,68.58683054676126,Rapida,Media,Variable,Rentable pero lento
GLPI,"Gaming and Leisure Properties, Inc. Common Stock",Other Unmatched,,,USD,47.869998931884766,6,4,66.66666666666666,1.6573656877931942,1.629062868819084,-1.1755048611077954,2026-06-12,13.5,19.25,21.17191535974013,260.1832597718545,96.21449852423275,834.7492641401857,388.5287227874189,29.87350498985263,29.87350498985263,86.5,66.66666666666666,78.82808464025987,69.43157838383216,Rapida,Media,Variable,Rentable pero lento
BCIC,BCP Investment Corp,Stock,Nasdaq,0,USD,7.460000038146973,18,12,66.66666666666666,2.49658197597296,3.527106369690873,-2.115010782885763,2026-06-15,14.0,26.5,31.26281555400339,233.33912953565888,90.66268741657436,982.6917481375536,357.3977300873804,43.39297243953001,43.39297243953001,86.0,66.66666666666666,68.7371844459966,68.60715964287245,Rapida,Media,Variable,Rentable pero lento
PAGP,PLAINS GP HOLDINGS LP,Stock,Nasdaq,4610,USD,24.450000762939453,12,8,66.66666666666666,1.922659114360959,1.964180155779453,-2.713624672591622,2026-05-01,14.0,12.0,4.4077853201547175,111.52030391222361,72.70171317309358,248.2423995728712,84.84833957998782,33.4176465115119,33.4176465115119,86.0,66.66666666666666,95.59221467984528,72.06149131633774,Rapida,Media,Muy estable,Rentable pero lento
SYLD.MI,GLOBAL X EURO STOXX 50 COVERED ,ETF/Fund,Borsa Italiana,Europe,EUR,14.949999809265137,3,2,66.66666666666666,0.9047908302144517,0.9594427372674078,-1.0291738640890944,2026-06-04,14.0,14.0,7.0710678118654755,34.66961505358125,34.66961505358125,53.10437149940537,26.070682584729298,15.726126334679753,15.726126334679753,86.0,66.66666666666666,92.92893218813452,70.64413065843463,Rapida,Media,Estable,Observacion
DMLP,"DORCHESTER MINERALS, L.P.",Stock,Nasdaq,1311,USD,27.96999931335449,12,8,66.66666666666666,2.410599024370926,2.393685352079181,-3.7149711873222717,2026-05-04,14.5,32.0,35.28658182854861,77.684093250116,74.80863863313505,148.6266762734876,53.085546708351856,40.45373075381094,40.45373075381094,85.5,66.66666666666666,64.7134181714514,67.76761175008862,Rapida,Media,Muy variable,Rentable pero lento
OAK-PA,"Brookfield Oaktree Holdings, LLC",Stock,NYSE,6282,USD,21.020000457763672,6,4,66.66666666666666,1.8909775993806874,1.892016799870278,-2.3991608677258727,2026-06-01,14.5,24.75,28.087660398592593,90.01944292911531,56.31737331918009,236.18302135486357,100.42012269510711,31.7336470700667,31.7336470700667,85.5,66.66666666666666,71.91233960140741,68.32782853959179,Rapida,Media,Variable,Rentable pero lento
ESCA,ESCALADE INC,Stock,Nasdaq,3949,USD,18.209999084472656,12,8,66.66666666666666,1.0075300098463449,1.0003344531634917,-3.769055731803934,2026-04-06,14.5,18.5,15.57470476675011,103.7302202103885,50.27394665669582,275.5059553561052,106.30303085937958,16.907974877881188,16.907974877881188,85.5,66.66666666666666,84.4252952332499,69.32132429483383,Rapida,Media,Variable,Observacion
PAA,PLAINS ALL AMERICAN PIPELINE LP,Stock,Nasdaq,4610,USD,23.020000457763672,12,8,66.66666666666666,2.0321491370607934,2.076769185966581,-3.4381272650828634,2026-05-01,15.5,14.75,6.386369413502032,82.63250897290847,65.21872570154821,163.1280864811931,52.40694995929874,31.90255634525546,31.90255634525546,84.5,66.66666666666666,93.61363058649796,71.42419372503548,Rapida,Media,Estable,Rentable pero lento
SCZ,iShares MSCI EAFE Small-Cap ETF,ETF/Fund,US Listed,,USD,85.05000305175781,3,2,66.66666666666666,1.592720568573026,1.486580678972255,-1.2872383915761485,2026-06-15,15.5,15.5,3.5355339059327378,53.08973768174264,53.08973768174264,65.76967776713664,17.932143238842457,25.004000323834592,25.004000323834592,84.5,66.66666666666666,96.46446609406726,71.41239048268311,Rapida,Media,Muy estable,Rentable pero lento
QAT,iShares MSCI Qatar ETF,ETF/Fund,US Listed,,USD,18.600000381469727,3,2,66.66666666666666,2.310287666122476,2.3839779220422628,-0.9940080811370557,2026-06-15,16.0,16.0,7.0710678118654755,62.70050591120911,62.70050591120911,88.22046659507663,36.09067451035361,35.13562492227932,35.13562492227932,84.0,66.66666666666666,92.92893218813452,71.44962749434265,Rapida,Media,Estable,Rentable pero lento
AHL-PE,ASPEN INSURANCE HOLDINGS LTD,Stock,NYSE,6331,USD,19.540000915527344,6,4,66.66666666666666,1.7170738860365171,1.7331033151429194,-1.5562609837248444,2026-06-15,16.0,27.0,28.61235164516658,54.03519268840162,50.36068001474674,102.60384732628654,40.33446427695946,26.113832016805365,26.113832016805365,84.0,66.66666666666666,71.38764835483342,67.62522113926153,Rapida,Media,Variable,Rentable pero lento
NTRSO,"Northern Trust Corporation Depositary Shares Each Representing a 1/1,000th Interest in a Share of Series E Non-Cumulative Perpetual Preferred Stock",ETF/Fund,,,USD,18.559999465942383,6,4,66.66666666666666,1.4922167870552767,1.5037192785086146,-1.5614469465520784,2026-06-15,16.0,14.5,6.95221787153807,59.50607224841996,50.6764349625909,106.15717420834176,32.714998016138615,22.694130303132333,22.694130303132333,84.0,66.66666666666666,93.04778212846193,70.64938410632456,Rapida,Media,Estable,Observacion
VBCJ,Vanguard Target Maturity 2036 Corporate Bond ETF,ETF/Fund,US Listed,,USD,75.66000366210938,3,2,66.66666666666666,0.428909787932094,0.417227292159627,-0.4665673541911424,2026-07-01,16.0,16.0,14.142135623730951,24.392743972557707,24.392743972557707,42.74303953869148,25.95123686318125,6.523003024800595,6.523003024800595,84.0,66.66666666666666,85.85786437626905,68.50758944437246,Rapida,Media,Estable,Observacion
OZKAP,Bank OZK 4.625% Series A Non-Cumulative Perpetual Preferred Stock,Preferred,,,USD,16.799999237060547,6,4,66.66666666666666,1.6827692608807874,1.6859795677689358,-1.7631381499996757,2026-05-01,16.5,29.5,27.718826333979827,49.41634241292675,54.759117011877734,79.31187827486306,29.433470197598567,24.816597180666157,24.816597180666157,83.5,66.66666666666666,72.28117366602018,67.57494531078382,Rapida,Media,Variable,Observacion
NXST,"NEXSTAR MEDIA GROUP, INC.",Stock,Nasdaq,4833,USD,197.3000030517578,12,8,66.66666666666666,0.9728221751181652,0.9486536069878092,-1.9950762822683068,2026-05-15,16.5,20.5,18.585708795431273,81.23352576083782,70.24399562769361,170.1074887631003,70.93681740715549,14.346670461338595,14.346670461338595,83.5,66.66666666666666,81.41429120456873,68.23496585580348,Rapida,Media,Variable,Observacion
BKMS,BNY Mellon Municipal Short Duration ETF,ETF/Fund,US Listed,,USD,25.540000915527344,6,4,66.66666666666666,0.22613324627583187,0.24040230116209255,-0.1625365884450112,2026-07-01,16.5,17.0,12.192894105447921,7.567179462282737,7.392504200070038,12.433358826018532,4.768658868272325,3.3348943390173185,3.3348943390173185,83.5,66.66666666666666,87.80710589455208,68.44719913045864,Rapida,Media,Estable,Observacion
ARLP,ALLIANCE RESOURCE PARTNERS LP,Stock,Nasdaq,1221,USD,25.549999237060547,12,8,66.66666666666666,2.427153343125077,2.422493841922309,-2.9399458144026216,2026-05-08,17.0,26.0,26.0,102.51930039304021,102.21912357620815,184.43313973823155,71.82345184012574,34.74160667610404,34.74160667610404,83.0,66.66666666666666,74.0,68.42715334312506,Rapida,Media,Variable,Rentable pero lento
IFGL,iShares International Developed Real Estate ETF,ETF/Fund,US Listed,,USD,22.96999931335449,6,4,66.66666666666666,0.951259230099431,0.9733528810294663,-1.0408642938931933,2026-06-15,17.0,17.0,10.954451150103322,40.442417183277065,33.768530619552834,86.67948278615235,38.70742844360321,13.61606348965852,13.61606348965852,83.0,66.66666666666666,89.04554884989668,69.20809155758391,Rapida,Media,Estable,Observacion
VBCH,Vanguard Target Maturity 2034 Corporate Bond ETF,ETF/Fund,US Listed,,USD,75.62000274658203,3,2,66.66666666666666,0.4357806782353066,0.4266490593399789,-0.4976490380166155,2026-07-01,17.0,17.0,15.556349186104045,18.779482379013846,18.779482379013846,30.79346895941402,16.99034276017029,6.237645002191642,6.237645002191642,83.0,66.66666666666666,84.44365081389596,68.00232830031969,Rapida,Media,Variable,Observacion
VBCI,Vanguard Target Maturity 2035 Corporate Bond ETF,ETF/Fund,US Listed,,USD,75.72000122070312,3,2,66.66666666666666,0.4223563808022981,0.4179873149730795,-0.4464082239113272,2026-07-01,17.0,17.0,15.556349186104045,26.39104187988411,26.39104187988411,46.3037918078459,28.16088101226743,6.045493293836814,6.045493293836814,83.0,66.66666666666666,84.44365081389596,67.98890400288668,Rapida,Media,Variable,Observacion
VBCG,Vanguard Target Maturity 2033 Corporate Bond ETF,ETF/Fund,US Listed,,USD,75.47000122070312,3,2,66.66666666666666,0.39523714303926316,0.382337390710738,-0.3462349210747003,2026-07-01,17.0,17.0,15.556349186104045,19.413182515351714,19.413182515351714,32.8083327199839,18.943603089415575,5.657315968993373,5.657315968993373,83.0,66.66666666666666,84.44365081389596,67.96178476512365,Rapida,Media,Variable,Observacion
VBCF,Vanguard Target Maturity 2032 Corporate Bond ETF,ETF/Fund,US Listed,,USD,75.66999816894531,3,2,66.66666666666666,0.2930827312936171,0.3639599232514697,-0.34974874717667404,2026-07-01,17.0,17.0,15.556349186104045,17.111535412572326,17.111535412572326,29.13497273798738,17.003708131944858,4.195105761653735,4.195105761653735,83.0,66.66666666666666,84.44365081389596,67.85963035337801,Rapida,Media,Variable,Observacion
AIRTP,"Air T, Inc. Air T Funding Alpha Income Trust Preferred Securities",ETF/Fund,,,USD,20.448999404907227,6,4,66.66666666666666,2.627013567028642,2.607573039972901,-2.8578442760918694,2026-05-14,18.0,25.5,27.35568192045911,236.7346165923493,74.77938011094903,765.4313611586537,353.773625947024,35.513331554276085,35.513331554276085,82.0,66.66666666666666,72.6443180795409,68.12366127895977,Rapida,Media,Variable,Rentable pero lento
BSJS,Invesco BulletShares 2028 High Yield Corporate Bond ETF,ETF/Fund,US Listed,,USD,21.86000061035156,18,12,66.66666666666666,0.5263314214457266,0.5280763482076123,-0.4233311329073864,2026-06-22,18.0,22.083333333333332,18.56418023718763,20.60279621808011,13.777711288550467,58.99283104051952,18.88386399948545,7.115221067692229,7.115221067692229,82.0,66.66666666666666,81.43581976281237,67.34170438586759,Rapida,Media,Variable,Observacion
NEWTP,"NewtekOne, Inc. Depositary Shares, Non-Cumulative Perpetual Preferred Stock, Series B",Preferred,,,USD,25.06999969482422,3,2,66.66666666666666,2.208904681640915,2.224665069807924,-1.6483444344015998,2026-06-24,18.5,18.5,3.5355339059327378,47.29095118504833,47.29095118504833,52.660810342047206,7.594127647861169,29.05406157833996,29.05406157833996,81.5,66.66666666666666,96.46446609406726,71.128574595751,Rapida,Media,Muy estable,Rentable pero lento
AB,ALLIANCEBERNSTEIN HOLDING L.P.,Stock,NYSE,6282,USD,39.810001373291016,6,4,66.66666666666666,2.1986240405753925,2.1115714177814047,-2.0114149901943557,2026-05-08,18.5,32.0,33.33666650001667,79.3916954594991,76.33981038498624,153.55969774595434,59.32765887532868,28.918838731892553,28.918838731892553,81.5,66.66666666666666,66.66333349998334,66.64812406557289,Rapida,Media,Variable,Rentable pero lento
VBCD,Vanguard Target Maturity 2030 Corporate Bond ETF,ETF/Fund,US Listed,,USD,75.52999877929688,3,2,66.66666666666666,0.27349865323922046,0.3343469090966308,-0.2888641988327861,2026-07-01,18.5,18.5,17.67766952966369,11.03993930202229,11.03993930202229,18.14321338403586,10.04554654403689,3.597369673236593,3.597369673236593,81.5,66.66666666666666,82.32233047033631,67.07184822378966,Rapida,Media,Variable,Observacion
VBCA,Vanguard Target Maturity 2027 Corporate Bond ETF,ETF/Fund,US Listed,,USD,75.66999816894531,3,2,66.66666666666666,0.24645307492367052,0.3150522079671973,-0.25115210767035445,2026-07-01,18.5,18.5,17.67766952966369,9.173855226088856,9.173855226088856,14.638224777725226,7.727785529742744,3.241635039536567,3.241635039536567,81.5,66.66666666666666,82.32233047033631,67.0448026454741,Rapida,Media,Variable,Observacion
FDUS,FIDUS INVESTMENT Corp,Stock,Nasdaq,0,USD,18.61000061035156,12,8,66.66666666666666,2.7761095968583347,2.6755218512744205,-3.299392821626773,2026-06-16,19.0,18.75,5.725881092523166,84.38713819915502,67.03410421783815,140.8578078209584,34.918303180436624,35.55368431064183,35.55368431064183,81.0,66.66666666666666,94.27411890747683,71.21722743297985,Rapida,Media,Estable,Rentable pero lento
BHFAN,"Brighthouse Financial, Inc. Depositary shares, each representing a 1/1,000th interest in a share of 5.375% Non-Cumulative Preferred Stock, Series C",Preferred,,,USD,12.300000190734863,6,4,66.66666666666666,2.341840520757573,2.395004624233497,-2.6962382743852564,2026-06-10,19.0,18.25,13.098982148752373,83.0191082300211,76.29257759674061,145.97284889097887,57.3787795250203,29.991992634263646,29.991992634263646,81.0,66.66666666666666,86.90101785124763,69.67699319844472,Rapida,Media,Estable,Rentable pero lento
ESGD,iShares ESG Aware MSCI EAFE ETF,ETF/Fund,US Listed,,USD,103.7699966430664,3,2,66.66666666666666,1.7545967529260098,1.8310967293125475,-1.5339769517572683,2026-06-15,19.0,19.0,2.8284271247461903,46.37913770161026,46.37913770161026,50.06920352246196,5.218541129897879,22.47115139712258,22.47115139712258,81.0,66.66666666666666,97.17157287525382,70.63033268421407,Rapida,Media,Muy estable,Observacion
AOHY,Angel Oak High Yield Opportunities ETF,ETF/Fund,US Listed,,USD,11.06999969482422,18,12,66.66666666666666,0.5413041687238107,0.5345436868900241,-0.46891689544257315,2026-06-30,19.0,22.166666666666668,15.907878741699223,45.14367741894832,13.859035986958439,376.2900577085912,104.79136290219219,6.9324919854102065,6.9324919854102065,81.0,66.66666666666666,84.09212125830078,67.45512235746892,Rapida,Media,Variable,Observacion
CONX,Direxion Daily COIN Bull 2X ETF,ETF/Fund,US Listed,,USD,6.671999931335449,3,2,66.66666666666666,0.4709669264734133,0.4754196691613426,-11.289836468671078,2026-06-23,19.5,19.5,7.7781745930520225,62.58673876486405,62.58673876486405,115.12241972155572,74.29667251745929,5.877023185052849,5.877023185052849,80.5,66.66666666666666,92.22182540694797,68.45424073751559,Rapida,Media,Estable,Observacion
LX,LexinFintech Holdings Ltd. American Depositary Shares,Preferred,,,USD,2.309999942779541,3,2,66.66666666666666,4.223346627675168,2.9800306171927997,-3.6400953137911127,2026-04-24,20.0,20.0,19.79898987322333,230.6588411539883,230.6588411539883,308.8857479362165,110.62955251392297,51.384050636714534,51.384050636714534,80.0,66.66666666666666,80.20101012677667,70.25349814669167,Rapida,Media,Variable,Rentable pero lento
PSBD,Palmer Square Capital BDC Inc.,Stock,NYSE,0,USD,10.800000190734863,6,4,66.66666666666666,3.2523990276503305,3.3991733657893843,-3.6261718873712034,2026-06-26,20.0,33.25,32.77575323314477,91.25015647034402,88.77444583975524,172.30521116880658,64.8687238249004,39.57085483641235,39.57085483641235,80.0,66.66666666666666,67.22424676685523,67.33603604267861,Rapida,Media,Variable,Rentable pero lento
ERET,iShares Environmentally Aware Real Estate ETF,ETF/Fund,US Listed,,USD,29.351999282836918,3,2,66.66666666666666,1.5645405479662038,1.2418762528837917,-1.890966388844021,2026-06-15,20.0,20.0,14.142135623730951,46.592138558669035,46.592138558669035,60.10301490364104,19.10726456660524,19.03524333358881,19.03524333358881,80.0,66.66666666666666,85.85786437626905,68.44322020440656,Rapida,Media,Estable,Observacion
CNXC,Concentrix Corp,Stock,Nasdaq,7389,USD,26.774999618530277,12,8,66.66666666666666,0.8090724385711257,0.7039986671138405,-1.8893836260319308,2026-04-24,20.0,25.0,23.688454089341864,158.78896889991614,115.51312282336062,333.14975126928573,111.5756585377198,9.84371466928203,9.84371466928203,80.0,66.66666666666666,76.31154591065814,66.25580432516985,Rapida,Media,Variable,Observacion
AGNCZ,"AGNC Investment Corp. Depositary Shares Each Representing a 1/1,000th Interest in a Share of 8.75% Series H Fixed-Rate Cumulative Redeemable Preferred Stock",Preferred,,,USD,25.350000381469727,3,2,66.66666666666666,2.4213639484529654,2.171882420063308,-1.70913339067802,2026-07-01,21.0,21.0,8.48528137423857,48.71733348804122,48.71733348804122,56.71454471512939,11.309764578510473,28.057074323343876,28.057074323343876,79.0,66.66666666666666,91.51471862576143,69.84857174231718,Rapida,Media,Estable,Rentable pero lento
CAPL,CrossAmerica Partners LP,Stock,NYSE,5172,USD,21.270000457763672,6,4,66.66666666666666,2.352002036599148,2.3821773529213965,-4.154660005265735,2026-05-04,21.5,30.75,30.73949685122817,90.37797021663937,89.73824421322094,164.4528420390749,68.44863467887532,26.619557933602756,26.619557933602756,78.5,66.66666666666666,69.26050314877183,66.29107750891492,Media,Media,Variable,Rentable pero lento
ORCU,Direxion Daily ORCL Bull 2X ETF,ETF/Fund,US Listed,,USD,12.079999923706056,3,2,66.66666666666666,0.43334898437169417,0.5216887450166965,-8.389934720431325,2026-06-23,21.5,21.5,0.7071067811865476,128.6520887786399,128.6520887786399,153.92521902185655,35.74160355357864,4.90456990064088,4.90456990064088,78.5,66.66666666666666,99.29289321881345,68.87728296719371,Media,Media,Muy estable,Observacion
TPVG,TriplePoint Venture Growth BDC Corp.,Stock,NYSE,0,USD,5.389999866485596,6,4,66.66666666666666,4.044138729189579,4.112964110694508,-4.314864314741698,2026-06-16,22.5,30.0,31.25166662222459,499.10882021661484,83.81550142297776,1804.180578042647,870.6218795673853,43.73661144160581,43.73661144160581,77.5,66.66666666666666,68.74833337777541,67.60638873585589,Media,Media,Variable,Rentable pero lento
BPYPN,"Brookfield Property Partners L.P. 5.750% Class A Cumulative Redeemable Perpetual Preferred Units, Series 3",Preferred,,,USD,13.899999618530272,6,4,66.66666666666666,2.6039005921974807,2.5995340446334314,-1.9244058552554275,2026-06-01,22.5,25.25,20.854655755170516,113.02998305761892,48.77268919582015,332.067256316423,146.560770965767,28.160702700802382,28.160702700802382,77.5,66.66666666666666,79.14534424482949,67.7257022289219,Media,Media,Variable,Rentable pero lento
REGCO,Regency Centers Corporation 5.875% Series B Cumulative Redeemable Preferred Stock,Preferred,,,USD,22.65999984741211,6,4,66.66666666666666,1.6063132397790676,1.617626181763244,-0.8501064577456208,2026-04-15,22.5,22.0,20.049937655763422,189.75546629516475,58.02759079066753,627.5673366383879,293.913716356226,17.37198022279584,17.37198022279584,77.5,66.66666666666666,79.95006234423658,66.84882259141456,Media,Media,Variable,Observacion
ACGLN,"Arch Capital Group Ltd. Depositary Shares, each Representing a 1/1,000th Interest in a 4.550% Non-Cumulative Preferred Share, Series G",Preferred,,,USD,16.360000610351562,6,4,66.66666666666666,1.63816312768929,1.6514233870226054,-1.5111191292709003,2026-06-15,23.0,22.25,11.954775893619532,39.28285006756336,35.615612252946356,65.05302638575682,21.697632717162534,17.3312910610606,17.3312910610606,77.0,66.66666666666666,88.04522410638047,67.94494674364636,Media,Media,Estable,Observacion
CZWI,Citizens Community Bancorp Inc.,Stock,Nasdaq,6035,USD,21.07999992370605,6,4,66.66666666666666,1.103901332738319,0.5494505319017273,-0.5244379483968307,2026-05-08,23.5,23.5,25.98076211353316,376.35139854314457,376.35139854314457,735.8865710259807,415.155457232208,11.43046770069465,11.43046770069465,76.5,66.66666666666666,74.01923788646684,65.15678701570833,Media,Media,Variable,Observacion
VTS,"Vitesse Energy, Inc.",Stock,NYSE,1311,USD,17.149999618530273,6,4,66.66666666666666,2.3772290358297608,2.3290538496527167,-4.211625181827959,2026-06-15,24.0,27.75,26.750389405265363,153.62241660867357,83.15349056609755,427.86512736071217,191.29264243425354,24.102461057718404,24.102461057718404,76.0,66.66666666666666,73.24961059473463,66.16467062503995,Media,Media,Variable,Observacion
REGCP,Regency Centers Corporation 6.25% Series A Cumulative Redeemable Preferred Stock,Preferred,,,USD,23.38500022888184,6,4,66.66666666666666,1.6493155765499015,1.6590788090772897,-1.5585338707375331,2026-04-15,24.5,21.25,13.32603967176045,107.92353853978814,36.89517559505221,339.6196328637959,155.117948930371,16.380957426958204,16.380957426958204,75.5,66.66666666666666,86.67396032823954,67.30040962578582,Media,Media,Estable,Observacion
APAM,Artisan Partners Asset Management Inc.,Stock,NYSE,6282,USD,37.2599983215332,6,4,66.66666666666666,2.29723109808777,2.0454719911309023,-2.36269428775336,2026-05-15,25.0,27.75,25.22399651125888,113.35094225284777,87.70626915458433,263.5970973865236,120.48943773876906,22.359716021387623,22.359716021387623,75.0,66.66666666666666,74.77600348874113,66.01363162139893,Media,Media,Variable,Observacion
MBINL,"Merchants Bancorp Depositary Shares, Each Representing a 1/40thInterest in a Share of 7.25% Fixed Rate Series E Non-CumulativePerpetual Preferred Stock, without par value",Preferred,,,USD,24.700000762939453,6,4,66.66666666666666,1.971279878440065,1.9671336457052115,-1.450137720751535,2026-06-15,25.0,27.5,21.97726097583591,67.48173544057593,36.15609081711142,183.42304180552856,78.1989599761597,19.187124150149963,19.187124150149963,75.0,66.66666666666666,78.02273902416408,66.17469073206469,Media,Media,Variable,Observacion
SIGIP,"Selective Insurance Group, Inc. Depositary Shares, each representing a 1/1,000th interest in a share of 4.60% Non-Cumulative Preferred Stock, Series B",Preferred,,,USD,16.527999877929688,6,4,66.66666666666666,1.6587641620910636,1.6709132149258021,-2.207358471961253,2026-05-29,25.0,27.25,25.157835094989128,90.19706157781903,52.91362867760774,239.56134666062337,104.76489594475102,16.145304511019685,16.145304511019685,75.0,66.66666666666666,74.84216490501088,65.38508889784269,Media,Media,Variable,Observacion
CLOA,iShares AAA CLO Active ETF,ETF/Fund,US Listed,,USD,51.90999984741211,18,12,66.66666666666666,0.4229464877492368,0.42804347433342266,-0.3609110385915175,2026-07-01,25.5,29.0,13.341664064126334,7.3883556271080195,6.573515625616881,21.641522121515163,4.812509852726611,4.035959948456768,4.035959948456768,74.5,66.66666666666666,86.65833593587367,65.77169687813029,Media,Media,Estable,Observacion
UYLD,Angel Oak UltraShort Income ETF,ETF/Fund,US Listed,,USD,51.20000076293945,18,12,66.66666666666666,0.40137497055593974,0.4024316974462323,-0.3590010075366243,2026-06-30,29.0,34.666666666666664,13.976170195491084,4.8483480371825145,4.791763579204593,7.671326389192693,1.5515439491721317,3.367858948342942,3.367858948342942,71.0,66.66666666666666,86.02382980450892,64.60494944123226,Media,Media,Estable,Observacion
HBANM,Huntington Bancshares Incorporated Depositary Shares each representing a 1/1000th interest in a share of Huntington Series I Preferred Stock,Preferred,,,USD,22.690000534057617,6,4,66.66666666666666,1.5521753457710439,1.54790716199004,-1.5759105687691937,2026-05-15,29.5,37.25,33.92516273603808,45.92131287849062,28.297202717982678,119.52255858955134,50.30202958448187,12.803254264552113,12.803254264552113,70.5,66.66666666666666,66.07483726396191,62.61340093536532,Media,Media,Variable,Observacion
VLYPN,"Valley National Bancorp 8.250% Fixed-Rate Reset Non-Cumulative Perpetual Preferred Stock, Series C",Preferred,,,USD,25.950000762939453,6,4,66.66666666666666,1.998885014793218,1.9958785226189968,-1.362844990280027,2026-06-15,30.0,28.5,19.017535767461215,70.63989931408372,31.04391392699285,204.2220371892948,89.32764984696705,16.213178453322765,16.213178453322765,70.0,66.66666666666666,80.98246423253879,65.14625464967403,Media,Media,Variable,Observacion
LIEN,"Chicago Atlantic BDC, Inc.",Stock,Nasdaq,0,USD,10.399999618530272,12,8,66.66666666666666,3.183370007587902,3.1729782088150076,-3.4659328375362706,2026-06-26,31.5,33.75,26.751501960504147,107.90004973344662,78.85830504611637,256.14061957911446,103.1410299089207,24.591112227927702,24.591112227927702,68.5,66.66666666666666,73.24849803949586,64.72064471351227,Media,Media,Variable,Observacion
CNMD,CONMED Corp,Stock,NYSE,3845,USD,52.900001525878906,3,2,66.66666666666666,0.36128180559974404,0.3638348109126016,-1.366744781285196,2025-09-15,31.5,31.5,43.1335136523794,170.73939639269045,170.73939639269045,336.9807660086678,235.10079953839372,2.790854159659398,2.790854159659398,68.5,66.66666666666666,56.8664863476206,59.44125475774283,Media,Media,Muy variable,Observacion
FGBIP,"First Guaranty Bancshares, Inc. 6.75% Series A Fixed-Rate Non-Cumulative Perpetual Preferred Stock",Preferred,,,USD,20.5,6,4,66.66666666666666,2.2262827700870766,2.1456985777549873,-1.845297631914627,2026-05-15,32.0,30.5,26.714540360385516,105.33610698946006,56.55117487792664,290.1636681905607,125.96677829839682,16.929025230870476,16.929025230870476,68.0,66.66666666666666,73.28545963961449,63.61910171602924,Media,Media,Variable,Observacion
WAFDP,"WaFd, Inc. Depositary Shares",Preferred,,,USD,16.739999771118164,6,4,66.66666666666666,1.8361753473147324,1.8228428285205345,-2.6797347900717123,2026-06-30,34.5,34.75,18.89223826513594,31.219700076877185,21.15609040105579,69.98461585979405,26.240562592295223,12.950801966567676,12.950801966567676,65.5,66.66666666666666,81.10776173486406,63.652339607544334,Media,Media,Variable,Observacion
TRTN-PA,Triton International Ltd,Stock,NYSE,7359,USD,26.040000915527344,6,4,66.66666666666666,2.053762979133197,2.0472073967280364,-1.6498828886242503,2026-06-08,35.5,35.75,19.13765920900464,29.186419279509842,22.77356975869818,58.60640517867244,20.382474137116763,14.077436382790927,14.077436382790927,64.5,66.66666666666666,80.86234079099536,63.533114097782494,Media,Media,Variable,Observacion
WSBCO,"WesBanco, Inc. Depositary Shares each representing 1/40th interest in a share of 7.375% Fixed-Rate Reset Non-Cumulative Perpetual Preferred Stock, Series B",Preferred,,,USD,25.84000015258789,3,2,66.66666666666666,1.8759309719582635,1.7836687201174053,-1.5091632551271603,2026-06-05,35.5,35.5,30.405591591021544,39.488886211164115,39.488886211164115,64.83558751472874,35.845648744920915,12.85849398619279,12.85849398619279,64.5,66.66666666666666,69.59440840897845,61.665092233305025,Media,Media,Variable,Observacion
TPG,TPG Inc.,Stock,Nasdaq,6282,USD,44.619998931884766,12,8,66.66666666666666,0.9995906639312787,0.9177047518687191,-2.7027982655109137,2026-05-11,36.5,28.25,16.960037061954115,80.5010214304648,13.500078299121158,283.8258217238411,125.50001571493526,6.663937759541857,6.663937759541857,63.5,66.66666666666666,83.03996293804589,62.50558510463816,Media,Media,Variable,Observacion
SXYD.L,GLOBAL X ETFS ICAV GLOBAL X STO,ETF/Fund,London Stock Exchange,Europe,GBP,12.928000450134276,3,2,66.66666666666666,0.9058712130536222,0.9627432502790516,-0.9249988119231364,2026-06-04,37.0,37.0,19.79898987322333,12.861226953057592,12.861226953057592,17.389427373905388,6.40384244830651,5.95753140116346,5.95753140116346,63.0,66.66666666666666,80.20101012677667,61.83602273207011,Media,Media,Variable,Observacion
OXLCL,Oxford Lane Capital Corp. 6.75% Notes due 2031,Note/Bond,,,USD,24.61000061035156,6,4,66.66666666666666,1.7491546087145895,1.7469308563657688,-0.6756685513885786,2026-06-15,37.5,35.5,29.8496231131986,177.42972140126213,22.728312955839023,654.1392056549563,317.97907312765636,11.35006990543689,11.35006990543689,62.5,66.66666666666666,70.1503768868014,61.0217111417348,Media,Media,Variable,Observacion
CHSCM,"CHS Inc Class B Reset Rate Cumulative Redeemable Preferred Stock, Series 3",Preferred,,,USD,25.049999237060547,6,4,66.66666666666666,1.6840258329714966,1.6848719552365696,-1.493142585882594,2026-06-15,37.5,37.75,24.5,32.00326744700155,18.976647250576356,77.48610864382164,30.471762475407765,10.927456516170595,10.927456516170595,62.5,66.66666666666666,75.5,61.7590258329715,Media,Media,Variable,Observacion
AESI,Atlas Energy Solutions Inc.,Stock,NYSE,1311,USD,12.0600004196167,3,2,66.66666666666666,1.7024830613824458,1.888217555300506,-5.032066699369675,2025-08-14,39.5,39.5,53.033008588991066,343.21033566581536,343.21033566581536,675.4151040405394,469.80848892054735,10.48787033594249,10.48787033594249,60.5,66.66666666666666,46.966991411008934,56.897531773033776,Media,Media,Muy variable,Observacion
VLYPP,"Valley National Bancorp 6.25% Fixed-to-Floating Rate Non-Cumulative Perpetual Preferred Stock, Series A",Preferred,,,USD,25.020000457763672,6,4,66.66666666666666,1.859008378572206,1.9682109504016458,-1.3978837239283453,2026-06-15,40.0,39.75,17.969882210706523,19.7203716201433,17.912384539629578,30.772576696404847,8.56010518744959,11.30896763631425,11.30896763631425,60.0,66.66666666666666,82.03011778929348,62.163526046966226,Media,Media,Variable,Observacion
EPM,EVOLUTION PETROLEUM CORP,Stock,NYSE,1311,USD,4.159999847412109,6,4,66.66666666666666,2.5573273158527807,2.4745368096670086,-4.626011171103972,2026-06-15,40.5,44.25,36.80919269240589,94.16088265204478,30.592935265022447,302.954987110357,139.68999327189098,15.365011856564031,15.365011856564031,59.5,66.66666666666666,63.19080730759411,59.88594841199189,Media,Media,Muy variable,Observacion
GECCI,Great Elm Capital Corp. 8.50% NOTES DUE 2029,Note/Bond,,,USD,25.57999992370605,6,4,66.66666666666666,2.078821817267929,2.0788456767942067,-1.2341803877968993,2026-06-15,41.0,44.0,39.614812044654876,81.17462572498289,32.58711372809071,249.8718472399157,113.82898650521854,12.337722980533236,12.337722980533236,59.0,66.66666666666666,60.385187955345124,58.83660001056969,Media,Media,Muy variable,Observacion
OXLCI,Oxford Lane Capital Corp. 8.75% Notes due 2030,Note/Bond,,,USD,25.86000061035156,6,4,66.66666666666666,2.1164286263387457,2.1151615160076433,-1.7458768758733585,2026-06-15,41.5,43.0,8.831760866327848,19.03087951587346,19.276481433054194,23.63330006667507,3.980240194685207,12.409581503833609,12.409581503833609,58.5,66.66666666666666,91.16823913367216,63.34166449638957,Media,Media,Estable,Observacion
GECC,Great Elm Capital Corp.,Stock,Nasdaq,0,USD,6.159999847412109,12,8,66.66666666666666,4.068771861590433,3.7295884586596872,-6.699630454827389,2026-06-15,47.0,46.75,32.39378247221437,82.17848414256359,43.679291916258634,220.9181969028589,87.49206968945664,21.065272758588762,21.065272758588762,53.0,66.66666666666666,67.60621752778563,60.10970449075827,Media,Media,Variable,Observacion
AGNCM,AGNC Investment Corp. Depositary Shares rep 6.875% Series D Fixed-to-Floating Cumulative Redeemable Preferred Stock,Preferred,,,USD,25.0,6,4,66.66666666666666,2.1794229035818184,2.178746000469843,-1.5219621933532945,2026-07-01,47.0,48.5,38.759944960401235,35.114248313716644,31.81298593778285,66.54005535358468,29.058914950207086,11.283537018544164,11.283537018544164,53.0,66.66666666666666,61.240055039598765,57.26543115952162,Media,Media,Muy variable,Observacion
MBINM,"Merchants Bancorp Depositary Shares, Each Representing a 1/40th Interest in a Share of 8.25% Fixed-Rate Reset Series D Non-Cumulative Perpetual Preferred Stock",Preferred,,,USD,25.56999969482422,6,4,66.66666666666666,2.0316882111719643,2.0307588454706957,-0.8310018700023712,2026-06-15,48.5,47.75,34.711909579662525,75.35777519125705,18.247920613244347,255.67537822265624,120.30012345995246,10.193349788010542,10.193349788010542,51.5,66.66666666666666,65.28809042033748,57.274901774222585,Media,Media,Variable,Observacion
XOMAO,XOMA Royalty Corporation Depositary Shares Rep Series B 8.375% Cumulative Preferred Stock,Preferred,,,USD,25.96500015258789,6,4,66.66666666666666,2.040573331341618,2.0442489439660347,-1.118399394514303,2026-04-02,51.5,49.75,46.628853728137045,75.23483779329483,32.45263681186661,225.8854988655812,102.53807841635603,9.641543895659423,9.641543895659423,48.5,66.66666666666666,53.371146271862955,54.59624527212106,Media,Media,Muy variable,Observacion
NEWTG,"NewtekOne, Inc. 8.50% Fixed Rate Senior Notes due 2029",Note/Bond,,,USD,25.549999237060547,3,2,66.66666666666666,2.079023828721388,2.079256422166213,-1.949134874484402,2026-05-29,55.0,55.0,32.526911934581186,16.78775218709329,16.78775218709329,23.716518565333374,9.798755382621838,9.198105424040078,9.198105424040078,45.0,66.66666666666666,67.4730880654188,55.69998703853421,Media,Media,Variable,Observacion
NEWTI,"NewtekOne, Inc. 8.00% Fixed Rate Senior Notes due 2028",Note/Bond,,,USD,25.545000076293945,3,2,66.66666666666666,1.9652980428780193,1.96695514751901,-1.3828976816864573,2026-05-29,55.5,55.5,41.71930009000631,19.582688659428744,19.582688659428744,27.6783541021116,11.448999865477282,8.616622049855579,8.616622049855579,44.5,66.66666666666666,58.28069990999369,54.05740302937707,Media,Media,Muy variable,Observacion
VIASP,"Via Renewables, Inc.",Stock,Nasdaq,4931,USD,25.739999771118164,9,6,66.66666666666666,2.6947084523005866,2.6928750248040023,-1.8729913954606328,2026-04-01,56.0,63.0,22.57432169523594,20.55186834543889,17.56097693782378,33.22484928151068,10.256950815606624,11.709149822496595,11.709149822496595,44.0,66.66666666666666,77.42567830476406,57.50856019801519,Media,Media,Variable,Observacion
VALU,VALUE LINE INC,Stock,Nasdaq,6282,USD,35.900001525878906,12,8,66.66666666666666,0.831896923443226,0.8292958618626682,-1.4867214626094756,2026-04-27,57.5,49.5,30.523995244959103,192.27911476349945,10.65402566538198,741.7565823275953,339.1590081983696,3.520491328194521,3.520491328194521,42.5,66.66666666666666,69.47600475504089,54.00329763669936,Media,Media,Variable,Observacion
SJCP,SanJac Alpha Core Plus Bond ETF,ETF/Fund,US Listed,,USD,25.05500030517578,6,4,66.66666666666666,0.924598025358016,0.9266680413129471,-0.8821051219961755,2026-06-16,69.5,62.25,17.03672503740082,6.954335580916549,6.034997277520839,12.975421432708025,4.356809805663383,3.237201719478905,3.237201719478905,30.5,66.66666666666666,82.96327496259917,52.51908926974789,Lenta,Media,Variable,Observacion
WHFCL,"WhiteHorse Finance, Inc. 7.875% Notes due 2028",Note/Bond,,,USD,25.5,3,2,66.66666666666666,1.925624681917302,1.9263699205363447,-1.783745711975192,2025-12-01,79.0,79.0,15.556349186104045,9.399079505305153,9.399079505305153,10.970340383159323,2.2220984434876248,5.931249020251604,5.931249020251604,21.0,66.66666666666666,84.44365081389596,50.89217230400169,Lenta,Media,Variable,Observacion
ONBPO,"Old National Bancorp Depositary Shares, Each Representing a 1/40th Interest in a Share of Series C Preferred Stock",Preferred,,,USD,25.18000030517578,6,4,66.66666666666666,1.7294348133628052,1.728021650151322,-1.4519906570716488,2026-05-05,79.0,67.0,29.58603274069258,13.747438875587726,9.253095236061174,28.640367819379225,9.982496379508438,5.326951112889653,5.326951112889653,21.0,66.66666666666666,70.41396725930741,48.59152990225892,Lenta,Media,Variable,Observacion
YQQQ,YieldMax Short N100 Option Income Strategy ETF,ETF/Fund,US Listed,,USD,10.062999725341797,47,31,65.95744680851064,0.811353881686288,0.5152531183558396,-0.5813649585701263,2026-06-25,1.0,7.451612903225806,13.248493523610952,267.5109326765037,167.29122575124106,1553.8279448565313,313.31538725533204,195.32913130383722,195.32913130383722,99.0,65.95744680851064,86.75150647638905,73.20493091697443,Muy rapida,Media,Estable,Rentable pero lento
DYFI,IDX Dynamic Fixed Income ETF,ETF/Fund,US Listed,,USD,22.780000686645508,17,11,64.70588235294117,0.36387740481586084,0.3531981769622052,-0.3305467280507927,2026-06-24,8.0,19.545454545454547,24.10130136056406,16.736888536734394,13.598144705892349,41.10241102602655,12.090425187476743,10.742410149527068,10.742410149527068,92.0,64.70588235294117,75.89869863943593,68.46632925955478,Rapida,Media,Variable,Observacion
AIPI,REX AI Equity Premium Income ETF,ETF/Fund,US Listed,,USD,37.18000030517578,22,14,63.63636363636363,2.292816552761726,2.8970618605271907,-2.2276808867542957,2026-07-01,10.5,11.428571428571429,7.802507345662731,175.39814356284464,82.56652218013838,1132.9859881893765,281.49989752388535,50.71988131866848,50.71988131866848,89.5,63.63636363636363,92.19749265433727,71.60880408727594,Rapida,Media,Estable,Rentable pero lento
DFGP,Dimensional Global Core Plus Fixed Income ETF,ETF/Fund,US Listed,,USD,54.68999862670898,8,5,62.5,0.5651201021985446,0.5690677731240661,-0.5798290517553656,2026-06-23,3.0,14.0,24.207436873820406,28.844083712558803,18.02535778349424,63.13565381352849,23.408304430111638,42.97267443801433,42.97267443801433,97.0,62.5,75.7925631261796,69.15900457112548,Muy rapida,Media,Variable,Rentable pero lento
SEMY,GraniteShares YieldBOOST Semiconductor ETF,ETF/Fund,US Listed,,USD,16.200000762939453,32,20,62.5,2.402352656362481,2.5503377412116537,-2.4778991639056187,2026-06-26,6.0,6.55,7.250952750464844,375.92933388815493,198.4785451056068,1527.3195550233577,407.8398171256147,91.33944995544849,91.33944995544849,94.0,62.5,92.74904724953515,72.63970974379275,Muy rapida,Media,Estable,Rentable pero lento
FIYY,GraniteShares YieldBOOST 20Y Treasuries ETF,ETF/Fund,,,USD,24.559999465942383,8,5,62.5,0.12252282614734025,0.09808570454135235,-0.35072647431840365,2026-06-26,7.0,8.2,2.6832815729997477,6.660185243487282,7.260121605740104,9.276615617056462,2.2395022106634075,3.992931387837428,3.992931387837428,93.0,62.5,97.31671842700025,70.74503059019739,Muy rapida,Media,Muy estable,Observacion
TRBF,Angel Oak Total Return ETF,ETF/Fund,US Listed,,USD,49.75,8,5,62.5,0.4397479045410917,0.41383983570146543,-0.4810438349341466,2026-06-30,12.0,17.4,15.94678651014053,23.549264161449052,12.373017385785497,71.5178715973015,27.19900773264511,8.359790893619712,8.359790893619712,88.0,62.5,84.05321348985947,67.57272992802001,Rapida,Media,Variable,Observacion
GOLI,Defiance Gold Enhanced Options Income ETF,ETF/Fund,,,USD,12.513999938964844,13,8,61.53846153846154,0.5792924955963118,0.579361126712235,-0.9825867102220472,2026-06-25,1.5,3.625,5.180664601601393,309.2667764019225,366.4205266585179,534.3433088951202,207.63824584647813,86.74533780211439,86.74533780211439,98.5,61.53846153846154,94.81933539839861,72.04450049766379,Muy rapida,Media,Estable,Rentable pero lento
BSJR,Invesco BulletShares 2027 High Yield Corporate Bond ETF,ETF/Fund,US Listed,,USD,22.415000915527344,18,11,61.111111111111114,0.4904055295251893,0.48944888361780314,-0.44537020739909955,2026-06-22,19.0,20.545454545454547,12.160293058669566,14.354521220456679,11.75277950480404,44.34537484250378,11.12322730635876,5.757246201881974,5.757246201881974,81.0,61.111111111111114,87.83970694133043,65.46636157072476,Rapida,Media,Estable,Observacion
OBIL,US Treasury 12 Month Bill ETF,ETF/Fund,US Listed,,USD,50.1349983215332,18,11,61.111111111111114,0.3111573709159708,0.30394108829939814,-0.2798586042320062,2026-06-29,24.0,29.09090909090909,15.417227672020319,4.998493065403491,4.655110496804959,9.731619849142822,2.072886860151292,2.8918908431194974,2.8918908431194974,76.0,61.111111111111114,84.58277232797968,63.29857322011293,Media,Media,Variable,Observacion
IBTG,iShares iBonds Dec 2026 Term Treasury ETF,ETF/Fund,US Listed,,USD,22.88999938964844,18,11,61.111111111111114,0.3293673614266829,0.33371431596862294,-0.305385311759257,2026-07-01,26.0,29.363636363636363,10.566671446323364,4.552162332610831,4.7585120614406975,6.56665994378481,1.1942874566281867,2.8256622994190854,2.8256622994190854,74.0,61.111111111111114,89.43332855367663,63.44436664447818,Media,Media,Estable,Observacion
XBCI,NEOS Boosted Bitcoin High Income ETF,ETF/Fund,US Listed,,USD,37.81999969482422,5,3,60.0,3.264903817023763,3.235591456651964,-1.9885715824886419,2026-06-03,1.0,31.0,51.96152422706632,1488.6430986830426,1580.587300677735,2866.280672761892,1425.83477625596,715.0139359282042,715.0139359282042,99.0,60.0,48.03847577293368,67.17067518296382,Muy rapida,Media,Muy variable,Rentable pero lento
EHLD,Euroholdings Ltd. Common Stock ,Other Unmatched,,,USD,8.899999618530273,5,3,60.0,1.7970288905701026,1.866666666666667,-0.7988081961595228,2026-06-09,3.0,4.333333333333333,4.163331998932265,868.958387722652,237.23306045363333,2204.1090418348604,1156.830011007204,131.1831090116175,131.1831090116175,97.0,60.0,95.83666800106774,72.27252909073026,Muy rapida,Media,Muy estable,Rentable pero lento
XSPI,NEOS Boosted S&P 500 High Income ETF,ETF/Fund,US Listed,,USD,51.150001525878906,5,3,60.0,1.4006284423554347,1.4003511430401747,-0.7248181144862191,2026-06-03,3.0,16.333333333333332,24.846193538112296,411.1181853624236,195.6979755136448,1023.858128097296,538.3860484701954,102.24587629194673,102.24587629194673,97.0,60.0,75.15380646188771,68.77369941163859,Muy rapida,Media,Variable,Rentable pero lento
MKC,MCCORMICK & CO INC,Stock,NYSE,2090,USD,54.33000183105469,5,3,60.0,0.6911376562460372,0.6884944856146927,-1.4820461682935533,2026-04-20,3.0,4.666666666666667,4.725815626252609,231.57011562110233,121.79005982760202,497.01788261891807,231.02663695528798,50.45304890596071,50.45304890596071,97.0,60.0,95.27418437374739,71.08226531230814,Muy rapida,Media,Muy estable,Rentable pero lento
CIGI,Colliers International Group Inc.,Stock,Nasdaq,6500,USD,92.77999877929688,5,3,60.0,0.11826754022853789,0.1146788964069402,-0.598926742062621,2026-06-30,4.0,3.0,1.7320508075688772,170.71986453144288,27.90519812568879,456.349197342951,247.36225828076613,6.475147827512449,6.475147827512449,96.0,60.0,98.26794919243112,70.6584599190932,Muy rapida,Media,Muy estable,Observacion
NOG,"NORTHERN OIL & GAS, INC.",Stock,NYSE,1311,USD,30.81999969482422,5,3,60.0,1.6264973213809761,1.5306122647578997,-2.974806620024209,2026-03-30,6.0,28.666666666666668,41.00406483915141,150.48986122986773,206.9163392546994,233.33359171085436,121.33264622422787,59.36715223040564,59.36715223040564,94.0,60.0,58.99593516084859,65.67588759550827,Muy rapida,Media,Muy variable,Rentable pero lento
ANV,GraniteShares Autocallable NVDA ETF,ETF/Fund,US Listed,,USD,25.239999771118164,5,3,60.0,1.3878055676124723,1.39299837988544,-0.9229047636823285,2026-07-01,9.0,8.333333333333334,7.023769168568493,206.72846152855254,77.14229494089301,508.4444086581856,262.1581094231534,33.76993547857016,33.76993547857016,91.0,60.0,92.97623083143151,69.6342401923272,Rapida,Media,Estable,Rentable pero lento
WHR,WHIRLPOOL CORP /DE/,Stock,NYSE,3630,USD,69.12999725341797,5,3,60.0,1.4665053545999445,1.3018950321967526,0.012048293576200608,2026-02-27,11.0,12.333333333333334,12.055427546683415,740.3202823653552,69.55331504817207,2104.2712554388627,1181.26936962499,29.1967884233989,29.1967884233989,89.0,60.0,87.94457245331658,68.35819122259744,Rapida,Media,Estable,Rentable pero lento
BXSL,Blackstone Secured Lending Fund,Stock,NYSE,0,USD,23.790000915527344,5,3,60.0,2.746749081949443,2.830882273537067,-2.0057642856504287,2026-03-31,13.0,16.0,10.816653826391969,125.48339070205948,88.69219665579831,241.0976741136756,102.30672975232338,46.272157611302156,46.272157611302156,87.0,60.0,89.18334617360803,69.22425100799065,Rapida,Media,Estable,Rentable pero lento
CION,CION Investment Corp,Stock,NYSE,0,USD,7.0,10,6,60.0,2.1861902585111337,1.4556811560937493,-3.0288783018873757,2026-06-12,13.0,14.333333333333334,10.595596569644705,120.33132877916587,77.62927012500506,319.18197881094443,109.76647265790774,36.82889743184141,36.82889743184141,87.0,60.0,89.4044034303553,68.69685077306443,Rapida,Media,Estable,Rentable pero lento
MSDL,Morgan Stanley Direct Lending Fund,Stock,NYSE,0,USD,14.109999656677246,5,3,60.0,2.830378371120911,2.9446408332125795,-2.728246011215405,2026-03-31,14.0,10.333333333333334,6.3508529610858835,199.69276940241375,121.91655928165552,405.268535926949,179.78217550677928,44.27520451967711,44.27520451967711,86.0,60.0,93.64914703891412,69.67775042695803,Rapida,Media,Estable,Rentable pero lento
METCZ,"Ramaco Resources, Inc. 8.375% Senior Notes due 2029",Note/Bond,,,USD,25.690000534057617,5,3,60.0,1.9463833859374144,2.037524286175346,-0.8611315072306173,2026-01-15,58.0,41.666666666666664,34.530180036213736,111.62794920674794,14.431477692922712,306.9920700895139,169.19098850952008,7.3492751986257545,7.3492751986257545,42.0,60.0,65.46981996378626,51.36685638050536,Media,Media,Variable,Observacion
NVYY,GraniteShares YieldBOOST NVDA ETF,ETF/Fund,US Listed,,USD,12.751999855041504,56,33,58.92857142857143,1.7520002416577036,1.857523229767866,-1.9869907035199426,2026-06-26,5.0,7.0606060606060606,6.675231241029191,277.70250229439716,135.55150919316725,1753.0123009416338,379.5381216282642,75.3672961098823,75.3672961098823,95.0,58.92857142857143,93.3247687589708,70.76857269836046,Muy rapida,Media,Estable,Rentable pero lento
XRPT,Volatility Shares Trust XRP 2X ETF,ETF/Fund,US Listed,,USD,30.280000686645508,12,7,58.333333333333336,0.03670526049413856,0.005878174682030651,-3.4324265046033076,2026-06-17,1.0,9.428571428571429,11.60254487683834,903.8248249047681,801.2182741302203,2583.39568494049,852.43878644759,7.815161713543668,7.815161713543668,99.0,58.333333333333336,88.39745512316166,69.2463235289684,Muy rapida,Media,Estable,Observacion
ABI,VictoryShares Pioneer Asset-Based Income ETF,ETF/Fund,,,USD,24.905000686645508,12,7,58.333333333333336,0.4705891373472189,0.5067273994603458,-0.44440323490520756,2026-06-09,20.0,23.428571428571427,18.840179960721738,9.658713221778578,7.672946270032529,24.06185479449429,6.930464341390077,5.009813524675602,5.009813524675602,80.0,58.333333333333336,81.15982003927826,62.89456214323896,Rapida,Media,Variable,Observacion
PLTU,Direxion Daily PLTR Bull 2X ETF,ETF/Fund,US Listed,,USD,26.989999771118164,7,4,57.14285714285714,2.8712020781229817,0.6297391915115857,-2.558774369863808,2026-06-23,5.0,10.5,14.177446878757825,876.7472524572304,831.0593943893613,1682.690637178384,735.7705753338194,119.77014383027294,119.77014383027294,95.0,57.14285714285714,85.82255312124218,69.95887076059502,Muy rapida,Media,Estable,Rentable pero lento
BCSF,"Bain Capital Specialty Finance, Inc.",Stock,NYSE,0,USD,12.899999618530272,7,4,57.14285714285714,2.780093496844022,2.9702971044936253,-2.7181545541595185,2026-06-15,7.0,10.75,12.093386622447824,213.34756203380107,208.7872002616325,393.60172969510114,147.7835982869895,82.83543888555658,82.83543888555658,93.0,57.14285714285714,87.90661337755218,69.58037121776256,Muy rapida,Media,Estable,Rentable pero lento
NUGY,GraniteShares YieldBOOST Gold Miners ETF,ETF/Fund,US Listed,,USD,13.84000015258789,32,18,56.25,1.7564066800940923,1.877593503769913,-1.632562916945719,2026-06-26,5.0,5.055555555555555,3.114901985470003,356.80096195277815,158.0787902284025,1349.423860088077,417.0200637622235,72.12244930136367,72.12244930136367,95.0,56.25,96.88509801453,70.10167138227358,Muy rapida,Media,Muy estable,Rentable pero lento
PNNT,PENNANTPARK INVESTMENT CORP,Stock,NYSE,0,USD,3.849999904632568,18,10,55.55555555555556,1.3556368098693372,1.2234732970616324,-1.2831599045635054,2026-06-15,2.5,8.3,15.210011322955827,401.08047443671984,309.14129260220403,991.2121306759234,349.44981188483837,109.95720791162401,109.95720791162401,97.5,55.55555555555556,84.78998867704418,68.32413511142596,Muy rapida,Media,Variable,Rentable pero lento
THRV,Prospera Income ETF,ETF/Fund,US Listed,,USD,24.301000595092773,9,5,55.55555555555556,0.5871606405848334,0.6350591089200316,-0.542144835566169,2026-06-18,9.0,14.6,11.970797801316335,33.08471695674874,19.9465020669536,93.81002780515112,35.12587775884463,13.229236655152112,13.229236655152112,91.0,55.55555555555556,88.02920219868366,66.09154097038737,Rapida,Media,Estable,Observacion
HYLS,First Trust Tactical High Yield ETF,ETF/Fund,US Listed,,USD,40.88999938964844,18,10,55.55555555555556,0.5408530471847178,0.540210145732233,-0.5679154347372513,2026-06-25,11.5,13.7,10.242070103255493,29.088510151419758,19.790309435779136,100.96604797345488,28.32495243946182,9.536780783691885,9.536780783691885,88.5,55.55555555555556,89.75792989674451,65.55454253169638,Rapida,Media,Estable,Observacion
DYNB,Hartford Dynamic Bond ETF,ETF/Fund,US Listed,,USD,39.525001525878906,9,5,55.55555555555556,0.3291447553257469,0.3323815476036134,-0.27819633573474867,2026-06-29,19.0,31.8,31.42769479296883,18.071323947950507,7.901142000725763,62.91446143571989,25.397983040700762,3.51280221327186,3.51280221327186,81.0,55.55555555555556,68.57230520703118,59.91499053638042,Rapida,Media,Variable,Observacion
OXSQ,Oxford Square Capital Corp.,Stock,Nasdaq,0,USD,1.340000033378601,36,20,55.55555555555556,1.6846741166375983,1.7076210284820492,-3.073595947845826,2026-06-16,19.5,26.6,24.175672852988743,107.66360692229303,51.18722879583848,434.5237207250523,141.8373027983867,17.51869095648785,17.51869095648785,80.5,55.55555555555556,75.82432714701126,62.208323188689285,Rapida,Media,Variable,Observacion
ZMUN,F/m Ultrashort Tax-Free Municipal ETF,ETF/Fund,US Listed,,USD,50.220001220703125,9,5,55.55555555555556,0.2875446752494163,0.3124978562609026,-0.2733040290253814,2026-06-29,24.0,30.4,14.51895313030523,3.7225529070263903,4.074879388114586,5.720675603110819,1.5369806057756628,2.4294862607878924,2.4294862607878924,76.0,55.55555555555556,85.48104686969477,60.909701705703625,Media,Media,Estable,Observacion
XBIL,US Treasury 6 Month Bill ETF,ETF/Fund,US Listed,,USD,50.14500045776367,18,10,55.55555555555556,0.32077725173253946,0.3158832914773487,-0.3033659004405187,2026-06-29,29.0,33.2,11.612254063894934,3.985888165945833,4.220809866160232,6.155454306024759,1.1928584637802606,2.2429826988961095,2.2429826988961095,71.0,55.55555555555556,88.38774593610506,59.87893914214829,Media,Media,Estable,Observacion
PLYY,GraniteShares YieldBOOST PLTR ETF,ETF/Fund,US Listed,,USD,8.744999885559082,40,22,55.00000000000001,1.6691943191063057,1.840438195944703,-1.9077777894546526,2026-06-26,5.0,5.136363636363637,3.9556524300279654,291.7966430805855,217.59406580302448,1000.8682311396932,256.75029665621776,67.01815191211819,67.01815191211819,95.0,55.00000000000001,96.04434756997203,69.32584645460211,Muy rapida,Media,Muy estable,Rentable pero lento
BANX,ArrowMark Financial Corp. Common Stock,Other Unmatched,,,USD,19.489999771118164,11,6,54.54545454545454,1.3605720728946276,0.7841087641427216,-1.5085103481445779,2026-06-23,6.5,9.166666666666666,7.305249254246338,146.8062516190055,108.32352215942623,412.0055903224516,142.04708574561033,41.67346628866062,41.67346628866062,93.5,54.54545454545454,92.69475074575367,67.86023923021222,Muy rapida,Media,Estable,Rentable pero lento
RBIL,F/m Ultrashort Treasury Inflation-Protected Security (TIPS) ETF,ETF/Fund,US Listed,,USD,50.02999877929688,15,8,53.333333333333336,0.3657018813165866,0.3655047060997948,-0.34669853050671445,2026-06-16,19.0,30.0,25.309512610309756,6.609786019946517,5.970326947962848,14.219281020620912,3.9088001873194127,3.7468403278752036,3.7468403278752036,81.0,53.333333333333336,74.69048738969025,59.869274989770126,Rapida,Media,Variable,Observacion
TOUR,Tuniu Corporation American Depositary Shares,Preferred,,,USD,7.110000133514404,2,1,50.0,8.586735451476942,8.586735451476942,-3.982685941211868,2026-05-04,1.0,1.0,,1322.9121528916392,1322.9121528916392,1322.9121528916392,,1567.079219894542,1567.079219894542,99.0,50.0,0.0,60.78673545147694,Muy rapida,Media,Sin datos,Rentable pero lento
ATC,GraniteShares Autocallable COIN ETF,ETF/Fund,,,USD,20.5,2,1,50.0,2.9948030087177147,2.9948030087177147,-0.9294393222388351,2026-07-01,1.0,1.0,,2682.1254708639003,2682.1254708639003,2682.1254708639003,,546.5515490909829,546.5515490909829,99.0,50.0,0.0,55.19480300871772,Muy rapida,Media,Sin datos,Rentable pero lento
PLA,GraniteShares Autocallable PLTR ETF,ETF/Fund,,,USD,23.61000061035156,2,1,50.0,1.7812034933325434,1.7812034933325434,-0.3835043017942281,2026-07-01,1.0,1.0,,1433.3762571180214,1433.3762571180214,1433.3762571180214,,325.06963753318917,325.06963753318917,99.0,50.0,0.0,53.98120349333254,Muy rapida,Media,Sin datos,Rentable pero lento
FNWB,First Northwest Bancorp,Stock,Nasdaq,6036,USD,9.960000038146973,4,2,50.0,0.6467642614250508,0.6467642614250508,-0.3965263261195496,2025-05-09,1.0,1.0,0.0,292.61484934441137,292.61484934441137,292.61484934441137,0.0,118.03447771007178,118.03447771007178,99.0,50.0,100.0,67.84676426142505,Muy rapida,Media,Muy estable,Rentable pero lento
MRVU,Direxion Daily MRVL Bull 2X ETF,ETF/Fund,US Listed,,USD,251.3999938964844,2,1,50.0,0.1543440785491181,0.1543440785491181,-7.069607587187511,2026-06-23,1.0,1.0,,1691.1717800326078,1691.1717800326078,1691.1717800326078,,28.167794335214055,28.167794335214055,99.0,50.0,0.0,52.35434407854912,Muy rapida,Media,Sin datos,Rentable pero lento
TRUT,VanEck Technology TruSector ETF,ETF/Fund,US Listed,,USD,31.39299964904785,4,2,50.0,0.08772343883889433,0.09545099895397435,-0.18871715363860952,2026-07-01,1.0,1.0,0.0,358.12350504998017,358.12350504998017,438.0788135652664,113.07388168604281,16.009527588098216,16.009527588098216,99.0,50.0,100.0,67.2877234388389,Muy rapida,Media,Muy estable,Observacion
MERC,MERCER INTERNATIONAL INC.,Stock,Nasdaq,2611,USD,3.490000009536743,4,2,50.0,1.6375616403625328,1.6375616403625328,-2.095216473770475,2025-06-26,2.0,2.0,0.0,496.77640320093,496.77640320093,496.77640320093,0.0,149.42749968308112,149.42749968308112,98.0,50.0,100.0,68.53756164036254,Muy rapida,Media,Muy estable,Rentable pero lento
GBLI,"Global Indemnity Group, LLC",Stock,Nasdaq,6331,USD,26.0,12,6,50.0,1.1719468880626127,1.197481636017813,-1.0789884022451586,2026-06-18,2.0,2.3333333333333335,1.3662601021279464,418.0834340421677,226.4838692502871,831.2884159650556,320.3483798717514,106.94015353571339,106.94015353571339,98.0,50.0,98.63373989787205,67.86700787274341,Muy rapida,Media,Muy estable,Rentable pero lento
TSMZ,Direxion Daily TSM Bear 1X ETF,ETF/Fund,US Listed,,USD,7.340000152587891,6,3,50.0,0.8261320262090908,0.8142329559724923,-1.5585256274807238,2026-06-23,2.0,2.0,1.0,1188.7554178068667,787.1833151425659,2387.1699482937024,1056.507310740991,75.38454739157953,75.38454739157953,98.0,50.0,99.0,67.5761320262091,Muy rapida,Media,Muy estable,Rentable pero lento
SBAC,SBA Communications Corporation Class A Common Stock,Other Unmatched,,,USD,208.07000732421875,6,3,50.0,0.5525863382358064,0.5316313794675378,-1.155247151929745,2026-05-22,2.0,12.0,18.193405398660254,385.99351255607985,241.1077283357509,900.9901734321292,459.9975609726024,50.423503364017336,50.423503364017336,98.0,50.0,81.80659460133975,64.72357552843677,Muy rapida,Media,Variable,Rentable pero lento
BBW,BUILD-A-BEAR WORKSHOP INC,Stock,NYSE,5945,USD,32.58000183105469,6,3,50.0,0.5010295670455881,0.4998655585794932,-0.689783377083181,2026-06-25,2.0,3.0,2.6457513110645907,492.89128052388634,621.5276555746509,675.530529021871,270.92150698474654,45.718947992909904,45.718947992909904,98.0,50.0,97.35424868893541,67.0041668703859,Muy rapida,Media,Muy estable,Rentable pero lento
BABU,Direxion Daily BABA Bull 2X ETF,ETF/Fund,US Listed,,USD,9.09000015258789,2,1,50.0,0.4424634501554885,0.4424634501554885,-3.14308692624363,2026-06-23,2.0,2.0,,1155.0262249327873,1155.0262249327873,1155.0262249327873,,40.37478982668833,40.37478982668833,98.0,50.0,0.0,52.342463450155485,Muy rapida,Media,Sin datos,Rentable pero lento
INDY,iShares India 50 ETF,ETF/Fund,US Listed,,USD,42.70000076293945,2,1,50.0,3.9368256714140344,3.9368256714140344,-3.4206247712630597,2026-06-15,3.0,3.0,,184.92627423456136,184.92627423456136,184.92627423456136,,239.4902283443538,239.4902283443538,97.0,50.0,0.0,55.53682567141403,Muy rapida,Media,Sin datos,Rentable pero lento
MXC,MEXCO ENERGY CORP,Stock,NYSE,1311,USD,8.399999618530273,2,1,50.0,1.3316151514435481,1.3316151514435481,-1.5770709962431977,2026-06-15,3.0,3.0,,519.6368261175487,519.6368261175487,519.6368261175487,,81.00658837948251,81.00658837948251,97.0,50.0,0.0,52.931615151443545,Muy rapida,Media,Sin datos,Rentable pero lento
NPK,NATIONAL PRESTO INDUSTRIES INC,Stock,NYSE,3480,USD,137.4600067138672,2,1,50.0,0.8673175423689554,0.8673175423689554,-0.7283126430261215,2026-03-09,3.0,3.0,,444.3222029430687,444.3222029430687,444.3222029430687,,52.76181716077812,52.76181716077812,97.0,50.0,0.0,52.46731754236895,Muy rapida,Media,Sin datos,Rentable pero lento
VTIP,Vanguard Short-Term Inflation-Protected Securities Index Fund ETF Shares,ETF/Fund,US Listed,,USD,50.22999954223633,6,3,50.0,0.857016133223273,1.063747490123997,-0.8651998432050231,2026-07-01,3.0,14.666666666666666,21.07921567168317,31.232256481117833,22.90874256048128,62.85700830197356,28.393251833845646,52.13514810441578,52.13514810441578,97.0,50.0,78.92078432831683,64.29513378247078,Muy rapida,Media,Variable,Rentable pero lento
VRSK,"Verisk Analytics, Inc.",Stock,Nasdaq,7374,USD,183.8000030517578,12,6,50.0,0.2003611584765637,0.1894321377464191,-0.6429538446341532,2026-06-15,3.0,2.6666666666666665,1.3662601021279464,275.438584111005,86.28821112493667,678.2483042086722,312.20752765689963,12.188637140657624,12.188637140657624,97.0,50.0,98.63373989787205,66.59542214315736,Muy rapida,Media,Muy estable,Observacion
KBAB,KraneShares 2x Long BABA Daily ETF,ETF/Fund,,,USD,14.718999862670898,2,1,50.0,18.249378735618233,18.249378735618233,-18.55500386830696,2025-12-30,4.0,4.0,,834.7672610470786,834.7672610470786,834.7672610470786,,832.6279048125818,832.6279048125818,96.0,50.0,0.0,61.3,Muy rapida,Media,Sin datos,Rentable pero lento
RTYY,GraniteShares YieldBoost RIOT ETF,ETF/Fund,US Listed,,USD,11.90999984741211,30,15,50.0,2.2684228152535764,1.9141731769771926,-2.1665131506950863,2026-06-26,4.0,3.7333333333333334,2.520393015460278,603.6001400727037,249.40681965381776,1689.3038295187512,566.3454292189842,103.49679094594443,103.49679094594443,96.0,50.0,97.47960698453973,68.19036386293453,Muy rapida,Media,Muy estable,Rentable pero lento
PATK,PATRICK INDUSTRIES INC,Stock,Nasdaq,3714,USD,90.87000274658205,12,6,50.0,0.4203267214948461,0.4260057143965415,-0.7251117938943638,2026-05-26,4.0,4.0,0.0,165.29225198048553,192.80259296975703,220.4413835202771,65.20991939796326,19.177406668202355,19.177406668202355,96.0,50.0,100.0,66.72032672149484,Muy rapida,Media,Muy estable,Observacion
EVPF,Eaton Vance Preferred Securities and Income ETF,ETF/Fund,US Listed,,USD,50.5,4,2,50.0,0.3953859814196124,0.383625875030828,-0.28634976041252974,2026-06-30,4.0,4.0,4.242640687119285,92.2835747317081,92.2835747317081,160.25078969695144,96.12015720057472,18.039485402269815,18.039485402269815,96.0,50.0,95.75735931288071,66.05898987835171,Muy rapida,Media,Muy estable,Observacion
TECY,GraniteShares YieldBOOST Technology ETF,ETF/Fund,,,USD,23.299999237060547,8,4,50.0,0.9540254990263187,0.9575961841464897,-1.18307838719396,2026-06-26,4.5,5.5,4.654746681256314,230.89086706348124,93.28165690014104,708.9109711203096,320.4755475123132,38.69103412717848,38.69103412717848,95.5,50.0,95.34525331874369,66.40581349683787,Muy rapida,Media,Muy estable,Rentable pero lento
DOMH,Dominari Holdings Inc.,Stock,Nasdaq,6211,USD,3.849999904632568,8,4,50.0,6.094223262167229,5.984985891266868,-6.860352942168584,2026-05-15,5.0,5.0,1.1547005383792515,1281.085701978357,1281.085701978357,2247.8656936939915,1116.3413769283313,222.43914906910385,222.43914906910385,95.0,50.0,98.84529946162075,71.92101818141035,Muy rapida,Media,Muy estable,Rentable pero lento
SPOK,"Spok Holdings, Inc",Stock,Nasdaq,4812,USD,10.960000038146973,12,6,50.0,2.2417569525252232,2.148623604923184,-2.2343984446291,2026-05-26,5.0,13.333333333333334,12.909944487358056,113.48082196183152,142.96023555576073,163.67475868624092,62.31238484705962,81.82412876717065,81.82412876717065,95.0,50.0,87.09005551264194,66.3052652794215,Muy rapida,Media,Estable,Rentable pero lento
JSM,"Navient Corporation 6% Senior Notes due December 15, 2043",Note/Bond,,,USD,18.6299991607666,2,1,50.0,1.9779438982477089,1.9779438982477089,-2.086687519152376,2025-06-13,5.0,5.0,,201.79869229387091,201.79869229387091,201.79869229387091,,72.19495228604137,72.19495228604137,95.0,50.0,0.0,52.97794389824771,Muy rapida,Media,Sin datos,Rentable pero lento
CGABL,The Carlyle Group Inc. 4.625% Subordinated Notes due 2061,Note/Bond,,,USD,18.21999931335449,4,2,50.0,1.6037272003858418,1.5904499816694972,-1.8477263196899683,2025-10-31,5.0,5.0,1.4142135623730951,166.8274545319756,166.8274545319756,183.1338099261086,23.060668951258585,58.536042814083224,58.536042814083224,95.0,50.0,98.58578643762691,67.39159516602989,Muy rapida,Media,Muy estable,Rentable pero lento
FBYY,GraniteShares YieldBOOST META ETF,ETF/Fund,US Listed,,USD,11.824000358581545,36,18,50.0,0.8993466810410465,0.945607526128031,-1.2753246869787302,2026-06-26,5.0,5.888888888888889,4.1852526649272965,204.541762472628,102.06748827082943,742.9692495947638,229.27651023785955,32.82615385799819,32.82615385799819,95.0,50.0,95.81474733507271,66.27155878130196,Muy rapida,Media,Muy estable,Rentable pero lento
WMK,WEIS MARKETS INC,Stock,NYSE,5411,USD,70.86000061035156,6,3,50.0,0.46735264665025106,0.46711388045098257,-2.3330735773808944,2026-05-11,5.0,5.0,1.0,81.3172491665557,77.95400837486068,110.1954277965589,27.352080748107866,17.058371602734162,17.058371602734162,95.0,50.0,99.0,66.31735264665025,Muy rapida,Media,Muy estable,Observacion
PNR,PENTAIR plc,Stock,NYSE,3550,USD,88.73999786376953,6,3,50.0,0.2605607170111733,0.24462734625421706,-0.18424364268799795,2026-04-17,6.0,11.333333333333334,13.79613472438325,513.6039935764127,434.8465359411395,1073.5310694074597,524.9977470697115,7.925388475756519,7.925388475756519,94.0,50.0,86.20386527561675,63.891140508353686,Muy rapida,Media,Estable,Observacion
BIOY,GraniteShares YieldBOOST Biotech ETF,ETF/Fund,,,USD,23.299999237060547,8,4,50.0,1.1378922695515021,1.1365518002353565,-1.5659742546632875,2026-06-26,6.5,6.5,0.5773502691896257,78.87867172784163,79.86573778580649,87.73915328114389,8.127130547878163,31.948513722022945,31.948513722022945,93.5,50.0,99.42264973081038,66.60128972917305,Muy rapida,Media,Muy estable,Rentable pero lento
FSK,FS KKR Capital Corp,Stock,NYSE,0,USD,10.779999732971191,6,3,50.0,3.961572736152936,4.017833209542845,-3.3021721493913723,2026-06-17,7.0,9.0,4.358898943540674,207.7233690354467,174.21854355755974,355.75041153927305,134.4431419509185,103.2838606211301,103.2838606211301,93.0,50.0,95.64110105645932,68.70773789462183,Muy rapida,Media,Muy estable,Rentable pero lento
WTFCN,"Wintrust Financial Corporation Depositary Shares, Each Representing a 1/1,000th Interest in a Share of 7.875% Fixed-Rate Reset Non-Cumulative Perpetual Preferred StocK",Preferred,,,USD,26.190000534057617,4,2,50.0,2.1323538457070623,1.8946195189224797,-1.523669723235312,2026-07-01,7.0,7.0,1.4142135623730951,105.2651839770412,105.2651839770412,125.62992144269865,28.800087918100253,55.59351097736269,55.59351097736269,93.0,50.0,98.58578643762691,67.32022181135109,Muy rapida,Media,Muy estable,Rentable pero lento
VCTR,"Victory Capital Holdings, Inc.",Stock,Nasdaq,6282,USD,89.12000274658203,12,6,50.0,0.6982374982635383,0.7015936417684733,-1.8002467431242906,2026-06-10,8.0,9.0,7.64198926981712,185.58512993041975,38.5922139786486,491.75815823103017,237.22322716476134,15.928542929136968,15.928542929136968,92.0,50.0,92.35801073018288,64.65193910779097,Rapida,Media,Estable,Observacion
OWL,BLUE OWL CAPITAL INC.,Stock,NYSE,6282,USD,10.0,6,3,50.0,1.44938306424575,1.2924441799614979,-2.4644930391576074,2026-05-13,9.0,12.0,12.767145334803704,215.10170367797818,174.38881153530542,429.5197120237753,197.23854755693696,29.390267691649928,29.390267691649928,91.0,50.0,87.2328546651963,64.33431126402519,Rapida,Media,Estable,Rentable pero lento
SNY,Sanofi ADS,Other Unmatched,,,USD,46.08000183105469,2,1,50.0,4.750322361649831,4.750322361649831,-5.101126185576108,2026-05-04,11.0,11.0,,150.35581621393922,150.35581621393922,150.35581621393922,,78.81216645464491,78.81216645464491,89.0,50.0,0.0,53.95032236164983,Rapida,Media,Sin datos,Rentable pero lento
BHFAM,"Brighthouse Financial, Inc. Depositary shares each representing a 1/1,000th Interest in a Share of 4.625% Non-Cumulative Preferred Stock, Series D",Preferred,,,USD,10.989999771118164,6,3,50.0,2.259522785954561,2.3076196425966637,-3.100247436526692,2026-06-10,11.0,12.0,11.532562594670797,384.0541111906893,92.74953262052378,1015.2814822565788,547.1991668199006,37.487537130609766,37.487537130609766,89.0,50.0,88.4674374053292,64.72963839675394,Rapida,Media,Estable,Rentable pero lento
OXLC,Oxford Lane Capital Corp. Common Stock,Other Unmatched,,,USD,9.279999732971191,18,9,50.0,1.72281327748396,1.9436511243692287,-2.9351071094551093,2026-06-16,11.0,11.444444444444445,6.366143084928093,142.1770367753873,78.33667513780199,584.1143021480715,199.00138127768497,28.58303846734752,28.58303846734752,89.0,50.0,93.6338569150719,64.96789181474475,Rapida,Media,Estable,Rentable pero lento
UMBFO,"UMB Financial Corporation Depositary Shares Each Representing a 1/400th Interest in a Share of 7.750% Fixed-Rate Reset Non-Cumulative Perpetual Preferred Stock, Series B",Preferred,,,USD,26.709999084472656,4,2,50.0,1.9550514858816015,1.8297003838730879,-1.1530175321974099,2026-06-30,12.0,12.0,15.556349186104045,411.135663901547,411.135663901547,779.0670081134967,520.3334970067029,29.733074681116022,29.733074681116022,88.0,50.0,84.44365081389596,63.521599107966,Rapida,Media,Variable,Rentable pero lento
OCCI,"OFS Credit Company, Inc. Common Stock",Other Unmatched,,,USD,2.9800000190734863,18,9,50.0,1.898175345549542,1.7989973149157503,-3.6607430190363734,2026-06-15,13.0,20.11111111111111,15.632053963286817,78.2210056588114,46.33155667002372,322.4387862387826,95.44076709811448,26.647461581753188,26.647461581753188,87.0,50.0,84.36794603671318,63.15336725105651,Rapida,Media,Variable,Rentable pero lento
FCNCP,"First Citizens BancShares, Inc. Depositary Shares",Preferred,,,USD,20.61000061035156,6,3,50.0,1.540237274012074,1.5181955986393918,-2.397700827152187,2026-05-29,14.0,18.333333333333332,8.386497083606084,42.664474038239355,42.54270647424793,56.36882533249554,13.643875045705936,20.078093036228825,20.078093036228825,86.0,50.0,91.61350291639391,63.58226271147115,Rapida,Media,Estable,Observacion
WB,Weibo Corporation American Depositary Share,Other Unmatched,,,USD,9.270000457763672,2,1,50.0,8.513113224555221,8.513113224555221,-3.465806868202968,2026-04-17,15.0,15.0,,316.1784364758441,316.1784364758441,316.1784364758441,,103.57621089875519,103.57621089875519,85.0,50.0,0.0,56.51311322455522,Rapida,Media,Sin datos,Rentable pero lento
AHD,GraniteShares Autocallable HOOD ETF,ETF/Fund,,,USD,25.8700008392334,2,1,50.0,2.3048362596088414,2.3048362596088414,-2.51317657102942,2026-07-01,15.0,15.0,,91.21091861444768,91.21091861444768,91.21091861444768,,28.042174491907573,28.042174491907573,85.0,50.0,0.0,50.30483625960884,Rapida,Media,Sin datos,Rentable pero lento
WLKP,Westlake Chemical Partners LP,Stock,NYSE,2860,USD,23.56999969482422,6,3,50.0,2.1166158288179417,2.0551075737045226,-2.556842124188771,2026-05-14,15.0,13.0,7.211102550927978,153.19140038507825,83.65151116042568,324.57412298448924,149.298018253362,25.752159250618288,25.752159250618288,85.0,50.0,92.78889744907202,64.03495044617875,Rapida,Media,Estable,Rentable pero lento
MYHE,State Street My2031 High Yield Corporate Bond ETF,ETF/Fund,US Listed,,USD,25.01000022888184,4,2,50.0,0.5945425341344286,0.5723307424764502,-0.47501267372094014,2026-07-01,15.0,15.0,18.384776310850235,67.9792547505202,67.9792547505202,128.53283979435483,85.63570121930353,7.233600831968881,7.233600831968881,85.0,50.0,81.61522368914976,60.836826087506886,Rapida,Media,Variable,Observacion
MFIC,MidCap Financial Investment Corp,Stock,Nasdaq,0,USD,10.529999732971191,12,6,50.0,2.969339336182731,2.93803422104682,-2.760502234796045,2026-06-09,16.0,17.0,12.992305415129373,179.6787600116718,74.99525541556504,424.8293442584384,190.5659419273433,33.86902680333428,33.86902680333428,84.0,50.0,87.00769458487062,63.72049352391332,Rapida,Media,Estable,Rentable pero lento
TSQ,"Townsquare Media, Inc.",Stock,NYSE,4832,USD,6.849999904632568,6,3,50.0,2.7102145736645316,2.8334803689616956,-2.5849113753643214,2026-04-27,17.0,15.333333333333334,11.590225767142474,931.8663514645729,175.52602110645495,2579.5775201388747,1428.5560475705454,29.094950570222178,29.094950570222178,83.0,50.0,88.40977423285753,63.37168070859316,Rapida,Media,Estable,Rentable pero lento
AGNCO,"AGNC Investment Corp. Depositary Shares, each representing a 1/1,000th interest in a share of 6.50% Series E Fixed-to-Floating Cumulative Redeemable Preferred Stock",Preferred,,,USD,25.399999618530277,6,3,50.0,2.303588522430386,2.3083735564920875,-1.6504711923834383,2026-07-01,17.0,34.666666666666664,36.8284310463171,51.56895878644917,56.74488010438559,85.96520773075328,37.25485714770466,24.729700314326205,24.729700314326205,83.0,50.0,63.1715689536829,59.17932386548282,Rapida,Media,Muy variable,Observacion
AGNCP,"AGNC Investment Corp. Depositary Shares Each Representing a 1/1,000th Interest in a Share of 6.125% Series F Fixed-to-Floating Rate Cumulative Redeemable Preferred Stock",Preferred,,,USD,24.950000762939453,6,3,50.0,2.140408710948611,2.235092902522459,-1.4933641123061931,2026-07-01,17.0,36.666666666666664,41.18656738954259,59.30427190825833,61.78667294743341,108.50886880265608,50.491585565540696,22.977917044007146,22.977917044007146,83.0,50.0,58.81343261045741,58.362423602517225,Rapida,Media,Muy variable,Observacion
AMCR,Amcor plc,Stock,NYSE,3990,USD,39.66999816894531,4,2,50.0,1.3921250516897636,1.3448361226584646,-1.907909748100813,2026-05-28,17.0,17.0,2.8284271247461903,40.995682812121885,40.995682812121885,55.20544746872178,20.09564189549344,14.944871878434228,14.944871878434228,83.0,50.0,97.17157287525382,63.36786098297783,Rapida,Media,Muy estable,Observacion
MYHC,State Street My2029 High Yield Corporate Bond ETF,ETF/Fund,US Listed,,USD,25.170000076293945,4,2,50.0,0.6079510121139445,0.584572020478452,-0.5157685203786391,2026-07-01,18.0,18.0,14.142135623730951,31.862942481571704,31.862942481571704,55.07396914798429,32.825348708244256,6.163947761710826,6.163947761710826,82.0,50.0,85.85786437626905,60.58663066855429,Rapida,Media,Estable,Observacion
FTSL,First Trust Senior Loan Fund,ETF/Fund,US Listed,,USD,44.93000030517578,18,9,50.0,0.5386134485240371,0.5312805032966093,-0.5556678020809633,2026-06-25,18.0,26.333333333333332,24.06761309311748,17.637168250562112,10.830729608110373,82.37092207278104,24.620902224856916,5.460941908646488,5.460941908646488,82.0,50.0,75.93238690688253,59.02847148455641,Rapida,Media,Variable,Observacion
TCPC,BlackRock TCP Capital Corp.,Stock,Nasdaq,0,USD,3.5999999046325684,12,6,50.0,4.192935453772121,4.221824076668254,-3.799320787611956,2026-06-16,19.0,20.666666666666668,13.033290707517677,150.5905757538627,79.11676276282854,329.4740058677731,139.49138089972217,40.274248437548,40.274248437548,81.0,50.0,86.96670929248232,64.03794184764446,Rapida,Media,Estable,Rentable pero lento
SXC,"SunCoke Energy, Inc.",Stock,NYSE,3312,USD,7.909999847412109,6,3,50.0,1.4805276841248567,1.5094722113819228,-5.2319606686122535,2026-05-15,19.0,16.0,7.937253933193772,101.64400892490134,71.1501300358168,197.7607251245667,85.07248838314338,14.220858018567702,14.220858018567702,81.0,50.0,92.06274606680623,62.08993959414579,Rapida,Media,Estable,Observacion
BSJQ,Invesco BulletShares 2026 High Yield Corporate Bond ETF,ETF/Fund,US Listed,,USD,23.07999992370605,18,9,50.0,0.49110451702702324,0.48620422025209364,-0.47132606463888493,2026-06-22,19.0,23.444444444444443,13.830320957149828,11.156501535914654,9.778862498549612,27.10029600182385,6.725085328735711,4.717188124075355,4.717188124075355,81.0,50.0,86.16967904285018,60.21655637345455,Rapida,Media,Estable,Observacion
KMDA,Kamada Ltd. Ordinary Shares,Other Unmatched,,,USD,8.5,2,1,50.0,2.863345928759675,2.863345928759675,-4.410944098256526,2026-03-23,20.0,20.0,,55.82357855404124,55.82357855404124,55.82357855404124,,26.128031599932036,26.128031599932036,80.0,50.0,0.0,49.36334592875968,Rapida,Media,Sin datos,Rentable pero lento
ALTG,ALTA EQUIPMENT GROUP INC.,Stock,NYSE,5084,USD,5.46999979019165,2,1,50.0,0.903574131345352,0.903574131345352,-0.9939480469443376,2025-05-15,20.0,20.0,,45.70854489605081,45.70854489605081,45.70854489605081,,8.245113948526337,8.245113948526337,80.0,50.0,0.0,47.40357413134535,Rapida,Media,Sin datos,Observacion
AGNCL,"AGNC Investment Corp. Depositary Shares Each Representing a 1/1,000th Interest in a Share of 7.75% Series G Fixed-Rate Reset Cumulative Redeemable Preferred Stock",Preferred,,,USD,25.049999237060547,6,3,50.0,1.9289491335471214,1.9351990188291488,-1.3201647101522578,2026-07-01,21.0,20.666666666666668,3.511884584284246,43.42268425512549,42.09807476661276,55.67490607051968,11.646549722499168,16.763486517730936,16.763486517730936,79.0,50.0,96.48811541571575,62.60216644590449,Rapida,Media,Muy estable,Observacion
FULTP,"Fulton Financial Corporation Depositary Shares, Each Representing a 1/40th Interest in a Share of Fixed Rate Non-Cumulative Perpetual Preferred Stock, Series A",Preferred,,,USD,18.299999237060547,6,3,50.0,1.6750798099861974,1.6924452840764532,-2.4344547938022045,2026-06-30,21.0,27.333333333333332,27.061657993059725,67.16811069493396,30.23069489084025,160.56489711531344,81.47083199012272,14.55724120583243,14.55724120583243,79.0,50.0,72.93834200694027,58.81583111102724,Rapida,Media,Variable,Observacion
MBNKO,"Medallion Bank Fixed-Rate Reset Non-Cumulative Perpetual Preferred Stock, Series G, par value $1.00 per share",Preferred,,,USD,25.90999984741211,4,2,50.0,2.41908989956897,2.208151356951601,-2.074933674772805,2026-06-15,22.5,22.5,24.748737341529164,101.9475135727348,101.9475135727348,179.61502616837168,109.83844966853286,19.621506963170535,19.621506963170535,77.5,50.0,75.25126265847084,59.4567792983396,Media,Media,Variable,Observacion
ONBPP,"Old National Bancorp Depositary Shares, Each Representing a 1/40th Interest in a Share of Series A Preferred Stock",Preferred,,,USD,25.13999938964844,6,3,50.0,1.7275355896805695,1.7260097875515463,-1.2194498016873991,2026-05-05,23.0,23.333333333333332,13.503086067019396,39.447546934099485,27.366710890572005,71.01252694433195,27.58556170057313,13.707619352900172,13.707619352900172,77.0,50.0,86.4969139329806,60.302072679627656,Media,Media,Estable,Observacion
BUSEP,"First Busey Corporation Depositary Shares, Each Representing a 1/40thInterest in a Share of 8.25% Fixed-Rate Series B Non-Cumulative Perpetual Preferred Stock, $0.001 par value",Preferred,,,USD,25.979999542236328,4,2,50.0,2.059043778642769,1.9970751612987891,-1.438885792177895,2026-05-15,24.0,24.0,5.656854249492381,34.68617566577967,34.68617566577967,42.16167138969514,10.571947438223333,15.65731206676272,15.65731206676272,76.0,50.0,94.34314575050762,61.51051564121891,Media,Media,Estable,Observacion
IMPPP,Imperial Petroleum Inc. 8.75% Series A Cumulative Redeemable Perpetual Preferred Shares,Preferred,,,USD,26.600000381469727,6,3,50.0,2.0991755047690024,2.0939936658295677,-1.963030676775919,2026-06-25,27.0,44.0,30.315012782448235,25.886130913331545,31.57289380073132,35.579650180414646,13.469533530718925,14.188871467420109,14.188871467420109,73.0,50.0,69.68498721755176,56.951923587401765,Media,Media,Variable,Observacion
BHFAO,"Brighthouse Financial, Inc. Depositary Shares 6.75% Non-Cumulative Preferred Stock, Series B",Preferred,,,USD,15.664999961853027,6,3,50.0,2.3365267277909285,2.401811415147445,-2.8389008194507572,2026-06-10,29.0,22.333333333333332,14.224392195567912,76.22922223679765,37.11941735497836,159.21756835953386,71.90955712390353,14.704004407649808,14.704004407649808,71.0,50.0,85.77560780443208,59.00286789845573,Media,Media,Estable,Observacion
BBDC,"Barings BDC, Inc.",Stock,NYSE,0,USD,8.760000228881836,6,3,50.0,3.072295111742528,3.036527412151419,-4.224289971090141,2026-06-03,30.0,26.333333333333332,17.7857620959388,80.98523677891136,40.64296093960217,162.76447834084794,70.82501570292338,18.68979526310038,18.68979526310038,70.0,50.0,82.2142379040612,58.90443079735171,Media,Media,Variable,Observacion
VLYPO,"Valley National Bancorp 5.50% Fixed-to-Floating Rate Non-Cumulative Perpetual Preferred Stock, Series B",Preferred,,,USD,25.01000022888184,6,3,50.0,1.978201781746611,1.9902698147634377,-1.4847235017639837,2026-06-15,33.0,36.0,18.681541692269406,26.780191203383527,22.67340469561739,45.16448457023039,16.71369408792917,10.940055308144137,10.940055308144137,67.0,50.0,81.3184583077306,56.775970527906196,Media,Media,Variable,Observacion
ACGLO,"Arch Capital Group Ltd. Depositary Shares Each Representing 1/1,000th Interest in a Share of 5.45% Non-Cumulative Preferred Shares, Series F",Preferred,,,USD,19.32999992370605,6,3,50.0,1.6384379215765914,1.6359191783607692,-1.5737187107273012,2026-06-15,33.0,29.0,14.422205101855956,27.930532070648166,18.378141167775315,50.61298231799712,19.724859689921914,9.06105820265842,9.06105820265842,67.0,50.0,85.57779489814405,57.07510715629819,Media,Media,Estable,Observacion
JEPG.MI,JPM Global Equity Premium Incom,ETF/Fund,Borsa Italiana,Europe,EUR,22.395000457763672,2,1,50.0,0.9815149461032135,0.9815149461032135,-1.0155031262127685,2026-05-21,42.0,42.0,,12.41036483475303,12.41036483475303,12.41036483475303,,4.26491613485325,4.26491613485325,58.0,50.0,0.0,40.88151494610321,Media,Media,Sin datos,Observacion
CHSCL,"CHS Inc Class B Cumulative Redeemable Preferred Stock, Series 4",Preferred,,,USD,25.8799991607666,6,3,50.0,1.809868992006563,1.812646119828653,-1.55457526096849,2026-06-15,44.0,38.0,18.734993995195193,23.986740610942473,16.364110595477595,43.10313932093578,16.66805187770037,7.506842978209039,7.506842978209039,56.0,50.0,81.2650060048048,53.29961989272728,Media,Media,Variable,Observacion
SIGA,SIGA TECHNOLOGIES INC,Stock,Nasdaq,2834,USD,5.199999809265137,4,2,50.0,10.49364050061731,10.49364050061731,-11.087970885198608,2026-04-07,45.0,45.0,0.0,88.13650375397671,88.13650375397671,88.13650375397671,0.0,42.55754203028131,42.55754203028131,55.0,50.0,100.0,64.0,Media,Media,Muy estable,Rentable pero lento
CHSCN,CHS Inc Preferred Class B Series 2 Reset Rate,Preferred,,,USD,25.149999618530277,6,3,50.0,1.7476904801241684,1.7487837505146622,-1.507909594486586,2026-06-15,47.0,48.0,19.519221295943137,15.818577264446034,16.08311377234132,22.075610588017277,6.39340748908533,6.786244949418314,6.786244949418314,53.0,50.0,80.48077870405686,52.2198072857327,Media,Media,Variable,Observacion
BDVL,iShares Disciplined Volatility Equity Active ETF,ETF/Fund,US Listed,,USD,26.155000686645508,2,1,50.0,1.7869357115711066,1.7869357115711066,-1.5935115946127354,2026-06-15,56.0,56.0,,18.64191348446688,18.64191348446688,18.64191348446688,,5.823495845745124,5.823495845745124,44.0,50.0,0.0,37.48693571157111,Media,Media,Sin datos,Observacion
RNG,"RingCentral, Inc.",Stock,NYSE,7374,USD,49.09999847412109,2,1,50.0,0.1656179643342684,0.1656179643342684,-2.994224436273713,2026-06-02,56.0,56.0,,48.628012544432224,48.628012544432224,48.628012544432224,,0.5397371159107854,0.5397371159107854,44.0,50.0,0.0,35.86561796433427,Media,Media,Sin datos,Observacion
CHSCO,CHS Inc. Class B Cumulative Redeemable Preferred Stock,Preferred,,,USD,26.350000381469727,6,3,50.0,1.8417948717456902,1.8458998727986902,-1.6333557390301874,2026-06-15,68.0,61.333333333333336,19.85782801147531,15.335849978120637,13.10791310023401,22.335317557222133,6.193696568099548,4.943052413141007,4.943052413141007,32.0,50.0,80.1421719885247,45.963120670024395,Lenta,Media,Variable,Observacion
SUNS,"Sunrise Realty Trust, Inc. Common Stock",ETF/Fund,,,USD,8.479999542236328,6,3,50.0,3.0731379273350643,2.897052884930166,-4.476472496820542,2026-06-30,74.0,55.0,40.0374824383352,66.57526914081159,17.741781127105995,168.34392658261723,88.1581004544505,7.579022591062826,7.579022591062826,26.0,50.0,59.9625175616648,42.36751556158478,Lenta,Media,Muy variable,Observacion
CMCSA,COMCAST CORP,Stock,Nasdaq,4841,USD,24.549999237060547,13,6,46.15384615384615,1.0453818440205016,1.0502852375330776,-1.1399999868616548,2026-07-01,16.0,13.333333333333334,4.131182235954578,77.6913706613396,77.0747310811073,118.54808139342536,36.27296736843142,11.006664607715859,11.006664607715859,84.0,46.15384615384615,95.86881776404542,61.39493527785809,Rapida,Baja,Muy estable,Especulativo
TSYY,GraniteShares YieldBOOST TSLA ETF,ETF/Fund,US Listed,,USD,22.790000915527344,61,28,45.90163934426229,0.409190838874247,0.3268742762469979,-2.9972553985655064,2026-06-26,5.0,6.928571428571429,6.749093609534879,143.6292022584202,67.91344155231172,1325.8390427441943,251.75886512935307,13.711247125556735,13.711247125556735,95.0,45.90163934426229,93.25090639046512,63.552564502362046,Muy rapida,Baja,Estable,Especulativo
XBTY,GraniteShares YieldBOOST Bitcoin ETF,ETF/Fund,US Listed,,USD,5.610000133514404,56,25,44.642857142857146,1.7825056195987512,1.8816094318510954,-1.922975912537018,2026-06-26,6.0,4.72,2.3187640385918242,432.73356476892445,173.03704099431798,2302.236793297304,581.4186439158645,48.408820770352996,48.408820770352996,94.0,44.642857142857146,97.68123596140818,64.72397672809569,Muy rapida,Baja,Muy estable,Especulativo
BBYY,GraniteShares YieldBOOST BABA ETF,ETF/Fund,US Listed,,USD,9.635000228881836,36,16,44.44444444444444,1.6189418683798507,1.7830377995265052,-1.922578374018875,2026-06-26,6.0,7.3125,4.881512743675537,215.589903770563,161.1247415057875,1221.0584280166015,278.4557714513377,43.771391256195955,43.771391256195955,94.0,44.44444444444444,95.11848725632446,64.08671495682853,Muy rapida,Baja,Muy estable,Especulativo
AFCG,Advanced Flower Capital Inc.,Stock,Nasdaq,0,USD,3.240000009536743,9,4,44.44444444444444,2.9429161150433156,3.151260352675157,-3.6835381631718502,2026-06-30,13.0,13.0,13.856406460551018,1625.23396720553,1625.23396720553,3179.921742716922,1795.1988113946452,36.723568615070434,36.723568615070434,87.0,44.44444444444444,86.14359353944899,61.964455145960656,Rapida,Baja,Estable,Especulativo
HYBI,NEOS Enhanced Income Credit Select ETF,ETF/Fund,US Listed,,USD,49.27899932861328,18,8,44.44444444444444,0.6906573540577312,0.6749862752847668,-0.7565623043044545,2026-06-10,15.5,15.75,9.587938851941612,24.17910463957338,19.795447909020154,42.72837172053868,13.739002656333188,7.228385210926791,7.228385210926791,84.5,44.44444444444444,90.41206114805838,59.60246652626648,Rapida,Baja,Estable,Especulativo
IOYY,GraniteShares YieldBOOST IONQ ETF,ETF/Fund,US Listed,,USD,8.300000190734863,34,15,44.11764705882353,2.357654139542185,2.3345554336371275,-2.3262935887611835,2026-06-26,4.0,4.6,3.3338094898007764,562.0642486381269,250.10872385070337,1809.887250610272,564.1333888642351,94.91291480877545,94.91291480877545,96.0,44.11764705882353,96.66619051019923,65.51052389254265,Muy rapida,Baja,Muy estable,Especulativo
HOYY,GraniteShares YieldBOOST HOOD ETF,ETF/Fund,US Listed,,USD,5.6479997634887695,39,17,43.58974358974359,2.2468923863219104,2.5765499333529625,-2.5902157427573433,2026-06-26,5.0,4.882352941176471,2.955553098431334,430.2297437522668,183.1468950892356,1820.671358268801,522.0048441190783,71.497267985269,71.497267985269,95.0,43.58974358974359,97.04444690156866,64.91894403694182,Muy rapida,Baja,Muy estable,Especulativo
WHF,"WhiteHorse Finance, Inc.",Stock,Nasdaq,0,USD,7.309999942779541,14,6,42.857142857142854,3.29319172883268,3.4899329752552872,-5.669183442518177,2026-05-21,17.0,14.666666666666666,11.325487480310358,197.4115017185239,83.61278059489763,435.1317682285212,184.19296778096972,30.302898681275497,30.302898681275497,83.0,42.857142857142854,88.67451251968964,60.78008289250041,Rapida,Baja,Estable,Especulativo
MTYY,GraniteShares YieldBOOST MSTR ETF,ETF/Fund,US Listed,,USD,19.834999084472656,40,16,40.0,0.4635700150657562,0.3215887942767906,-1.8628372295536877,2026-06-26,4.0,4.0625,3.5677957714346076,228.30141013040753,134.61392738547974,707.3531799708303,223.45994699000397,16.920305549900103,16.920305549900103,96.0,40.0,96.4322042285654,61.72840064935056,Muy rapida,Baja,Muy estable,Especulativo
HMYY,GraniteShares YieldBoost HIMS ETF,ETF/Fund,US Listed,,USD,7.033999919891357,30,12,40.0,1.9637349939948878,1.5649689704038456,-2.3728257481585695,2026-06-26,5.5,6.333333333333333,4.097301403104095,351.6444996972403,124.13623899095637,1229.1494353442858,409.63118258911777,52.12823802240974,52.12823802240974,94.5,40.0,95.9026985968959,62.69913978352927,Muy rapida,Baja,Muy estable,Especulativo
ANG-PD,American National Group Inc.,Stock,NYSE,6311,USD,24.170000076293945,5,2,40.0,1.8317658043139051,1.8068913989194584,-1.4209937384391116,2026-03-31,8.5,8.5,7.7781745930520225,158.75309506052767,158.75309506052767,254.30287747701144,135.1277981751896,31.463271462332955,31.463271462332955,91.5,40.0,92.22182540694797,61.1150396153561,Rapida,Baja,Estable,Especulativo
PRGO,PERRIGO Co plc,Stock,NYSE,2834,USD,11.4399995803833,5,2,40.0,1.6058469586842032,1.2205387087811808,-2.9369189066301558,2026-05-29,11.5,11.5,0.7071067811865476,109.31529459740719,109.31529459740719,133.42342181009738,34.09404046760235,20.38727443199075,20.38727443199075,88.5,40.0,99.29289321881345,61.04978094150622,Rapida,Baja,Muy estable,Especulativo
STRF,Strategy Inc 10.00% Series A Perpetual Strife Preferred Stock,Preferred,,,USD,95.2699966430664,5,2,40.0,2.4163779087005195,2.454831195894151,-1.6128999740195056,2026-06-15,17.0,17.0,2.8284271247461903,68.08318009626464,68.08318009626464,75.87417417514908,11.018129490726844,20.752422039427994,20.752422039427994,83.0,40.0,97.17157287525382,59.89211383998859,Rapida,Baja,Muy estable,Especulativo
SMYY,GraniteShares YieldBOOST SMCI ETF,ETF/Fund,US Listed,,USD,7.38100004196167,39,15,38.46153846153847,2.354344309368145,2.5462016549165902,-2.160340727798092,2026-06-26,5.0,5.8,5.321116961154464,637.3793895207704,233.19644138958137,2133.981753652329,712.3026701718004,66.102744070721,66.102744070721,95.0,38.46153846153847,94.67888303884554,62.36386907288728,Muy rapida,Baja,Estable,Especulativo
QBY,GraniteShares YieldBoost QBTS ETF,ETF/Fund,US Listed,,USD,8.163000106811523,30,11,36.666666666666664,2.2079477456232652,1.930997914073322,-2.41332649465197,2026-06-26,4.0,5.818181818181818,5.056049481921272,401.7895244210431,197.3156667732114,2074.5676208638533,577.4483300576649,73.87425165564508,73.87425165564508,96.0,36.666666666666664,94.94395051807872,61.74954032333507,Muy rapida,Baja,Estable,Especulativo
CWY,GraniteShares YieldBOOST CRWV ETF,ETF/Fund,,,USD,20.46999931335449,11,4,36.36363636363637,1.6605278919678346,1.5335628533969676,-2.1120703716756273,2026-06-26,4.0,3.75,2.0615528128088303,319.7079683689006,228.54206473175122,703.1476512310306,268.1142714562073,55.09933459711452,55.09933459711452,96.0,36.36363636363637,97.93844718719117,61.51493133368287,Muy rapida,Baja,Muy estable,Especulativo
MUYY,GraniteShares YieldBOOST MU ETF,ETF/Fund,,,USD,24.3700008392334,11,4,36.36363636363637,1.8783210355889859,1.879747895096423,-1.9831571803265733,2026-06-26,5.5,5.75,4.112987559751022,320.0329686293551,158.14312112662992,890.6072359512314,382.73873138127396,45.32807788363503,45.32807788363503,94.5,36.36363636363637,95.88701244024898,60.975009265262706,Muy rapida,Baja,Muy estable,Especulativo
RGYY,GraniteShares YieldBoost RGTI ETF,ETF/Fund,US Listed,,USD,7.945000171661377,31,11,35.483870967741936,2.247590425331702,1.9735045111994551,-2.2975123111998377,2026-06-26,4.0,3.8181818181818183,2.2723636072680717,500.6753597822866,246.8500243339957,1714.2486771181084,494.78764049354544,72.77480288473213,72.77480288473213,96.0,35.483870967741936,97.72763639273192,61.67447781972536,Muy rapida,Baja,Muy estable,Especulativo
COYY,GraniteShares YieldBOOST COIN ETF,ETF/Fund,US Listed,,USD,18.274999618530277,48,17,35.41666666666667,0.5124415374551506,0.46682559545566227,-2.649603933600956,2026-06-26,5.0,5.0588235294117645,3.1319041379665125,372.6487714236346,75.81441900440329,1847.0182945578376,610.9029016475523,13.248748916288372,13.248748916288372,95.0,35.41666666666667,96.86809586203348,59.480155916760175,Muy rapida,Baja,Muy estable,Especulativo
MAAY,GraniteShares YieldBOOST MARA ETF,ETF/Fund,US Listed,,USD,6.78000020980835,34,12,35.294117647058826,2.3440253836144143,2.3250305717188517,-2.322931227595248,2026-06-26,4.0,4.666666666666667,3.2844906435973886,434.58863584918595,226.09951516702284,1359.859471969852,445.0877023628123,75.49140573699364,75.49140573699364,96.0,35.294117647058826,96.7155093564026,61.53370472825127,Muy rapida,Baja,Muy estable,Especulativo
JEPG.L,JPMORGAN ETFS (IRELAND) ICAV JP,ETF/Fund,London Stock Exchange,Europe,USD,25.165000915527344,3,1,33.33333333333333,0.9016463991629472,0.7415060330272581,-0.18093611154468317,2026-06-12,1.0,1.0,,756.541461975663,756.541461975663,756.541461975663,,109.70031189815856,109.70031189815856,99.0,33.33333333333333,0.0,45.601646399162945,Muy rapida,Baja,Sin datos,Especulativo
VBCE,Vanguard Target Maturity 2031 Corporate Bond ETF,ETF/Fund,US Listed,,USD,75.5999984741211,3,1,33.33333333333333,0.275543305746207,0.3390478620491207,-0.31256929668912303,2026-07-01,1.0,1.0,,45.87220938277421,45.87220938277421,45.87220938277421,,33.52443553245518,33.52443553245518,99.0,33.33333333333333,0.0,44.9755433057462,Muy rapida,Baja,Sin datos,Especulativo
NKE,"NIKE, Inc.",Stock,NYSE,3021,USD,46.22999954223633,6,2,33.33333333333333,0.6435642658959786,0.6468781738034348,-0.8337046267530085,2026-06-01,3.0,3.0,0.0,248.68125237598713,248.68125237598713,277.1083411166631,40.20197443584743,26.100106339114685,26.100106339114685,97.0,33.33333333333333,100.0,59.74356426589597,Muy rapida,Baja,Muy estable,Especulativo
BITS,Global X Blockchain & Bitcoin Strategy ETF,ETF/Fund,US Listed,,USD,59.0260009765625,3,1,33.33333333333333,6.247389602943168,0.3579737405528134,-7.1413069469614205,2026-06-29,4.0,4.0,,133.0200316724367,133.0200316724367,133.0200316724367,,190.02476708952133,190.02476708952133,96.0,33.33333333333333,0.0,50.04738960294316,Muy rapida,Baja,Sin datos,Especulativo
XEY,GraniteShares YieldBOOST Ether ETF,ETF/Fund,,,USD,20.350000381469727,9,3,33.33333333333333,1.0868368252887566,0.9732600664602702,-1.283652936063341,2026-06-26,4.0,3.0,1.7320508075688772,344.34996195556096,230.0611849676753,699.2663932749092,313.79074699145457,33.057953435866345,33.057953435866345,96.0,33.33333333333333,98.26794919243112,59.627029204153416,Muy rapida,Baja,Muy estable,Especulativo
SLRC,SLR Investment Corp.,Stock,Nasdaq,0,USD,12.920000076293944,12,4,33.33333333333333,2.5248897872932177,2.439079709776317,-2.468441732199124,2026-06-12,5.0,5.0,0.0,246.7922246012195,246.7922246012195,251.54707284696792,5.490425829277352,61.43898482413495,61.43898482413495,95.0,33.33333333333333,100.0,61.02488978729322,Muy rapida,Baja,Muy estable,Especulativo
NEWTH,"NewtekOne, Inc. 8.625% Fixed Rate Senior Notes due 2029",Note/Bond,,,USD,25.690000534057617,3,1,33.33333333333333,2.3707981151149746,2.215628860215334,-1.751811730986807,2026-04-14,5.0,5.0,,203.74647800979108,203.74647800979108,203.74647800979108,,57.689420801131035,57.689420801131035,95.0,33.33333333333333,0.0,45.87079811511497,Muy rapida,Baja,Sin datos,Especulativo
ROCQ,JPMorgan Nasdaq Equity Premium Yield ETF,ETF/Fund,US Listed,,USD,57.65999984741211,3,1,33.33333333333333,0.9927009946103537,0.9074228258491456,-1.0834386463314798,2026-07-01,5.0,5.0,,107.2740142212466,107.2740142212466,107.2740142212466,,24.155724202185265,24.155724202185265,95.0,33.33333333333333,0.0,44.49270099461035,Muy rapida,Baja,Sin datos,Especulativo
SYLD.L,GLOBAL X ETFS ICAV GLOBAL X STO,ETF/Fund,London Stock Exchange,Europe,USD,17.340999603271484,3,1,33.33333333333333,0.907268908832675,0.961326272448251,-0.8420238470868493,2026-06-04,6.0,6.0,,72.52459612958772,72.52459612958772,72.52459612958772,,18.397397317995907,18.397397317995907,94.0,33.33333333333333,0.0,44.10726890883267,Muy rapida,Baja,Sin datos,Especulativo
ROCY,JPMorgan Equity Premium Yield ETF,ETF/Fund,US Listed,,USD,54.16999816894531,3,1,33.33333333333333,0.7717067238116071,0.6754107667844572,-0.6529355643201361,2026-07-01,6.0,6.0,,72.26897865462249,72.26897865462249,72.26897865462249,,15.648497455068698,15.648497455068698,94.0,33.33333333333333,0.0,43.9717067238116,Muy rapida,Baja,Sin datos,Especulativo
VBCC,Vanguard Target Maturity 2029 Corporate Bond ETF,ETF/Fund,US Listed,,USD,75.58000183105469,3,1,33.33333333333333,0.26183863525768425,0.3343477029345206,-0.29086718554430174,2026-07-01,6.0,6.0,,15.663143039939143,15.663143039939143,15.663143039939143,,5.30950565939193,5.30950565939193,94.0,33.33333333333333,0.0,43.46183863525768,Muy rapida,Baja,Sin datos,Especulativo
VBCB,Vanguard Target Maturity 2028 Corporate Bond ETF,ETF/Fund,US Listed,,USD,75.5999984741211,3,1,33.33333333333333,0.23708530972539002,0.2966931276814522,-0.24894057766963776,2026-07-01,6.0,6.0,,8.21888196238622,8.21888196238622,8.21888196238622,,4.807563224987075,4.807563224987075,94.0,33.33333333333333,0.0,43.43708530972538,Muy rapida,Baja,Sin datos,Especulativo
NMFC,New Mountain Finance Corp,Stock,Nasdaq,0,USD,7.78000020980835,12,4,33.33333333333333,3.297422487208204,3.2195869747004964,-2.2984981890259597,2026-06-16,9.5,9.5,9.814954576223638,1039.3410867193354,1039.3410867193354,2017.3505199823264,1129.3080191287625,42.23014764319278,42.23014764319278,90.5,33.33333333333333,90.18504542377636,58.975179300774656,Rapida,Baja,Estable,Especulativo
AGNCN,"AGNC Investment Corp. Depositary Shares Each Representing a 1/1,000th Interest in a Share of 7.00% Series C Fixed-To-Floating Rate Cumulative Redeemable Preferred Stock",Preferred,,,USD,25.6200008392334,6,2,33.33333333333333,2.3085956652625907,2.304116442517656,-1.706702234702638,2026-07-01,15.0,15.0,8.48528137423857,72.28856025321075,72.28856025321075,102.35237624510742,42.51665631242942,18.725275951574346,18.725275951574346,85.0,33.33333333333333,91.51471862576143,56.53580345912681,Rapida,Baja,Estable,Especulativo
OFS,OFS Capital Corp,Stock,Nasdaq,0,USD,3.930000066757202,12,4,33.33333333333333,4.0515941936395565,3.8289160862913034,-6.81885408497789,2026-06-18,16.0,16.0,13.856406460551018,284.23491527491103,284.23491527491103,524.760336397177,277.73483326377664,30.808997514134127,30.808997514134127,84.0,33.33333333333333,86.14359353944899,57.173133224556906,Rapida,Baja,Estable,Especulativo
REFI,"Chicago Atlantic Real Estate Finance, Inc. Common Stock",Other Unmatched,,,USD,11.06999969482422,6,2,33.33333333333333,3.645298487210185,3.639847559622565,-3.2860659011189384,2026-06-30,16.5,16.5,2.1213203435596424,116.3845019735888,116.3845019735888,139.8227178856849,33.1466428207152,26.87947369357005,26.87947369357005,83.5,33.33333333333333,97.87867965644035,58.37710043567623,Rapida,Baja,Muy estable,Especulativo
CRCT,"Cricut, Inc.",Stock,Nasdaq,3559,USD,4.960000038146973,6,2,33.33333333333333,5.164833271297188,2.0161290167521737,-6.023093106371612,2026-01-06,17.0,17.0,0.0,43.52145516067716,43.52145516067716,43.52145516067716,0.0,36.964002823989674,36.964002823989674,83.0,33.33333333333333,100.0,60.06483327129719,Rapida,Baja,Muy estable,Especulativo
GBDC,"GOLUB CAPITAL BDC, Inc.",Stock,Nasdaq,0,USD,13.289999961853027,12,4,33.33333333333333,2.6069041082220052,2.6031894697312294,-3.333929309232983,2026-06-15,18.5,18.5,15.588457268119896,218.85572682399302,218.85572682399302,403.2152570278053,212.88004878168795,17.144504495514084,17.144504495514084,81.5,33.33333333333333,84.4115427318801,54.718635518004014,Rapida,Baja,Variable,Especulativo
BHFAP,"Brighthouse Financial, Inc. Depositary Shares 6.6% Non-Cumulative Preferred Stock, Series A",Preferred,,,USD,15.260000228881836,6,2,33.33333333333333,2.342801477821889,2.4084998969480713,-3.123266390293965,2026-06-10,18.5,18.5,12.020815280171307,65.0734641716747,65.0734641716747,93.53433772612148,40.24975337768439,15.40761332261242,15.40761332261242,81.5,33.33333333333333,87.9791847198287,54.989679185796184,Rapida,Baja,Estable,Especulativo
RWAY,Runway Growth Finance Corp.,Stock,Nasdaq,0,USD,6.650000095367432,12,4,33.33333333333333,3.7694392643382977,3.404375870091902,-4.24370757854605,2026-05-18,20.0,20.0,6.928203230275509,71.38143352925286,71.38143352925286,88.662081224626,19.953973197389534,22.930755524724642,22.930755524724642,80.0,33.33333333333333,93.07179676972449,56.73020877979697,Rapida,Baja,Estable,Especulativo
RAND,RAND CAPITAL CORP,Stock,Nasdaq,0,USD,11.81999969482422,12,4,33.33333333333333,2.428401856720393,2.0889579713947493,-4.03360503359137,2026-05-27,21.0,21.0,23.09401076758503,490.64062075259847,490.64062075259847,958.1230854988098,539.8022537253097,14.069312344491163,14.069312344491163,79.0,33.33333333333333,76.90598923241497,52.66430024158263,Rapida,Baja,Variable,Especulativo
SEVN,Seven Hills Realty Trust Common Stock,ETF/Fund,,,USD,8.470000267028809,6,2,33.33333333333333,2.8066773467050847,2.7330792205135093,-4.740418467006383,2026-04-21,30.0,30.0,8.48528137423857,48.67637128235223,48.67637128235223,56.65360798627509,11.281516336948158,11.38263590608173,11.38263590608173,70.0,33.33333333333333,91.51471862576143,52.5338851405693,Media,Baja,Estable,Especulativo
SGA,SAGA COMMUNICATIONS INC,Stock,Nasdaq,4832,USD,10.109999656677246,12,4,33.33333333333333,2.0449002319042155,1.9724385045359458,-4.369694504341912,2026-05-22,32.5,32.5,0.5773502691896247,35.74352124745119,35.74352124745119,47.365004071478765,13.419332473669861,7.65526753482091,7.65526753482091,67.5,33.33333333333333,99.42264973081038,52.20829769152577,Media,Baja,Muy estable,Especulativo
GECCG,Great Elm Capital Corp. 7.75% Notes Due 2030,Note/Bond,,,USD,25.200000762939453,3,1,33.33333333333333,2.069781997456482,1.9686039789130416,-1.7221425569308295,2026-06-15,35.0,35.0,,25.48867427911057,25.48867427911057,25.48867427911057,,7.194956467348723,7.194956467348723,65.0,33.33333333333333,0.0,36.56978199745648,Media,Baja,Sin datos,Especulativo
LBRDP,Liberty Broadband Corporation Series A Cumulative Redeemable Preferred Stock,Preferred,,,USD,22.0,6,2,33.33333333333333,1.8095868802606596,1.767842999796049,-1.897193059318324,2026-06-30,47.5,47.5,58.68986283848344,57.20516897600647,57.20516897600647,106.24584488592734,69.35398897975362,4.635082184527303,4.635082184527303,52.5,33.33333333333333,41.31013716151656,38.756107454488145,Media,Baja,Muy variable,Especulativo
FCNCO,"First Citizens BancShares, Inc. 5.625% Non-Cumulative Perpetual Preferred Stock, Series C",Preferred,,,USD,21.38999938964844,6,2,33.33333333333333,1.5479601310411202,1.5301429371479647,-2.5276499134418633,2026-05-29,52.5,52.5,43.1335136523794,20.368632064935095,20.368632064935095,27.974218623388214,10.755923660766912,3.587336176698469,3.587336176698469,47.5,33.33333333333333,56.8664863476206,39.32793308318421,Media,Baja,Muy variable,Especulativo
NMFCZ,New Mountain Finance Corporation 8.250% Notes due 2028,Note/Bond,,,USD,25.68000030517578,3,1,33.33333333333333,2.0071102210708838,2.0078854901573977,-1.7644389967974148,2026-05-01,55.0,55.0,,13.604681116782814,13.604681116782814,13.604681116782814,,4.439971095096197,4.439971095096197,45.0,33.33333333333333,0.0,30.507110221070885,Media,Baja,Sin datos,Especulativo
UG,UNITED GUARDIAN INC,Stock,Nasdaq,2844,USD,7.150000095367432,6,2,33.33333333333333,3.0936926930336224,3.1250000532184337,-5.346826473764092,2026-02-09,77.0,77.0,0.0,20.552171029938517,20.552171029938517,20.552171029938517,0.0,4.888302307174337,4.888302307174337,23.0,33.33333333333333,100.0,39.99369269303362,Lenta,Baja,Muy estable,Especulativo
MHLA,"Maiden Holdings, Ltd.",Stock,NYSE,6331,USD,12.390000343322754,3,1,33.33333333333333,3.0742674689798872,3.1772832577456764,-5.658344137997851,2026-05-29,78.0,78.0,,14.868056270220151,14.868056270220151,14.868056270220151,,4.79533173580196,4.79533173580196,22.0,33.33333333333333,0.0,24.674267468979885,Lenta,Baja,Sin datos,Especulativo
YBTY,GraniteShares YieldBoost TopYielders ETF,ETF/Fund,US Listed,,USD,12.645000457763672,28,7,25.0,1.4425054463314542,1.3125488738259992,-1.4820868958549327,2026-06-29,5.0,7.428571428571429,5.623081683476386,113.22869083083947,143.0849497798961,171.81387866971974,56.53223906560896,26.325724395549038,26.325724395549038,95.0,25.0,94.37691831652361,55.34904319380999,Muy rapida,Baja,Estable,Especulativo
YBST,GraniteShares YieldBoost Single Stock Universe ETF,ETF/Fund,US Listed,,USD,13.850000381469728,28,7,25.0,1.2631566138443078,1.1697216406624618,-1.2474201671518645,2026-06-29,5.0,6.428571428571429,5.411627692821661,108.76640396295802,120.4675303926876,155.49920789548682,43.09856634405608,23.052608202658618,23.052608202658618,95.0,25.0,94.58837230717833,55.20141245992106,Muy rapida,Baja,Estable,Especulativo
MYHB,State Street My2028 High Yield Corporate Bond ETF,ETF/Fund,US Listed,,USD,25.020000457763672,4,1,25.0,0.554236289040297,0.542229681940829,-0.4828161926823937,2026-07-01,8.0,8.0,,31.820142738705293,31.820142738705293,31.820142738705293,,6.321757671865887,6.321757671865887,92.0,25.0,0.0,39.40423628904029,Rapida,Baja,Sin datos,Especulativo
MYHA,State Street My2027 High Yield Corporate Bond ETF,ETF/Fund,US Listed,,USD,24.989999771118164,4,1,25.0,0.5124181241516921,0.49389013505099794,-0.45921357561816784,2026-07-01,9.0,9.0,,23.75183682559298,23.75183682559298,23.75183682559298,,5.195350425426878,5.195350425426878,91.0,25.0,0.0,39.06241812415169,Rapida,Baja,Sin datos,Especulativo
STRD,Strategy Inc 10.00% Series A Perpetual Stride Preferred Stock,Preferred,,,USD,71.5,4,1,25.0,3.3645774457702853,3.3305302292644066,-4.060106356774854,2026-06-15,20.0,20.0,,80.94819429398909,80.94819429398909,80.94819429398909,,15.350884596326926,15.350884596326926,80.0,25.0,0.0,38.61457744577029,Rapida,Baja,Sin datos,Especulativo
ICMB,"Investcorp Credit Management BDC, Inc.",Stock,Nasdaq,0,USD,3.049999952316284,8,2,25.0,4.228203154570688,4.238247312431971,-6.536224505325645,2025-12-01,73.0,73.0,0.0,24.590162755468448,24.590162755468448,24.590162755468448,0.0,5.285253943213361,5.285253943213361,27.0,25.0,100.0,38.57820315457069,Lenta,Baja,Muy estable,Especulativo
CRY,GraniteShares YieldBOOST CRCL ETF,ETF/Fund,,,USD,20.709999084472656,9,2,22.22222222222222,1.82293905509069,1.8255432965395848,-1.8421727305445035,2026-06-26,2.5,2.5,2.1213203435596424,835.5844637566656,835.5844637566656,1195.9564126711575,509.64289765369864,59.144244898497945,59.144244898497945,97.5,22.22222222222222,97.87867965644035,55.754741003556745,Muy rapida,Baja,Muy estable,Especulativo
LOAN,"Manhattan Bridge Capital, Inc",Other Unmatched,,,USD,4.800000190734863,5,1,20.0,2.1896952199291904,2.198852764447459,-5.0773168481380475,2026-04-08,8.0,8.0,,152.6648634837103,152.6648634837103,152.6648634837103,,19.980968881853865,19.980968881853865,92.0,20.0,0.0,38.789695219929186,Rapida,Baja,Sin datos,Especulativo
ZIONP,"Zions Bancorporation, N.A. Depositary Shares (Each representing 1/40th Interest in a Share of Series A Floating-Rate Non-Cumulative Perpetual Preferred Stock)",Preferred,,,USD,19.3700008392334,6,1,16.666666666666664,1.4048544574471844,1.4064120190229241,-0.5544961989648926,2026-06-01,1.0,1.0,,1497.3306755107396,1497.3306755107396,1497.3306755107396,,85.4619794947037,85.4619794947037,99.0,16.666666666666664,0.0,38.60485445744718,Muy rapida,Baja,Sin datos,Especulativo
IEP,ICAHN ENTERPRISES L.P.,Stock,Nasdaq,2911,USD,8.1899995803833,12,2,16.666666666666664,5.571979131125704,5.516717433158515,-8.075070093862825,2026-05-18,49.0,49.0,0.0,48.68020302850873,48.68020302850873,48.68020302850873,0.0,6.917593138982591,6.917593138982591,51.0,16.666666666666664,100.0,43.3719791311257,Media,Baja,Muy estable,Especulativo
NHTC,NATURAL HEALTH TRENDS CORP,Stock,Nasdaq,5190,USD,3.1700000762939453,12,2,16.666666666666664,3.790356976980687,3.839280750557135,-9.092720317849501,2026-05-12,70.0,70.0,0.0,27.08719918674049,27.08719918674049,27.08719918674049,0.0,3.294000706185597,3.294000706185597,30.0,16.666666666666664,100.0,35.29035697698069,Lenta,Baja,Muy estable,Especulativo
VISN,"Vistance Networks, Inc.",Stock,Nasdaq,3663,USD,19.530000686645508,2,0,0.0,51.203275209498265,51.203275209498265,-49.30875949584666,2026-04-28,,,,,,,,,,0.0,0.0,0.0,10.0,Sin recuperacion,Baja,Sin datos,Especulativo
TASK,"TaskUs, Inc.",Stock,Nasdaq,7374,USD,10.479999542236328,2,0,0.0,34.82824579609787,34.82824579609787,-37.59541748551016,2026-03-26,,,,,,,,,,0.0,0.0,0.0,10.0,Sin recuperacion,Baja,Sin datos,Especulativo
TLF,TANDY LEATHER FACTORY INC,Stock,Nasdaq,3100,USD,3.069999933242798,4,0,0.0,26.05262216057008,26.05262216057008,-25.19501993444261,2026-02-25,,,,,,,,,,0.0,0.0,0.0,10.0,Sin recuperacion,Baja,Sin datos,Especulativo
AD,"ARRAY DIGITAL INFRASTRUCTURE, INC.",Stock,NYSE,4812,USD,52.34999847412109,3,0,0.0,22.759852233156064,21.012417040351558,-24.42671236724064,2026-06-11,,,,,,,,,,0.0,0.0,0.0,10.0,Sin recuperacion,Baja,Sin datos,Especulativo
TORO,Toro Corp. Common Stock,Other Unmatched,,,USD,7.679999828338623,2,0,0.0,21.885016044643123,21.885016044643123,-21.31195261261083,2026-05-04,,,,,,,,,,0.0,0.0,0.0,10.0,Sin recuperacion,Baja,Sin datos,Especulativo
BBCP,"Concrete Pumping Holdings, Inc.",Stock,Nasdaq,1700,USD,8.770000457763672,2,0,0.0,11.40250795670993,11.40250795670993,-5.245154095057727,2025-01-24,,,,,,,,,,0.0,0.0,0.0,10.0,Sin recuperacion,Baja,Sin datos,Especulativo
BRBS,"BLUE RIDGE BANKSHARES, INC.",Stock,NYSE,6022,USD,4.179999828338623,2,0,0.0,9.86520577544317,9.86520577544317,-10.726705122197076,2026-04-13,,,,,,,,,,0.0,0.0,0.0,9.86520577544317,Sin recuperacion,Baja,Sin datos,Especulativo
PPC,PILGRIMS PRIDE CORP,Stock,Nasdaq,2015,USD,47.790000915527344,4,0,0.0,7.893314934745661,7.893314934745661,-4.471842297758119,2025-08-20,,,,,,,,,,0.0,0.0,0.0,7.893314934745661,Sin recuperacion,Baja,Sin datos,Especulativo
HTCR,"HeartCore Enterprises, Inc.",Stock,Nasdaq,7374,USD,17.479999542236328,2,0,0.0,7.808924689624831,7.808924689624831,-14.187640773353513,2025-11-10,,,,,,,,,,0.0,0.0,0.0,7.808924689624831,Sin recuperacion,Baja,Sin datos,Especulativo
AFBI,"Affinity Bancshares, Inc.",Stock,Nasdaq,6036,USD,19.88999938964844,2,0,0.0,7.54147836113389,7.54147836113389,-10.356960930901234,2025-03-13,,,,,,,,,,0.0,0.0,0.0,7.54147836113389,Sin recuperacion,Baja,Sin datos,Especulativo
SPCK,SPAC and New Issue ETF,ETF/Fund,,,USD,22.29400062561035,2,0,0.0,7.194033881331759,7.194033881331759,-7.144433494835886,2025-12-24,,,,,,,,,,0.0,0.0,0.0,7.194033881331759,Sin recuperacion,Baja,Sin datos,Especulativo
ACIC,AMERICAN COASTAL INSURANCE Corp,Stock,Nasdaq,6331,USD,12.630000114440918,4,0,0.0,4.826476234275417,4.826476234275417,-7.660275507609226,2026-01-02,,,,,,,,,,0.0,0.0,0.0,4.826476234275417,Sin recuperacion,Baja,Sin datos,Especulativo
MRA,GraniteShares Autocallable MARA ETF,ETF/Fund,,,USD,24.09000015258789,2,0,0.0,3.521162776447248,3.521162776447248,-4.794072411909895,2026-07-01,,,,,,,,,,0.0,0.0,0.0,3.521162776447248,Sin recuperacion,Baja,Sin datos,Especulativo
SCA,GraniteShares Autocallable SMCI ETF,ETF/Fund,,,USD,21.790000915527344,2,0,0.0,3.408299925325641,3.408299925325641,-6.024185047394921,2026-07-01,,,,,,,,,,0.0,0.0,0.0,3.408299925325641,Sin recuperacion,Baja,Sin datos,Especulativo
EZRA,"Reliance Global Group, Inc.",Stock,Nasdaq,6411,USD,40.0,2,0,0.0,1.5375,1.5375,-5.0,2025-10-30,,,,,,,,,,0.0,0.0,0.0,1.5375,Sin recuperacion,Baja,Sin datos,Especulativo
JACK,JACK IN THE BOX INC,Stock,Nasdaq,5812,USD,31.440000534057617,2,0,0.0,1.399491070375036,1.399491070375036,-2.226465493157902,2025-03-20,,,,,,,,,,0.0,0.0,0.0,1.399491070375036,Sin recuperacion,Baja,Sin datos,Especulativo
FKWL,FRANKLIN WIRELESS CORP,Stock,Nasdaq,3661,USD,5.179999828338623,2,0,0.0,0.7722007977909368,0.7722007977909368,-2.509645596753898,2025-11-14,,,,,,,,,,0.0,0.0,0.0,0.7722007977909368,Sin recuperacion,Baja,Sin datos,Especulativo
PCPI,PIMCO Inflation PLUS Active Exchange-Traded Fund,ETF/Fund,,,USD,50.27000045776367,2,0,0.0,0.5953932927360371,0.5953932927360371,-0.5212380229275231,2026-07-01,,,,,,,,,,0.0,0.0,0.0,0.5953932927360371,Sin recuperacion,Baja,Sin datos,Especulativo
