ticker,isin,name,exchange,country,region,asset_type,provider,profile_provider,profile_url,updated_at
0A07.L,,ISHARES $ HIGH YIELD CORP BOND ,London Stock Exchange,London Stock Exchange,Europe,ETF/Fund,yahoo_search,,,2026-07-20T10:22:34+00:00
0A17.L,,VANGUARD SMALL CAP VALUE ETF VA,London Stock Exchange,London Stock Exchange,Europe,ETF/Fund,yahoo_search,,,2026-07-22T09:41:52+00:00
0E76.L,,AMUNDI MSCI EUROPE GROWTH AMUND,London Stock Exchange,London Stock Exchange,Europe,ETF/Fund,yahoo_search,,,2026-07-01T17:52:52+00:00
0IYH.L,,GLOBAL X GOLD EXPLORERS ETF GLO,London Stock Exchange,London Stock Exchange,Europe,ETF/Fund,yahoo_search,,,2026-07-24T09:38:08+00:00
0JDT.L,,ISHARES GOLD TRUST ISHARES GOLD,London Stock Exchange,London Stock Exchange,Europe,ETF/Fund,yahoo_search,,,2026-07-22T09:41:52+00:00
0JJP.L,,ISHARES DOW JONES US OIL AND GA,London Stock Exchange,London Stock Exchange,Europe,ETF/Fund,yahoo_search,,,2026-07-05T09:48:51+00:00
0KZF.L,,SPDR GOLD SHARES SPDR GOLD SHAR,London Stock Exchange,London Stock Exchange,Europe,ETF/Fund,yahoo_search,,,2026-07-20T10:22:34+00:00
0L1P.L,,SPDR DOW JONES INDUSTRIAL AVERA,London Stock Exchange,London Stock Exchange,Europe,ETF/Fund,yahoo_search,,,2026-07-13T10:37:01+00:00
0LLW.L,,VANGUARD DIVIDEND APPRECIATION ,London Stock Exchange,London Stock Exchange,Europe,ETF/Fund,yahoo_search,,,2026-07-24T09:38:08+00:00
0LOE.L,,VANGUARD SMALL-CAP GROWTH INDEX,London Stock Exchange,London Stock Exchange,Europe,ETF/Fund,yahoo_search,,,2026-07-21T09:43:03+00:00
0MKJ.L,,ISHARES GOLD (CH) ISHARES GOLD ,London Stock Exchange,London Stock Exchange,Europe,ETF/Fund,yahoo_search,,,2026-07-12T09:19:59+00:00
0MKK.L,,ISHARES GOLD CHF HEDGED (CH) IS,London Stock Exchange,London Stock Exchange,Europe,ETF/Fund,yahoo_search,,,2026-07-19T09:20:32+00:00
0MKN.L,,UBS ETF (CH) - GOLD (USD) A-DIS,London Stock Exchange,London Stock Exchange,Europe,ETF/Fund,yahoo_search,,,2026-07-24T09:38:08+00:00
0P00000CSE.L,,0P00000CSE.L,London Stock Exchange,London Stock Exchange,Europe,ETF/Fund,yahoo_search,,,2026-07-24T09:38:08+00:00
0P00000CUH.L,,0P00000CUH.L,London Stock Exchange,London Stock Exchange,Europe,ETF/Fund,yahoo_search,,,2026-07-24T09:38:08+00:00
0P00000DE2.L,,0P00000DE2.L,London Stock Exchange,London Stock Exchange,Europe,ETF/Fund,yahoo_search,,,2026-07-24T09:38:08+00:00
0P00000DI9.L,,0P00000DI9.L,London Stock Exchange,London Stock Exchange,Europe,ETF/Fund,yahoo_search,,,2026-07-23T09:40:38+00:00
0P00000R29.L,,BlackRock Corporate Bond A Acc,London Stock Exchange,London Stock Exchange,Europe,ETF/Fund,yahoo_search,,,2026-07-24T09:38:08+00:00
0P00000R53.L,,0P00000R53.L,London Stock Exchange,London Stock Exchange,Europe,ETF/Fund,yahoo_search,,,2026-07-24T09:38:08+00:00
0P00000SW0.L,,0P00000SW0.L,London Stock Exchange,London Stock Exchange,Europe,ETF/Fund,yahoo_search,,,2026-07-24T09:38:08+00:00
0P000023RG.L,,0P000023RG.L,London Stock Exchange,London Stock Exchange,Europe,ETF/Fund,yahoo_search,,,2026-07-24T09:38:08+00:00
0P000026O3.L,,0P000026O3.L,London Stock Exchange,London Stock Exchange,Europe,ETF/Fund,yahoo_search,,,2026-07-20T10:22:34+00:00
0P0000HKIQ.L,,0P0000HKIQ.L,London Stock Exchange,London Stock Exchange,Europe,ETF/Fund,yahoo_search,,,2026-07-24T09:38:08+00:00
0P0000HKIR.L,,0P0000HKIR.L,London Stock Exchange,London Stock Exchange,Europe,ETF/Fund,yahoo_search,,,2026-07-18T09:02:51+00:00
0P0000K7W0.L,,0P0000K7W0.L,London Stock Exchange,London Stock Exchange,Europe,ETF/Fund,yahoo_search,,,2026-07-24T09:38:08+00:00
0P0000M4O3.L,,0P0000M4O3.L,London Stock Exchange,London Stock Exchange,Europe,ETF/Fund,yahoo_search,,,2026-07-24T09:38:08+00:00
0P0000P1B7.L,,0P0000P1B7.L,London Stock Exchange,London Stock Exchange,Europe,ETF/Fund,yahoo_search,,,2026-07-23T09:40:38+00:00
0P0000W4GM.L,,0P0000W4GM.L,London Stock Exchange,London Stock Exchange,Europe,ETF/Fund,yahoo_search,,,2026-07-24T09:38:08+00:00
0P0000WGST.L,,0P0000WGST.L,London Stock Exchange,London Stock Exchange,Europe,ETF/Fund,yahoo_search,,,2026-07-24T09:38:08+00:00
0P0000WGSU.L,,0P0000WGSU.L,London Stock Exchange,London Stock Exchange,Europe,ETF/Fund,yahoo_search,,,2026-07-24T09:38:08+00:00
0P0000WV73.L,,0P0000WV73.L,London Stock Exchange,London Stock Exchange,Europe,ETF/Fund,yahoo_search,,,2026-07-20T10:22:34+00:00
0P0000WV7B.L,,0P0000WV7B.L,London Stock Exchange,London Stock Exchange,Europe,ETF/Fund,yahoo_search,,,2026-07-22T09:41:52+00:00
0P0000X6HK.L,,0P0000X6HK.L,London Stock Exchange,London Stock Exchange,Europe,ETF/Fund,yahoo_search,,,2026-07-24T09:38:08+00:00
0P0000X6HL.L,,0P0000X6HL.L,London Stock Exchange,London Stock Exchange,Europe,ETF/Fund,yahoo_search,,,2026-07-24T09:38:08+00:00
0P0000XAFG.L,,0P0000XAFG.L,London Stock Exchange,London Stock Exchange,Europe,ETF/Fund,yahoo_search,,,2026-07-22T09:41:52+00:00
0P0000XAFH.L,,0P0000XAFH.L,London Stock Exchange,London Stock Exchange,Europe,ETF/Fund,yahoo_search,,,2026-07-22T09:41:52+00:00
0P0000XBPM.L,,0P0000XBPM.L,London Stock Exchange,London Stock Exchange,Europe,ETF/Fund,yahoo_search,,,2026-07-24T09:38:08+00:00
0P0000XBPN.L,,0P0000XBPN.L,London Stock Exchange,London Stock Exchange,Europe,ETF/Fund,yahoo_search,,,2026-07-24T09:38:08+00:00
0P0000Y2N1.L,,0P0000Y2N1.L,London Stock Exchange,London Stock Exchange,Europe,ETF/Fund,yahoo_search,,,2026-07-24T09:38:08+00:00
0P0000YA56.L,,0P0000YA56.L,London Stock Exchange,London Stock Exchange,Europe,ETF/Fund,yahoo_search,,,2026-07-16T09:32:41+00:00
0P000127U9.L,,0P000127U9.L,London Stock Exchange,London Stock Exchange,Europe,ETF/Fund,yahoo_search,,,2026-07-22T09:41:52+00:00
0P00012DTH.L,,Legal & General UK Property Fu,London Stock Exchange,London Stock Exchange,Europe,ETF/Fund,yahoo_search,,,2026-07-24T09:38:08+00:00
0P00012DTK.L,,Legal & General UK Property Fu,London Stock Exchange,London Stock Exchange,Europe,ETF/Fund,yahoo_search,,,2026-07-24T09:38:08+00:00
0P00012KV4.L,,0P00012KV4.L,London Stock Exchange,London Stock Exchange,Europe,ETF/Fund,yahoo_search,,,2026-07-24T09:38:08+00:00
0P000135WS.L,,0P000135WS.L,London Stock Exchange,London Stock Exchange,Europe,ETF/Fund,yahoo_search,,,2026-07-24T09:38:08+00:00
0P00013DRS.L,,0P00013DRS.L,London Stock Exchange,London Stock Exchange,Europe,ETF/Fund,yahoo_search,,,2026-07-19T09:20:32+00:00
0P00013DRW.L,,0P00013DRW.L,London Stock Exchange,London Stock Exchange,Europe,ETF/Fund,yahoo_search,,,2026-07-18T09:02:51+00:00
0P00013P6H.L,,0P00013P6H.L,London Stock Exchange,London Stock Exchange,Europe,ETF/Fund,yahoo_search,,,2026-07-24T09:38:08+00:00
0P00013P6I.L,,0P00013P6I.L,London Stock Exchange,London Stock Exchange,Europe,ETF/Fund,yahoo_search,,,2026-07-24T09:38:08+00:00
0P00013P6J.L,,0P00013P6J.L,London Stock Exchange,London Stock Exchange,Europe,ETF/Fund,yahoo_search,,,2026-07-24T09:38:08+00:00
0P000159KA.L,,0P000159KA.L,London Stock Exchange,London Stock Exchange,Europe,ETF/Fund,yahoo_search,,,2026-07-24T09:38:08+00:00
0P000177KL.L,,0P000177KL.L,London Stock Exchange,London Stock Exchange,Europe,ETF/Fund,yahoo_search,,,2026-07-24T09:38:08+00:00
0P000185UE.L,,0P000185UE.L,London Stock Exchange,London Stock Exchange,Europe,ETF/Fund,yahoo_search,,,2026-07-22T09:41:52+00:00
0P0001B6NW.L,,BlackRock US Opportunities X G,London Stock Exchange,London Stock Exchange,Europe,ETF/Fund,yahoo_search,,,2026-07-22T09:41:52+00:00
0P0001BO2R.L,,0P0001BO2R.L,London Stock Exchange,London Stock Exchange,Europe,ETF/Fund,yahoo_search,,,2026-07-22T09:41:52+00:00
0P0001BO2S.L,,0P0001BO2S.L,London Stock Exchange,London Stock Exchange,Europe,ETF/Fund,yahoo_search,,,2026-07-22T09:41:52+00:00
0P0001CLDH.L,,0P0001CLDH.L,London Stock Exchange,London Stock Exchange,Europe,ETF/Fund,yahoo_search,,,2026-07-24T09:38:08+00:00
0P0001CLDJ.L,,0P0001CLDJ.L,London Stock Exchange,London Stock Exchange,Europe,ETF/Fund,yahoo_search,,,2026-07-24T09:38:08+00:00
0P0001CLDL.L,,0P0001CLDL.L,London Stock Exchange,London Stock Exchange,Europe,ETF/Fund,yahoo_search,,,2026-07-24T09:38:08+00:00
0P0001CLDN.L,,0P0001CLDN.L,London Stock Exchange,London Stock Exchange,Europe,ETF/Fund,yahoo_search,,,2026-07-24T09:38:08+00:00
0P0001D9BN.L,,0P0001D9BN.L,London Stock Exchange,London Stock Exchange,Europe,ETF/Fund,yahoo_search,,,2026-07-23T09:40:38+00:00
0P0001D9BO.L,,0P0001D9BO.L,London Stock Exchange,London Stock Exchange,Europe,ETF/Fund,yahoo_search,,,2026-07-24T09:38:08+00:00
0P0001D9BP.L,,0P0001D9BP.L,London Stock Exchange,London Stock Exchange,Europe,ETF/Fund,yahoo_search,,,2026-07-18T09:02:51+00:00
0P0001D9BQ.L,,0P0001D9BQ.L,London Stock Exchange,London Stock Exchange,Europe,ETF/Fund,yahoo_search,,,2026-07-24T09:38:08+00:00
0P0001DCZ1.L,,0P0001DCZ1.L,London Stock Exchange,London Stock Exchange,Europe,ETF/Fund,yahoo_search,,,2026-07-23T09:40:38+00:00
0P0001DJUB.L,,0P0001DJUB.L,London Stock Exchange,London Stock Exchange,Europe,ETF/Fund,yahoo_search,,,2026-07-24T09:38:08+00:00
0P0001DWES.L,,0P0001DWES.L,London Stock Exchange,London Stock Exchange,Europe,ETF/Fund,yahoo_search,,,2026-07-24T09:38:08+00:00
0P0001H3OR.L,,0P0001H3OR.L,London Stock Exchange,London Stock Exchange,Europe,ETF/Fund,yahoo_search,,,2026-07-22T09:41:52+00:00
0P0001H3OW.L,,0P0001H3OW.L,London Stock Exchange,London Stock Exchange,Europe,ETF/Fund,yahoo_search,,,2026-07-21T09:43:03+00:00
0P0001H77I.L,,0P0001H77I.L,London Stock Exchange,London Stock Exchange,Europe,ETF/Fund,yahoo_search,,,2026-07-24T09:38:08+00:00
0P0001IFVE.L,,0P0001IFVE.L,London Stock Exchange,London Stock Exchange,Europe,ETF/Fund,yahoo_search,,,2026-07-24T09:38:08+00:00
0P0001IFVF.L,,0P0001IFVF.L,London Stock Exchange,London Stock Exchange,Europe,ETF/Fund,yahoo_search,,,2026-07-22T09:41:52+00:00
0P0001M0SC.L,,0P0001M0SC.L,London Stock Exchange,London Stock Exchange,Europe,ETF/Fund,yahoo_search,,,2026-07-23T09:40:38+00:00
0P0001MPBV.L,,0P0001MPBV.L,London Stock Exchange,London Stock Exchange,Europe,ETF/Fund,yahoo_search,,,2026-07-23T09:40:38+00:00
0P0001O7DN.L,,0P0001O7DN.L,London Stock Exchange,London Stock Exchange,Europe,ETF/Fund,yahoo_search,,,2026-07-21T09:43:03+00:00
0P0001PSW3.L,,0P0001PSW3.L,London Stock Exchange,London Stock Exchange,Europe,ETF/Fund,yahoo_search,,,2026-07-24T09:38:08+00:00
0P0001QAB9.L,,0P0001QAB9.L,London Stock Exchange,London Stock Exchange,Europe,ETF/Fund,yahoo_search,,,2026-07-24T09:38:08+00:00
0P0001QIEI.L,,0P0001QIEI.L,London Stock Exchange,London Stock Exchange,Europe,ETF/Fund,yahoo_search,,,2026-07-24T09:38:08+00:00
0P0001QIEJ.L,,0P0001QIEJ.L,London Stock Exchange,London Stock Exchange,Europe,ETF/Fund,yahoo_search,,,2026-07-24T09:38:08+00:00
0P0001QZ2Y.L,,0P0001QZ2Y.L,London Stock Exchange,London Stock Exchange,Europe,ETF/Fund,yahoo_search,,,2026-07-24T09:38:08+00:00
0P0001SKTO.L,,0P0001SKTO.L,London Stock Exchange,London Stock Exchange,Europe,ETF/Fund,yahoo_search,,,2026-07-24T09:38:08+00:00
0P0001TJEF.L,,0P0001TJEF.L,London Stock Exchange,London Stock Exchange,Europe,ETF/Fund,yahoo_search,,,2026-07-24T09:38:08+00:00
0P0001TJEG.L,,0P0001TJEG.L,London Stock Exchange,London Stock Exchange,Europe,ETF/Fund,yahoo_search,,,2026-07-24T09:38:08+00:00
0P0001TJEI.L,,0P0001TJEI.L,London Stock Exchange,London Stock Exchange,Europe,ETF/Fund,yahoo_search,,,2026-07-24T09:38:08+00:00
0P0001TJEJ.L,,0P0001TJEJ.L,London Stock Exchange,London Stock Exchange,Europe,ETF/Fund,yahoo_search,,,2026-07-24T09:38:08+00:00
0P0001TJEK.L,,0P0001TJEK.L,London Stock Exchange,London Stock Exchange,Europe,ETF/Fund,yahoo_search,,,2026-07-24T09:38:08+00:00
0P0001WTDF.L,,0P0001WTDF.L,London Stock Exchange,London Stock Exchange,Europe,ETF/Fund,yahoo_search,,,2026-07-24T09:38:08+00:00
0P0001WTDG.L,,0P0001WTDG.L,London Stock Exchange,London Stock Exchange,Europe,ETF/Fund,yahoo_search,,,2026-07-24T09:38:08+00:00
0P0001X9JY.L,,0P0001X9JY.L,London Stock Exchange,London Stock Exchange,Europe,ETF/Fund,yahoo_search,,,2026-07-22T09:41:52+00:00
0VQL.L,,ISHARES GOLD EUR HEDGED (CH) IS,London Stock Exchange,London Stock Exchange,Europe,ETF/Fund,yahoo_search,,,2026-07-24T09:38:08+00:00
0W84.L,,DEKA EURO STOXX 50 (THESAURIERE,London Stock Exchange,London Stock Exchange,Europe,ETF/Fund,yahoo_search,,,2026-07-24T09:38:08+00:00
0XAA.L,,AMUNDI MSCI EUROPE EX EMU ESG A,London Stock Exchange,London Stock Exchange,Europe,ETF/Fund,yahoo_search,,,2026-07-24T09:38:08+00:00
0Y6D.L,,DB X-TRACKERS FTSE DEV EUR EXUK,London Stock Exchange,London Stock Exchange,Europe,ETF/Fund,yahoo_search,,,2026-07-24T09:38:08+00:00
100D.L,LU1650492256,MULTI UNITS LUXEMBOURG AMUNDI C,London Stock Exchange,London Stock Exchange,Europe,ETF/Fund,yahoo_search,markets_ft,https://markets.ft.com/data/etfs/tearsheet/summary?s=100D:LSE:GBX,2026-07-24T09:38:08+00:00
100EUA.MI,LU0136242590,UBS FTSE 100 UCITS ETF GBP dis,Borsa Italiana,Borsa Italiana,Europe,ETF/Fund,yahoo_search,markets_ft,https://markets.ft.com/data/etfs/tearsheet/summary?s=100EUA:MIL:EUR,2026-07-24T09:38:08+00:00
100H.L,,MULTI UNITS LUXEMBOURG AMUNDI C,London Stock Exchange,London Stock Exchange,Europe,ETF/Fund,yahoo_search,,,2026-07-24T09:38:08+00:00
2B78.DE,IE00BYZK4776,iShares IV-Healthc.Innovation R,Germany/Xetra,Germany/Xetra,Europe,ETF/Fund,yahoo_search,markets_ft,https://markets.ft.com/data/etfs/tearsheet/summary?s=2B78:GER:EUR,2026-07-24T09:38:08+00:00
2B7K.DE,IE00BYX2JD69,iShsIV-MSCI Wld.SRI UCITS ETF R,Germany/Xetra,Germany/Xetra,Europe,ETF/Fund,yahoo_search,markets_ft,https://markets.ft.com/data/etfs/tearsheet/summary?s=2B7K:GER:EUR,2026-07-03T10:12:39+00:00
2B7S.DE,IE00BDFK1573,iShs DL Treas.Bd 1-3yr U.ETF  R,Germany/Xetra,Germany/Xetra,Europe,ETF/Fund,yahoo_search,markets_ft,https://markets.ft.com/data/etfs/tearsheet/summary?s=2B7S:GER:EUR,2026-07-21T09:43:03+00:00
2BRT.L,JE00BDD9QD91,WISDOMTREE COMMODITY SECURITIES,London Stock Exchange,London Stock Exchange,Europe,ETF/Fund,yahoo_search,markets_ft,https://markets.ft.com/data/etfs/tearsheet/summary?s=2BRT:LSE:GBX,2026-07-16T09:32:41+00:00
2BUL.L,JE00B2NFTL95,WISDOMTREE COMMODITY SECURITIES,London Stock Exchange,London Stock Exchange,Europe,ETF/Fund,yahoo_search,markets_ft,https://markets.ft.com/data/etfs/tearsheet/summary?s=2BUL:LSE:GBX,2026-07-24T09:38:08+00:00
2NGA.L,JE00BDD9Q956,WISDOMTREE COMMODITY SECURITIES,London Stock Exchange,London Stock Exchange,Europe,ETF/Fund,yahoo_search,markets_ft,https://markets.ft.com/data/etfs/tearsheet/summary?s=2NGA:LSE:GBX,2026-07-24T09:38:08+00:00
2UKL.L,IE00B94QKC83,WISDOMTREE MULTI ASSET ISSUER P,London Stock Exchange,London Stock Exchange,Europe,ETF/Fund,yahoo_search,markets_ft,https://markets.ft.com/data/etfs/tearsheet/summary?s=2UKL:LSE:GBX,2026-07-24T09:38:08+00:00
2UKS.L,IE00B94QKF15,WISDOMTREE MULTI ASSET ISSUER P,London Stock Exchange,London Stock Exchange,Europe,ETF/Fund,yahoo_search,markets_ft,https://markets.ft.com/data/etfs/tearsheet/summary?s=2UKS:LSE:GBX,2026-07-24T09:38:08+00:00
36BZ.DE,IE00BQT3WG13,iShsIV-MSCI China A UCITS ETF R,Germany/Xetra,Germany/Xetra,Europe,ETF/Fund,yahoo_search,markets_ft,https://markets.ft.com/data/etfs/tearsheet/summary?s=36BZ:GER:EUR,2026-07-24T09:38:08+00:00
3BAS.L,XS2637076568,WISDOMTREE MULTI ASSET ISSUER P,London Stock Exchange,London Stock Exchange,Europe,ETF/Fund,yahoo_search,markets_ft,https://markets.ft.com/data/etfs/tearsheet/summary?s=3BAS:LSE:GBX,2026-07-24T09:38:08+00:00
3BAS.MI,XS2637076568,WT EURO STOXX banks 3x Daily Sh,Borsa Italiana,Borsa Italiana,Europe,ETF/Fund,yahoo_variant,markets_ft,https://markets.ft.com/data/etfs/tearsheet/summary?s=3BAS:MIL:EUR,2026-07-01T17:52:52+00:00
3DEL.L,,WISDOMTREE MULTI ASSET ISSUER P,London Stock Exchange,London Stock Exchange,Europe,ETF/Fund,yahoo_search,,,2026-07-24T09:38:08+00:00
3DEL.MI,XS3306518492,WISDOMTREE DAX 3X DAILY LEVERAG,Borsa Italiana,Borsa Italiana,Europe,ETF/Fund,yahoo_search,markets_ft,https://markets.ft.com/data/etfs/tearsheet/summary?s=3DEL:MIL:EUR,2026-07-23T09:40:38+00:00
3DES.L,,WISDOMTREE MULTI ASSET ISSUER P,London Stock Exchange,London Stock Exchange,Europe,ETF/Fund,yahoo_search,,,2026-07-24T09:38:08+00:00
3DES.MI,XS3306517338,WISDOMTREE DAX 3X DAILY SHORT,Borsa Italiana,Borsa Italiana,Europe,ETF/Fund,yahoo_search,markets_ft,https://markets.ft.com/data/etfs/tearsheet/summary?s=3DES:MIL:EUR,2026-07-24T09:38:08+00:00
3EUL.L,,WISDOMTREE MULTI ASSET ISSUER P,London Stock Exchange,London Stock Exchange,Europe,ETF/Fund,yahoo_search,,,2026-07-24T09:38:08+00:00
3EUL.MI,XS3306518658,WISDOMTREE EURO STOXX 50 3X DAI,Borsa Italiana,Borsa Italiana,Europe,ETF/Fund,yahoo_search,markets_ft,https://markets.ft.com/data/etfs/tearsheet/summary?s=3EUL:MIL:EUR,2026-07-01T17:52:52+00:00
3EUS.L,,WISDOMTREE MULTI ASSET ISSUER P,London Stock Exchange,London Stock Exchange,Europe,ETF/Fund,yahoo_search,,,2026-07-24T09:38:08+00:00
3EUS.MI,XS3306517502,WISDOMTREE EURO STOXX 50 3X DAI,Borsa Italiana,Borsa Italiana,Europe,ETF/Fund,yahoo_search,markets_ft,https://markets.ft.com/data/etfs/tearsheet/summary?s=3EUS:MIL:EUR,2026-07-24T09:38:08+00:00
3GOL.MI,IE00B8HGT870,WISDOMTREE GOLD 3X DAILY LEVERA,Borsa Italiana,Borsa Italiana,Europe,ETF/Fund,yahoo_search,markets_ft,https://markets.ft.com/data/etfs/tearsheet/summary?s=3GOL:MIL:EUR,2026-07-20T10:22:34+00:00
3GOS.MI,IE00B6X4BP29,WISDOMTREE GOLD 3X DAILY SHORT,Borsa Italiana,Borsa Italiana,Europe,ETF/Fund,yahoo_search,markets_ft,https://markets.ft.com/data/etfs/tearsheet/summary?s=3GOS:MIL:EUR,2026-07-23T09:40:38+00:00
3ITL.MI,IE00B8NB3063,WISDOMTREE FTSE MIB 3X DAILY LE,Borsa Italiana,Borsa Italiana,Europe,ETF/Fund,yahoo_search,markets_ft,https://markets.ft.com/data/etfs/tearsheet/summary?s=3ITL:MIL:EUR,2026-07-24T09:38:08+00:00
3ITS.MI,XS2819844031,WISDOMTREE FTSE MIB 3X DAILY SH,Borsa Italiana,Borsa Italiana,Europe,ETF/Fund,yahoo_search,markets_ft,https://markets.ft.com/data/etfs/tearsheet/summary?s=3ITS:MIL:EUR,2026-07-24T09:38:08+00:00
3LDE.L,XS3306518492,WISDOMTREE MULTI ASSET ISSUER P,London Stock Exchange,London Stock Exchange,Europe,ETF/Fund,yahoo_search,markets_ft,https://markets.ft.com/data/etfs/tearsheet/summary?s=3LDE:LSE:GBX,2026-07-24T09:38:08+00:00
3LES.L,XS3306517502,WISDOMTREE MULTI ASSET ISSUER P,London Stock Exchange,London Stock Exchange,Europe,ETF/Fund,yahoo_search,markets_ft,https://markets.ft.com/data/etfs/tearsheet/summary?s=3LES:LSE:GBX,2026-07-24T09:38:08+00:00
3LEU.L,XS3306518658,WISDOMTREE MULTI ASSET ISSUER P,London Stock Exchange,London Stock Exchange,Europe,ETF/Fund,yahoo_search,markets_ft,https://markets.ft.com/data/etfs/tearsheet/summary?s=3LEU:LSE:GBX,2026-07-24T09:38:08+00:00
3LGO.L,IE00B8HGT870,WISDOMTREE MULTI ASSET ISSUER P,London Stock Exchange,London Stock Exchange,Europe,ETF/Fund,yahoo_search,markets_ft,https://markets.ft.com/data/etfs/tearsheet/summary?s=3LGO:LSE:GBX,2026-07-24T09:38:08+00:00
3SDE.L,XS3306517338,WISDOMTREE MULTI ASSET ISSUER P,London Stock Exchange,London Stock Exchange,Europe,ETF/Fund,yahoo_search,markets_ft,https://markets.ft.com/data/etfs/tearsheet/summary?s=3SDE:LSE:GBX,2026-07-24T09:38:08+00:00
3SUR.DE,IE00BZ173V67,iShsIV-MSCI USA SRI UCITS ETF R,Germany/Xetra,Germany/Xetra,Europe,ETF/Fund,yahoo_search,markets_ft,https://markets.ft.com/data/etfs/tearsheet/summary?s=3SUR:GER:EUR,2026-07-24T09:38:08+00:00
3UKS.L,IE00B7VB3908,WISDOMTREE MULTI ASSET ISSUER P,London Stock Exchange,London Stock Exchange,Europe,ETF/Fund,yahoo_search,markets_ft,https://markets.ft.com/data/etfs/tearsheet/summary?s=3UKS:LSE:GBX,2026-07-24T09:38:08+00:00
3USL.L,,WISDOMTREE MULTI ASSET ISSUER P,London Stock Exchange,London Stock Exchange,Europe,ETF/Fund,yahoo_variant,,,2026-06-28T17:24:25+00:00
3USL.MI,IE00B7Y34M31,WISDOMTREE S&P 500 3X DAILY LEV,Borsa Italiana,Borsa Italiana,Europe,ETF/Fund,yahoo_search,markets_ft,https://markets.ft.com/data/etfs/tearsheet/summary?s=3USL:MIL:EUR,2026-07-24T09:38:08+00:00
3USS.L,,WISDOMTREE MULTI ASSET ISSUER P,London Stock Exchange,London Stock Exchange,Europe,ETF/Fund,yahoo_variant,,,2026-07-03T10:12:39+00:00
3USS.MI,IE00B8K7KM88,WISDOMTREE S&P 500 3X DAILY SHO,Borsa Italiana,Borsa Italiana,Europe,ETF/Fund,yahoo_search,markets_ft,https://markets.ft.com/data/etfs/tearsheet/summary?s=3USS:MIL:EUR,2026-07-24T09:38:08+00:00
4UB1.DE,IE00BK72HM96,UBS(I)-UBS M.Wld Soc.Res.U.ETFR,Germany/Xetra,Germany/Xetra,Europe,ETF/Fund,yahoo_search,markets_ft,https://markets.ft.com/data/etfs/tearsheet/summary?s=4UB1:GER:EUR,2026-07-24T09:38:08+00:00
4UBK.DE,IE00BJXT3B87,UBS(I)ETF-MSCI USA Soc.Resp.UER,Germany/Xetra,Germany/Xetra,Europe,ETF/Fund,yahoo_search,markets_ft,https://markets.ft.com/data/etfs/tearsheet/summary?s=4UBK:GER:EUR,2026-07-08T09:40:49+00:00
4UBQ.DE,IE00BHXMHL11,UBS(Irl)ETF-S&P 500 SS UC.ETF R,Germany/Xetra,Germany/Xetra,Europe,ETF/Fund,yahoo_search,markets_ft,https://markets.ft.com/data/etfs/tearsheet/summary?s=4UBQ:GER:EUR,2026-07-23T09:40:38+00:00
500G.L,LU1681049018,AMUNDI INDEX SOLUTIONS AMUNDI S,London Stock Exchange,London Stock Exchange,Europe,ETF/Fund,yahoo_search,markets_ft,https://markets.ft.com/data/etfs/tearsheet/summary?s=500G:LSE:GBX,2026-07-24T09:38:08+00:00
500P.L,IE00BMDPBZ72,FRANKLIN TEMPLETON ICAV FRK SP ,London Stock Exchange,London Stock Exchange,Europe,ETF/Fund,yahoo_search,markets_ft,https://markets.ft.com/data/etfs/tearsheet/summary?s=500P:LSE:GBP,2026-07-23T09:40:38+00:00
5ESG.DE,IE00BKS7L097,InvescoMI S&P500 ESG ETF      R,Germany/Xetra,Germany/Xetra,Europe,ETF/Fund,yahoo_search,markets_ft,https://markets.ft.com/data/etfs/tearsheet/summary?s=5ESG:GER:EUR,2026-07-14T09:20:05+00:00
5ESG.L,IE00BHXMHR72,UBS (IRL) ETF PLC UBS S&P 500 S,London Stock Exchange,London Stock Exchange,Europe,ETF/Fund,yahoo_search,markets_ft,https://markets.ft.com/data/etfs/tearsheet/summary?s=5ESG:LSE:GBX,2026-07-19T09:20:32+00:00
5ESG.MI,IE00BKS7L097,Invesco S&P 500 Scored & Screen,Borsa Italiana,Borsa Italiana,Europe,ETF/Fund,yahoo_variant,markets_ft,https://markets.ft.com/data/etfs/tearsheet/summary?s=5ESG:MIL:EUR,2026-07-01T17:52:52+00:00
5ESGE.MI,IE00BHXMHQ65,UBS S&P 500 Scored & Screened U,Borsa Italiana,Borsa Italiana,Europe,ETF/Fund,yahoo_search,markets_ft,https://markets.ft.com/data/etfs/tearsheet/summary?s=5ESGE:MIL:EUR,2026-07-22T09:41:52+00:00
5ITL.MI,XS2771500696,WisdomTree FTSE MIB 5x Daily Le,Borsa Italiana,Borsa Italiana,Europe,ETF/Fund,yahoo_search,markets_ft,https://markets.ft.com/data/etfs/tearsheet/summary?s=5ITL:MIL:EUR,2026-07-01T17:52:52+00:00
5PAH.DE,IE000HGH8PV2,Gl.X S&P 500 Ann.Tail H.U.ETF R,Germany/Xetra,Germany/Xetra,Europe,ETF/Fund,yahoo_search,markets_ft,https://markets.ft.com/data/etfs/tearsheet/summary?s=5PAH:GER:EUR,2026-07-22T09:41:52+00:00
5TYS.MI,IE00BYNXPJ70,WISDOMTREE US TSY 10Y 5X DAILY ,Borsa Italiana,Borsa Italiana,Europe,ETF/Fund,yahoo_search,markets_ft,https://markets.ft.com/data/etfs/tearsheet/summary?s=5TYS:MIL:EUR,2026-07-21T09:43:03+00:00
600X.AS,IE00BK5H8015,State Street SPDR STOXX Europe ,Euronext Amsterdam,Euronext Amsterdam,Europe,ETF/Fund,yahoo_search,markets_ft,https://markets.ft.com/data/etfs/tearsheet/summary?s=600X:AEX:EUR,2026-07-24T09:38:08+00:00
600X.MI,IE00BK5H8015,State Street SPDR STOXX Europe ,Borsa Italiana,Borsa Italiana,Europe,ETF/Fund,yahoo_search,markets_ft,https://markets.ft.com/data/etfs/tearsheet/summary?s=600X:MIL:EUR,2026-07-24T09:38:08+00:00
6AQQ.DE,LU1681038243,AIS-Amundi NASDAQ-100 Swap UE N,Germany/Xetra,Germany/Xetra,Europe,ETF/Fund,yahoo_search,markets_ft,https://markets.ft.com/data/etfs/tearsheet/summary?s=6AQQ:GER:EUR,2026-07-24T09:38:08+00:00
6PSE.DE,IE00BK5LYT47,InvescoMI MSCI USA ETF        R,Germany/Xetra,Germany/Xetra,Europe,ETF/Fund,yahoo_search,markets_ft,https://markets.ft.com/data/etfs/tearsheet/summary?s=6PSE:GER:EUR,2026-07-24T09:38:08+00:00
8R80.DE,,AIS-Amu.MSCI Japan SRI CPAUE  N,Germany/Xetra,Germany/Xetra,Europe,ETF/Fund,yahoo_search,,,2026-07-24T09:38:08+00:00
A500.MI,LU1681048804,Amundi S&P 500 Swap UCITS ETF E,Borsa Italiana,Borsa Italiana,Europe,ETF/Fund,yahoo_search,markets_ft,https://markets.ft.com/data/etfs/tearsheet/summary?s=A500:MIL:EUR,2026-07-24T09:38:08+00:00
AE5B.DE,LU2608817958,MUL-Am.MSCI Europe ACTION     A,Germany/Xetra,Germany/Xetra,Europe,ETF/Fund,yahoo_search,markets_ft,https://markets.ft.com/data/etfs/tearsheet/summary?s=AE5B:GER:EUR,2026-07-24T09:38:08+00:00
AHYZ.DE,,AIS-A.MSCI JPN ESG BR.Tran.UE A,Germany/Xetra,Germany/Xetra,Europe,ETF/Fund,yahoo_search,,,2026-07-09T10:34:17+00:00
AIAG.L,IE00BK5BCD43,LEGAL & GENERAL UCITS ETF PUBLI,London Stock Exchange,London Stock Exchange,Europe,ETF/Fund,yahoo_search,markets_ft,https://markets.ft.com/data/etfs/tearsheet/summary?s=AIAG:LSE:GBX,2026-07-24T09:38:08+00:00
AIAI.L,,LEGAL & GENERAL UCITS ETF PUBLI,London Stock Exchange,London Stock Exchange,Europe,ETF/Fund,yahoo_search,,,2026-07-24T09:38:08+00:00
AIAI.MI,IE00BK5BCD43,L&G ARTIFICIAL INTELLIGENCE UCI,Borsa Italiana,Borsa Italiana,Europe,ETF/Fund,yahoo_search,markets_ft,https://markets.ft.com/data/etfs/tearsheet/summary?s=AIAI:MIL:EUR,2026-07-24T09:38:08+00:00
AIGE.MI,GB00B15KYB02,WISDOMTREE ENERGY,Borsa Italiana,Borsa Italiana,Europe,ETF/Fund,yahoo_search,markets_ft,https://markets.ft.com/data/etfs/tearsheet/summary?s=AIGE:MIL:EUR,2026-07-24T09:38:08+00:00
AIGG.MI,GB00B15KYL00,WISDOMTREE GRAINS,Borsa Italiana,Borsa Italiana,Europe,ETF/Fund,yahoo_search,markets_ft,https://markets.ft.com/data/etfs/tearsheet/summary?s=AIGG:MIL:EUR,2026-07-20T10:22:34+00:00
ALLG.L,IE000L6ZMMC4,XTRACKERS (IE) PUBLIC LIMITED C,London Stock Exchange,London Stock Exchange,Europe,ETF/Fund,yahoo_search,markets_ft,https://markets.ft.com/data/etfs/tearsheet/summary?s=ALLG:LSE:GBP,2026-07-24T09:38:08+00:00
ALLW.DE,IE000L6ZMMC4,Xtr.IEXtr.FTSE All-Wld ETF    R,Germany/Xetra,Germany/Xetra,Europe,ETF/Fund,yahoo_variant,markets_ft,https://markets.ft.com/data/etfs/tearsheet/summary?s=ALLW:GER:EUR,2026-07-01T17:52:52+00:00
ALLW.L,,XTRACKERS (IE) PUBLIC LIMITED C,London Stock Exchange,London Stock Exchange,Europe,ETF/Fund,yahoo_search,,,2026-07-24T09:38:08+00:00
ALLW.MI,IE000L6ZMMC4,Xtrackers FTSE All-World UCITS ,Borsa Italiana,Borsa Italiana,Europe,ETF/Fund,yahoo_search,markets_ft,https://markets.ft.com/data/etfs/tearsheet/summary?s=ALLW:MIL:EUR,2026-07-24T09:38:08+00:00
AMAP.L,IE00BMYMHS24,HANETF ICAV SATURNA AL-K GBL FO,London Stock Exchange,London Stock Exchange,Europe,ETF/Fund,yahoo_search,markets_ft,https://markets.ft.com/data/etfs/tearsheet/summary?s=AMAP:LSE:GBX,2026-07-19T09:20:32+00:00
AME6.DE,LU1681040223,AIS-Amundi Stoxx Eur. 600 ESG N,Germany/Xetra,Germany/Xetra,Europe,ETF/Fund,yahoo_search,markets_ft,https://markets.ft.com/data/etfs/tearsheet/summary?s=AME6:GER:EUR,2026-07-24T09:38:08+00:00
AMEA.DE,LU1681044480,AIS-Amundi MSCI EM ASIA       N,Germany/Xetra,Germany/Xetra,Europe,ETF/Fund,yahoo_search,markets_ft,https://markets.ft.com/data/etfs/tearsheet/summary?s=AMEA:GER:EUR,2026-07-21T09:43:03+00:00
AMEQ.DE,LU1681041890,AIS-Amundi MSCI Eu.Quality F. N,Germany/Xetra,Germany/Xetra,Europe,ETF/Fund,yahoo_search,markets_ft,https://markets.ft.com/data/etfs/tearsheet/summary?s=AMEQ:GER:EUR,2026-07-24T09:38:08+00:00
ANXG.L,LU1681038326,AMUNDI INDEX SOLUTIONS AMUNDI N,London Stock Exchange,London Stock Exchange,Europe,ETF/Fund,yahoo_search,markets_ft,https://markets.ft.com/data/etfs/tearsheet/summary?s=ANXG:LSE:GBX,2026-07-05T09:48:51+00:00
ARMY.L,,HANETF ICAV FUTURE OF EU DEF SC,London Stock Exchange,London Stock Exchange,Europe,ETF/Fund,yahoo_search,,,2026-07-22T09:41:52+00:00
ASIL.L,LU1900068914,MULTI UNITS LUXEMBOURG AMUNDI M,London Stock Exchange,London Stock Exchange,Europe,ETF/Fund,yahoo_search,markets_ft,https://markets.ft.com/data/etfs/tearsheet/summary?s=ASIL:LSE:GBX,2026-07-23T09:40:38+00:00
ASIU.L,,MULTI UNITS LUXEMBOURG AMUNDI M,London Stock Exchange,London Stock Exchange,Europe,ETF/Fund,yahoo_search,,,2026-07-23T09:40:38+00:00
ASREUA.MI,LU0629460089,UBS MSCI USA Socially Responsib,Borsa Italiana,Borsa Italiana,Europe,ETF/Fund,yahoo_search,markets_ft,https://markets.ft.com/data/etfs/tearsheet/summary?s=ASREUA:MIL:EUR,2026-07-08T09:40:49+00:00
ASWC.DE,IE000OJ5TQP4,HanETF-Fut.of Defence ETF     R,Germany/Xetra,Germany/Xetra,Europe,ETF/Fund,yahoo_search,markets_ft,https://markets.ft.com/data/etfs/tearsheet/summary?s=ASWC:GER:EUR,2026-07-24T09:38:08+00:00
AUCO.AS,IE00B3CNHG25,L&G Gold Mining UCITS ETF,Euronext Amsterdam,Euronext Amsterdam,Europe,ETF/Fund,yahoo_search,markets_ft,https://markets.ft.com/data/etfs/tearsheet/summary?s=AUCO:AEX:EUR,2026-07-24T09:38:08+00:00
AUCO.L,,LEGAL & GENERAL UCITS ETF PUBLI,London Stock Exchange,London Stock Exchange,Europe,ETF/Fund,yahoo_search,,,2026-07-24T09:38:08+00:00
AUCO.MI,IE00B3CNHG25,L&G GOLD MINING UCITS ETF UCITS,Borsa Italiana,Borsa Italiana,Europe,ETF/Fund,yahoo_search,markets_ft,https://markets.ft.com/data/etfs/tearsheet/summary?s=AUCO:MIL:EUR,2026-07-24T09:38:08+00:00
AUCP.L,IE00B3CNHG25,LEGAL & GENERAL UCITS ETF PUBLI,London Stock Exchange,London Stock Exchange,Europe,ETF/Fund,yahoo_search,markets_ft,https://markets.ft.com/data/etfs/tearsheet/summary?s=AUCP:LSE:GBX,2026-07-24T09:38:08+00:00
AUM5.DE,LU1681048804,AIS-Amundi S&P 500 Swap U.ETF N,Germany/Xetra,Germany/Xetra,Europe,ETF/Fund,yahoo_search,markets_ft,https://markets.ft.com/data/etfs/tearsheet/summary?s=AUM5:GER:EUR,2026-07-24T09:38:08+00:00
AW13.DE,IE00BN4Q0933,UBS IRL ETF-MSCI Eur.CL.PA.AL.R,Germany/Xetra,Germany/Xetra,Europe,ETF/Fund,yahoo_search,markets_ft,https://markets.ft.com/data/etfs/tearsheet/summary?s=AW13:GER:EUR,2026-07-24T09:38:08+00:00
AW15.DE,IE00BN4Q0X77,UBS(I)ETF-MSCI Jap.CL.Pa.AL.UER,Germany/Xetra,Germany/Xetra,Europe,ETF/Fund,yahoo_search,markets_ft,https://markets.ft.com/data/etfs/tearsheet/summary?s=AW15:GER:EUR,2026-07-24T09:38:08+00:00
AW1C.DE,IE00BLSN7P11,UBS IE ETF-SP500ESG ELIT.U.ETFR,Germany/Xetra,Germany/Xetra,Europe,ETF/Fund,yahoo_search,markets_ft,https://markets.ft.com/data/etfs/tearsheet/summary?s=AW1C:GER:EUR,2026-07-22T09:41:52+00:00
AW1I.DE,IE00BNC0MD55,UBS(Irl)ETF-Jap. Un.UCITS ETF R,Germany/Xetra,Germany/Xetra,Europe,ETF/Fund,yahoo_search,markets_ft,https://markets.ft.com/data/etfs/tearsheet/summary?s=AW1I:GER:EUR,2026-07-24T09:38:08+00:00
AW1Q.DE,IE000JHYO4T6,UBS(I)ETF-MSCI Jap.CL.Pa.AL.UER,Germany/Xetra,Germany/Xetra,Europe,ETF/Fund,yahoo_search,markets_ft,https://markets.ft.com/data/etfs/tearsheet/summary?s=AW1Q:GER:EUR,2026-07-24T09:38:08+00:00
AWEX.DE,IE000YKHGYN2,Xtr.IEX.FTSE All-Wld ex US ETFR,Germany/Xetra,Germany/Xetra,Europe,ETF/Fund,yahoo_variant,markets_ft,https://markets.ft.com/data/etfs/tearsheet/summary?s=AWEX:GER:EUR,2026-07-01T17:52:52+00:00
AWEX.L,,XTRACKERS (IE) PUBLIC LIMITED C,London Stock Exchange,London Stock Exchange,Europe,ETF/Fund,yahoo_search,,,2026-07-24T09:38:08+00:00
AWEX.MI,IE000YKHGYN2,Xtrackers FTSE All-World ex US ,Borsa Italiana,Borsa Italiana,Europe,ETF/Fund,yahoo_search,markets_ft,https://markets.ft.com/data/etfs/tearsheet/summary?s=AWEX:MIL:EUR,2026-07-24T09:38:08+00:00
BCFF.DE,IE000S4A5WE2,UBS ETF S&P500 Cl.Tr.ESG      R,Germany/Xetra,Germany/Xetra,Europe,ETF/Fund,yahoo_search,markets_ft,https://markets.ft.com/data/etfs/tearsheet/summary?s=BCFF:GER:EUR,2026-07-22T09:41:52+00:00
BCFK.DE,IE0008GBXCA4,UBSS-UBS S&P 500 Eq. Weight SFR,Germany/Xetra,Germany/Xetra,Europe,ETF/Fund,yahoo_search,markets_ft,https://markets.ft.com/data/etfs/tearsheet/summary?s=BCFK:GER:EUR,2026-07-24T09:38:08+00:00
BCFM.DE,IE000PWGE381,UBS-Nasdaq-100 ESG enh        R,Germany/Xetra,Germany/Xetra,Europe,ETF/Fund,yahoo_search,markets_ft,https://markets.ft.com/data/etfs/tearsheet/summary?s=BCFM:GER:EUR,2026-07-24T09:38:08+00:00
BCFN.DE,IE0003RQ9F90,UBS(Irl)ETF-Nasdaq-100 U.ETF  R,Germany/Xetra,Germany/Xetra,Europe,ETF/Fund,yahoo_search,markets_ft,https://markets.ft.com/data/etfs/tearsheet/summary?s=BCFN:GER:EUR,2026-07-24T09:38:08+00:00
BCFP.DE,IE000SB4G4I4,UBS(Irl)ETF-Nasdaq-100 U.ETF  R,Germany/Xetra,Germany/Xetra,Europe,ETF/Fund,yahoo_search,markets_ft,https://markets.ft.com/data/etfs/tearsheet/summary?s=BCFP:GER:EUR,2026-07-24T09:38:08+00:00
BENE.MI,IE00BF4TWF63,WISDOMTREE ENERGY ENHANCED,Borsa Italiana,Borsa Italiana,Europe,ETF/Fund,yahoo_search,markets_ft,https://markets.ft.com/data/etfs/tearsheet/summary?s=BENE:MIL:EUR,2026-07-24T09:38:08+00:00
BERMIB.MI,FR0010446146,Amundi FTSE MIB Dly -1X Inv UCI,Borsa Italiana,Borsa Italiana,Europe,ETF/Fund,yahoo_search,markets_ft,https://markets.ft.com/data/etfs/tearsheet/summary?s=BERMIB:MIL:EUR,2026-07-21T09:43:03+00:00
BSX.MI,FR0010424135,Amundi ESTOXX50 Dly -1X Inv UCI,Borsa Italiana,Borsa Italiana,Europe,ETF/Fund,yahoo_search,markets_ft,https://markets.ft.com/data/etfs/tearsheet/summary?s=BSX:MIL:EUR,2026-07-24T09:38:08+00:00
BULL.MI,GB00B15KXX56,WISDOMTREE GOLD,Borsa Italiana,Borsa Italiana,Europe,ETF/Fund,yahoo_search,markets_ft,https://markets.ft.com/data/etfs/tearsheet/summary?s=BULL:MIL:EUR,2026-07-24T09:38:08+00:00
BYBG.L,LU1681048556,AMUNDI INDEX SOLUTIONS AMUNDI S,London Stock Exchange,London Stock Exchange,Europe,ETF/Fund,yahoo_search,markets_ft,https://markets.ft.com/data/etfs/tearsheet/summary?s=BYBG:LSE:GBX,2026-07-24T09:38:08+00:00
CAPE.L,,OSSIAM LUX OSSIAM ETF SHILLER B,London Stock Exchange,London Stock Exchange,Europe,ETF/Fund,yahoo_variant,,,2026-06-28T17:20:30+00:00
CAPE.MI,LU1079842321,OSSIAM SH BAR CAPE EU SECT VAL ,Borsa Italiana,Borsa Italiana,Europe,ETF/Fund,yahoo_search,markets_ft,https://markets.ft.com/data/etfs/tearsheet/summary?s=CAPE:MIL:EUR,2026-07-23T09:40:38+00:00
CBU2.DE,IE000CR3ZDF9,iShs3-G.Agg.Bd ESG SRI U.ETF  R,Germany/Xetra,Germany/Xetra,Europe,ETF/Fund,yahoo_search,markets_ft,https://markets.ft.com/data/etfs/tearsheet/summary?s=CBU2:GER:EUR,2026-07-24T09:38:08+00:00
CBU7.AS,IE00B3VWN393,iShares USD Treas Bond 3-7yr UC,Euronext Amsterdam,Euronext Amsterdam,Europe,ETF/Fund,yahoo_variant,markets_ft,https://markets.ft.com/data/etfs/tearsheet/summary?s=CBU7:AEX:EUR,2026-07-01T17:52:52+00:00
CBU7.L,,ISHARES VII PLC ISHRS USD TRSRY,London Stock Exchange,London Stock Exchange,Europe,ETF/Fund,yahoo_search,,,2026-07-24T09:38:08+00:00
CBUK.DE,IE000NFR7C63,iShs IV-MSCI China Tech.ETF   R,Germany/Xetra,Germany/Xetra,Europe,ETF/Fund,yahoo_search,markets_ft,https://markets.ft.com/data/etfs/tearsheet/summary?s=CBUK:GER:EUR,2026-07-18T09:02:51+00:00
CCEUAS.MI,IE00B58HMN42,UBS CMCI Composite SF UCITS ETF,Borsa Italiana,Borsa Italiana,Europe,ETF/Fund,yahoo_search,markets_ft,https://markets.ft.com/data/etfs/tearsheet/summary?s=CCEUAS:MIL:EUR,2026-07-01T17:52:52+00:00
CD91.DE,LU2611731824,Am.Idx Sol.-Amu.Gold Miners   U,Germany/Xetra,Germany/Xetra,Europe,ETF/Fund,yahoo_search,markets_ft,https://markets.ft.com/data/etfs/tearsheet/summary?s=CD91:GER:EUR,2026-07-18T09:02:51+00:00
CH5.L,LU1834986900,MULTI UNITS LUXEMBOURG AMUNDI S,London Stock Exchange,London Stock Exchange,Europe,ETF/Fund,yahoo_search,markets_ft,https://markets.ft.com/data/etfs/tearsheet/summary?s=CH5:LSE:GBX,2026-07-22T09:41:52+00:00
CHINA.MI,IE00BKFB6K94,UBS MSCI China A SF UCITS ETF U,Borsa Italiana,Borsa Italiana,Europe,ETF/Fund,yahoo_search,markets_ft,https://markets.ft.com/data/etfs/tearsheet/summary?s=CHINA:MIL:EUR,2026-07-24T09:38:08+00:00
CHPA.L,IE000EBPC0Z7,FRANKLIN TEMPLETON ICAV FRK MSC,London Stock Exchange,London Stock Exchange,Europe,ETF/Fund,yahoo_search,markets_ft,https://markets.ft.com/data/etfs/tearsheet/summary?s=CHPA:LSE:GBP,2026-07-24T09:38:08+00:00
CHSE.DE,LU1971906984,UBS EURO STOXX 50 ESG         A,Germany/Xetra,Germany/Xetra,Europe,ETF/Fund,yahoo_search,markets_ft,https://markets.ft.com/data/etfs/tearsheet/summary?s=CHSE:GER:EUR,2026-07-24T09:38:08+00:00
CINESG.MI,LU1953188833,UBS MSCI China Universal UCITS ,Borsa Italiana,Borsa Italiana,Europe,ETF/Fund,yahoo_search,markets_ft,https://markets.ft.com/data/etfs/tearsheet/summary?s=CINESG:MIL:EUR,2026-07-24T09:38:08+00:00
CJ1P.L,LU2668197069,AMUNDI INDEX SOLUTIONS AMUNDI M,London Stock Exchange,London Stock Exchange,Europe,ETF/Fund,yahoo_search,markets_ft,https://markets.ft.com/data/etfs/tearsheet/summary?s=CJ1P:LSE:GBP,2026-07-24T09:38:08+00:00
CMB1.L,IE00B53L4X51,ISHARES VII PLC ISHARES FTSE MI,London Stock Exchange,London Stock Exchange,Europe,ETF/Fund,yahoo_search,markets_ft,https://markets.ft.com/data/etfs/tearsheet/summary?s=CMB1:LSE:GBX,2026-07-13T10:37:01+00:00
CMXUS.MI,IE000OULL4R4,UBS MSCI USA NSL UCITS ETF USD ,Borsa Italiana,Borsa Italiana,Europe,ETF/Fund,yahoo_search,markets_ft,https://markets.ft.com/data/etfs/tearsheet/summary?s=CMXUS:MIL:EUR,2026-07-17T09:24:27+00:00
CNAA.DE,FR0011720911,MUF-Amundi MSCI China A U.ETF A,Germany/Xetra,Germany/Xetra,Europe,ETF/Fund,yahoo_search,markets_ft,https://markets.ft.com/data/etfs/tearsheet/summary?s=CNAA:GER:EUR,2026-07-24T09:38:08+00:00
CNAA.L,,MULTI UNITS FRANCE LYXOR MSCI C,London Stock Exchange,London Stock Exchange,Europe,ETF/Fund,yahoo_search,,,2026-07-20T10:22:34+00:00
CNAA.MI,FR0011720911,Amundi MSCI China A UCITS ETF-A,Borsa Italiana,Borsa Italiana,Europe,ETF/Fund,yahoo_variant,markets_ft,https://markets.ft.com/data/etfs/tearsheet/summary?s=CNAA:MIL:EUR,2026-07-01T17:52:52+00:00
CNAL.L,FR0011720911,MULTI UNITS FRANCE LYXOR MSCI C,London Stock Exchange,London Stock Exchange,Europe,ETF/Fund,yahoo_search,markets_ft,https://markets.ft.com/data/etfs/tearsheet/summary?s=CNAL:LSE:GBX,2026-07-24T09:38:08+00:00
CNDX.AS,IE00B53SZB19,iShares NASDAQ 100 UCITS ETF US,Euronext Amsterdam,Euronext Amsterdam,Europe,ETF/Fund,yahoo_search,markets_ft,https://markets.ft.com/data/etfs/tearsheet/summary?s=CNDX:AEX:EUR,2026-07-13T10:37:01+00:00
CNDX.L,,ISHARES VII PLC ISHRS NASDAQ 10,London Stock Exchange,London Stock Exchange,Europe,ETF/Fund,yahoo_search,,,2026-07-07T10:34:45+00:00
CNEU.L,,AMUNDI INDEX SOLUTIONS AMUNDI M,London Stock Exchange,London Stock Exchange,Europe,ETF/Fund,yahoo_search,,,2026-07-24T09:38:08+00:00
CNSG.L,LU1953188833,UBS (LUX) FUND SOLUTIONS UBS MS,London Stock Exchange,London Stock Exchange,Europe,ETF/Fund,yahoo_search,markets_ft,https://markets.ft.com/data/etfs/tearsheet/summary?s=CNSG:LSE:GBX,2026-07-22T09:41:52+00:00
CNUA.DE,IE00BKFB6K94,UBS FdSo-UBS MSCI C.A SF U.ETFR,Germany/Xetra,Germany/Xetra,Europe,ETF/Fund,yahoo_search,markets_ft,https://markets.ft.com/data/etfs/tearsheet/summary?s=CNUA:GER:EUR,2026-07-24T09:38:08+00:00
CNUA.L,IE00BKFB6K94,UBS (IRL) FUND SOLUTIONS PLC UB,London Stock Exchange,London Stock Exchange,Europe,ETF/Fund,yahoo_search,markets_ft,https://markets.ft.com/data/etfs/tearsheet/summary?s=CNUA:LSE:GBX,2026-07-24T09:38:08+00:00
CNYA.AS,IE00BQT3WG13,iShares MSCI China A UCITS ETF ,Euronext Amsterdam,Euronext Amsterdam,Europe,ETF/Fund,yahoo_variant,markets_ft,https://markets.ft.com/data/etfs/tearsheet/summary?s=CNYA:AEX:EUR,2026-07-01T17:52:52+00:00
CNYA.L,,ISHARES IV PLC ISHS MSCI CHINA ,London Stock Exchange,London Stock Exchange,Europe,ETF/Fund,yahoo_search,,,2026-06-28T17:24:25+00:00
CNYE.DE,LU2439735890,AIS-Amudi China CNY Bonds     A,Germany/Xetra,Germany/Xetra,Europe,ETF/Fund,yahoo_variant,markets_ft,https://markets.ft.com/data/etfs/tearsheet/summary?s=CNYE:GER:EUR,2026-07-18T09:02:51+00:00
CNYE.MI,IE00099GAJC6,ISHARES MSCI CHINA A UCITS ETF ,Borsa Italiana,Borsa Italiana,Europe,ETF/Fund,yahoo_search,markets_ft,https://markets.ft.com/data/etfs/tearsheet/summary?s=CNYE:MIL:EUR,2026-07-18T09:02:51+00:00
COME.MI,IE0004HE5624,State Street SPDR Commodity EUR,Borsa Italiana,Borsa Italiana,Europe,ETF/Fund,yahoo_search,markets_ft,https://markets.ft.com/data/etfs/tearsheet/summary?s=COME:MIL:EUR,2026-07-24T09:38:08+00:00
COMF.AS,IE00B4WPHX27,L&G Longer Dated All Commoditie,Euronext Amsterdam,Euronext Amsterdam,Europe,ETF/Fund,yahoo_variant,markets_ft,https://markets.ft.com/data/etfs/tearsheet/summary?s=COMF:AEX:EUR,2026-07-01T17:52:52+00:00
COMF.L,,LEGAL & GENERAL UCITS ETF PUBLI,London Stock Exchange,London Stock Exchange,Europe,ETF/Fund,yahoo_search,,,2026-07-24T09:38:08+00:00
COMF.MI,IE00B4WPHX27,L&G LONGER DATED ALL COMM UCITS,Borsa Italiana,Borsa Italiana,Europe,ETF/Fund,yahoo_variant,markets_ft,https://markets.ft.com/data/etfs/tearsheet/summary?s=COMF:MIL:EUR,2026-07-01T17:52:52+00:00
CSBGU3.MI,IE00B3VWN179,ISHARES $ TREA 1-3YR UCITS ETF ,Borsa Italiana,Borsa Italiana,Europe,ETF/Fund,yahoo_search,markets_ft,https://markets.ft.com/data/etfs/tearsheet/summary?s=CSBGU3:MIL:EUR,2026-07-20T10:22:34+00:00
CSMIB.MI,IE00B53L4X51,ISHARES FTSE MIB UCITS ETF EUR ,Borsa Italiana,Borsa Italiana,Europe,ETF/Fund,yahoo_search,markets_ft,https://markets.ft.com/data/etfs/tearsheet/summary?s=CSMIB:MIL:EUR,2026-07-24T09:38:08+00:00
CSPX.AS,IE00B5BMR087,iShares Core S&P 500 UCITS ETF ,Euronext Amsterdam,Euronext Amsterdam,Europe,ETF/Fund,yahoo_search,markets_ft,https://markets.ft.com/data/etfs/tearsheet/summary?s=CSPX:AEX:EUR,2026-07-24T09:38:08+00:00
CSPX.L,,ISHARES VII PLC ISHRS CORE S&P ,London Stock Exchange,London Stock Exchange,Europe,ETF/Fund,yahoo_search,,,2026-07-24T09:38:08+00:00
CSPXJ.MI,IE00B52MJY50,ISHARES CORE MSCI PAC EX-J UCIT,Borsa Italiana,Borsa Italiana,Europe,ETF/Fund,yahoo_search,markets_ft,https://markets.ft.com/data/etfs/tearsheet/summary?s=CSPXJ:MIL:EUR,2026-07-11T09:01:34+00:00
CSTP.L,,SSGA SPDR ETFS EUROPE II PLC SS,London Stock Exchange,London Stock Exchange,Europe,ETF/Fund,yahoo_search,,,2026-07-06T11:45:45+00:00
CSY2.DE,IE00063GNWK1,UBS(Irl)ETF-M.US.S.U.ETF      R,Germany/Xetra,Germany/Xetra,Europe,ETF/Fund,yahoo_search,markets_ft,https://markets.ft.com/data/etfs/tearsheet/summary?s=CSY2:GER:EUR,2026-07-24T09:38:08+00:00
CSY5.DE,IE000TG1LGI4,UBS(Irl)ETF-M.W.S.U.ETF       R,Germany/Xetra,Germany/Xetra,Europe,ETF/Fund,yahoo_search,markets_ft,https://markets.ft.com/data/etfs/tearsheet/summary?s=CSY5:GER:EUR,2026-07-08T09:40:49+00:00
CSY7.DE,IE0009W21NT4,UBS(Irl)ETF-M.W.S.U.ETF       R,Germany/Xetra,Germany/Xetra,Europe,ETF/Fund,yahoo_search,markets_ft,https://markets.ft.com/data/etfs/tearsheet/summary?s=CSY7:GER:EUR,2026-07-24T09:38:08+00:00
CT5.L,IE000S4A5WE2,UBS (IRL) ETF PLC UBS S&P 500 C,London Stock Exchange,London Stock Exchange,Europe,ETF/Fund,yahoo_search,markets_ft,https://markets.ft.com/data/etfs/tearsheet/summary?s=CT5:LSE:GBX,2026-07-23T09:40:38+00:00
CTEC.AS,,iShares MSCI China Tech UCITS E,Euronext Amsterdam,Euronext Amsterdam,Europe,ETF/Fund,yahoo_search,,,2026-07-11T09:01:34+00:00
CUKX.L,IE00B53HP851,ISHARES VII PLC ISHRS FTSE 100 ,London Stock Exchange,London Stock Exchange,Europe,ETF/Fund,yahoo_search,markets_ft,https://markets.ft.com/data/etfs/tearsheet/summary?s=CUKX:LSE:GBX,2026-07-08T09:40:49+00:00
D100.DE,LU1650492256,MUL-Amund.Core FTSE 100 S.ETF U,Germany/Xetra,Germany/Xetra,Europe,ETF/Fund,yahoo_search,markets_ft,https://markets.ft.com/data/etfs/tearsheet/summary?s=D100:GER:EUR,2026-07-24T09:38:08+00:00
D5BK.DE,LU0489337690,Xtr.FTSE Devel.Europ.R.Estate I,Germany/Xetra,Germany/Xetra,Europe,ETF/Fund,yahoo_search,markets_ft,https://markets.ft.com/data/etfs/tearsheet/summary?s=D5BK:GER:EUR,2026-07-24T09:38:08+00:00
D6RH.DE,DE000ETFL623,Deka Nasdaq-100 UCITS ETF     I,Germany/Xetra,Germany/Xetra,Europe,ETF/Fund,yahoo_search,markets_ft,https://markets.ft.com/data/etfs/tearsheet/summary?s=D6RH:GER:EUR,2026-07-24T09:38:08+00:00
D6RI.DE,DE000ETFL631,Deka S&P 500 UCITS ETF        I,Germany/Xetra,Germany/Xetra,Europe,ETF/Fund,yahoo_search,markets_ft,https://markets.ft.com/data/etfs/tearsheet/summary?s=D6RI:GER:EUR,2026-07-24T09:38:08+00:00
D6RP.DE,DE000ETFL581,Deka MSCI Worl.C.Ch.ESG CTB UEI,Germany/Xetra,Germany/Xetra,Europe,ETF/Fund,yahoo_search,markets_ft,https://markets.ft.com/data/etfs/tearsheet/summary?s=D6RP:GER:EUR,2026-07-24T09:38:08+00:00
D6RQ.DE,DE000ETFL573,Deka MSCI USA Cl.Ch.ctb UE    I,Germany/Xetra,Germany/Xetra,Europe,ETF/Fund,yahoo_search,markets_ft,https://markets.ft.com/data/etfs/tearsheet/summary?s=D6RQ:GER:EUR,2026-07-18T09:02:51+00:00
D6RR.DE,DE000ETFL565,Deka MSCI Euro.C.Ch.ESG CTB UEI,Germany/Xetra,Germany/Xetra,Europe,ETF/Fund,yahoo_search,markets_ft,https://markets.ft.com/data/etfs/tearsheet/summary?s=D6RR:GER:EUR,2026-07-24T09:38:08+00:00
DAXX.L,LU0252633754,MULTI UNITS LUXEMBOURG AMUNDI D,London Stock Exchange,London Stock Exchange,Europe,ETF/Fund,yahoo_search,markets_ft,https://markets.ft.com/data/etfs/tearsheet/summary?s=DAXX:LSE:GBX,2026-07-23T09:40:38+00:00
DAXX.MI,LU0252633754,Amundi DAX II UCITS ETF Acc,Borsa Italiana,Borsa Italiana,Europe,ETF/Fund,yahoo_variant,markets_ft,https://markets.ft.com/data/etfs/tearsheet/summary?s=DAXX:MIL:EUR,2026-07-23T09:40:38+00:00
DBPG.DE,LU0411078552,Xtr.S&P 500 2x Lev.Daily Swap I,Germany/Xetra,Germany/Xetra,Europe,ETF/Fund,yahoo_search,markets_ft,https://markets.ft.com/data/etfs/tearsheet/summary?s=DBPG:GER:EUR,2026-07-24T09:38:08+00:00
DBX9.DE,LU0292109856,Xtrackers MSCI China A U.ETF  I,Germany/Xetra,Germany/Xetra,Europe,ETF/Fund,yahoo_search,markets_ft,https://markets.ft.com/data/etfs/tearsheet/summary?s=DBX9:GER:EUR,2026-07-24T09:38:08+00:00
DBXI.DE,LU0274212538,Xtrackers FTSE MIB            I,Germany/Xetra,Germany/Xetra,Europe,ETF/Fund,yahoo_search,markets_ft,https://markets.ft.com/data/etfs/tearsheet/summary?s=DBXI:GER:EUR,2026-07-24T09:38:08+00:00
DBXP.DE,LU0290356871,Xtr.II Eurozone Gov.Bond 1-3  I,Germany/Xetra,Germany/Xetra,Europe,ETF/Fund,yahoo_search,markets_ft,https://markets.ft.com/data/etfs/tearsheet/summary?s=DBXP:GER:EUR,2026-07-23T09:40:38+00:00
DEL2.DE,IE00B4QNHH68,L&G-L&G DAX Daily 2x Long UETFR,Germany/Xetra,Germany/Xetra,Europe,ETF/Fund,yahoo_search,markets_ft,https://markets.ft.com/data/etfs/tearsheet/summary?s=DEL2:GER:EUR,2026-07-24T09:38:08+00:00
DEL2.L,,LEGAL & GENERAL UCITS ETF PUBLI,London Stock Exchange,London Stock Exchange,Europe,ETF/Fund,yahoo_variant,,,2026-06-28T17:24:25+00:00
DEL2.MI,IE00B4QNHH68,L&G DAX DAILY 2X LONG UCITS ETF,Borsa Italiana,Borsa Italiana,Europe,ETF/Fund,yahoo_search,markets_ft,https://markets.ft.com/data/etfs/tearsheet/summary?s=DEL2:MIL:EUR,2026-07-24T09:38:08+00:00
DELF.DE,IE00BKLTRN76,L&G UE-L&G MSCI Eur.Sel.U.ETF R,Germany/Xetra,Germany/Xetra,Europe,ETF/Fund,yahoo_search,markets_ft,https://markets.ft.com/data/etfs/tearsheet/summary?s=DELF:GER:EUR,2026-07-24T09:38:08+00:00
DES2.DE,IE00B4QNHZ41,L&G-L&G DAX Daily 2X Short    R,Germany/Xetra,Germany/Xetra,Europe,ETF/Fund,yahoo_search,markets_ft,https://markets.ft.com/data/etfs/tearsheet/summary?s=DES2:GER:EUR,2026-07-24T09:38:08+00:00
DES2.L,,LEGAL & GENERAL UCITS ETF PUBLI,London Stock Exchange,London Stock Exchange,Europe,ETF/Fund,yahoo_search,,,2026-07-21T09:43:03+00:00
DES2.MI,IE00B4QNHZ41,L&G DAX DAILY 2X SHORT UCITS ET,Borsa Italiana,Borsa Italiana,Europe,ETF/Fund,yahoo_search,markets_ft,https://markets.ft.com/data/etfs/tearsheet/summary?s=DES2:MIL:EUR,2026-07-23T09:40:38+00:00
DJAM.DE,FR0007056841,Amundi DJ Indl Average        A,Germany/Xetra,Germany/Xetra,Europe,ETF/Fund,yahoo_search,markets_ft,https://markets.ft.com/data/etfs/tearsheet/summary?s=DJAM:GER:EUR,2026-07-24T09:38:08+00:00
DJE.MI,FR0007056841,Amundi Dow Jones Industrial Ave,Borsa Italiana,Borsa Italiana,Europe,ETF/Fund,yahoo_search,markets_ft,https://markets.ft.com/data/etfs/tearsheet/summary?s=DJE:MIL:EUR,2026-07-24T09:38:08+00:00
DJEL.L,FR0007056841,LYXOR INTERNATIONAL ASSET MANAG,London Stock Exchange,London Stock Exchange,Europe,ETF/Fund,yahoo_search,markets_ft,https://markets.ft.com/data/etfs/tearsheet/summary?s=DJEL:LSE:GBX,2026-07-24T09:38:08+00:00
DJEU.L,,LYXOR INTERNATIONAL ASSET MANAG,London Stock Exchange,London Stock Exchange,Europe,ETF/Fund,yahoo_search,,,2026-07-24T09:38:08+00:00
DJLEV.MI,FR0010468983,Amundi ESTOXX 50 Dly 2X Lev UCI,Borsa Italiana,Borsa Italiana,Europe,ETF/Fund,yahoo_search,markets_ft,https://markets.ft.com/data/etfs/tearsheet/summary?s=DJLEV:MIL:EUR,2026-07-23T09:40:38+00:00
DOCG.L,IE00BK5BC677,LEGAL & GENERAL UCITS ETF PUBLI,London Stock Exchange,London Stock Exchange,Europe,ETF/Fund,yahoo_search,markets_ft,https://markets.ft.com/data/etfs/tearsheet/summary?s=DOCG:LSE:GBX,2026-07-24T09:38:08+00:00
DOCT.L,,LEGAL & GENERAL UCITS ETF PUBLI,London Stock Exchange,London Stock Exchange,Europe,ETF/Fund,yahoo_search,,,2026-07-24T09:38:08+00:00
DOCT.MI,IE00BK5BC677,L&G Healthcare Technology & Inn,Borsa Italiana,Borsa Italiana,Europe,ETF/Fund,yahoo_search,markets_ft,https://markets.ft.com/data/etfs/tearsheet/summary?s=DOCT:MIL:EUR,2026-07-24T09:38:08+00:00
DRDR.L,IE00BYZK4776,ISHARES IV PLC ISHS HEALTHCARE ,London Stock Exchange,London Stock Exchange,Europe,ETF/Fund,yahoo_search,markets_ft,https://markets.ft.com/data/etfs/tearsheet/summary?s=DRDR:LSE:GBX,2026-07-19T09:20:32+00:00
DS2P.L,IE00B4QNHZ41,LEGAL & GENERAL UCITS ETF PUBLI,London Stock Exchange,London Stock Exchange,Europe,ETF/Fund,yahoo_search,markets_ft,https://markets.ft.com/data/etfs/tearsheet/summary?s=DS2P:LSE:GBX,2026-07-01T17:52:52+00:00
DTLE.L,,ISHARES IV PLC ISH $ TRSRY BOND,London Stock Exchange,London Stock Exchange,Europe,ETF/Fund,yahoo_search,,,2026-07-15T09:25:14+00:00
DWLD.DE,IE000CVOSY02,FT-Franklin FTSE Dev.Wld ETF  R,Germany/Xetra,Germany/Xetra,Europe,ETF/Fund,yahoo_search,markets_ft,https://markets.ft.com/data/etfs/tearsheet/summary?s=DWLD:GER:EUR,2026-07-24T09:38:08+00:00
DWLD.L,,FRANKLIN TEMPLETON ICAV FRANKLI,London Stock Exchange,London Stock Exchange,Europe,ETF/Fund,yahoo_variant,,,2026-06-28T17:24:25+00:00
DXSK.DE,LU0292105359,Xtr.MSCI Eu.Co.Stpls          I,Germany/Xetra,Germany/Xetra,Europe,ETF/Fund,yahoo_search,markets_ft,https://markets.ft.com/data/etfs/tearsheet/summary?s=DXSK:GER:EUR,2026-07-23T09:40:38+00:00
DXSP.DE,LU0292106753,Xtr.Euro Stoxx 50 Sh.Da.Swap  I,Germany/Xetra,Germany/Xetra,Europe,ETF/Fund,yahoo_search,markets_ft,https://markets.ft.com/data/etfs/tearsheet/summary?s=DXSP:GER:EUR,2026-07-01T17:52:52+00:00
DYLD.DE,IE000BVD0KE7,Glbl X DAX Covered Call ETF   R,Germany/Xetra,Germany/Xetra,Europe,ETF/Fund,yahoo_search,markets_ft,https://markets.ft.com/data/etfs/tearsheet/summary?s=DYLD:GER:EUR,2026-07-24T09:38:08+00:00
E50ESG.MI,LU1971906802,UBS EURO STOXX 50 ESG UCITS ETF,Borsa Italiana,Borsa Italiana,Europe,ETF/Fund,yahoo_search,markets_ft,https://markets.ft.com/data/etfs/tearsheet/summary?s=E50ESG:MIL:EUR,2026-07-24T09:38:08+00:00
E909.DE,DE000ETF9090,Amundi-A.DAX 50 ESG II U.ETF  I,Germany/Xetra,Germany/Xetra,Europe,ETF/Fund,yahoo_search,markets_ft,https://markets.ft.com/data/etfs/tearsheet/summary?s=E909:GER:EUR,2026-07-09T10:34:17+00:00
EBUL.MI,JE00B4RKQV36,WISDOMTREE GOLD - EUR DAILY HED,Borsa Italiana,Borsa Italiana,Europe,ETF/Fund,yahoo_search,markets_ft,https://markets.ft.com/data/etfs/tearsheet/summary?s=EBUL:MIL:EUR,2026-07-24T09:38:08+00:00
ECRD.MI,JE00B44F1611,WISDOMTREE WTI CRUDE OIL EUR DA,Borsa Italiana,Borsa Italiana,Europe,ETF/Fund,yahoo_search,markets_ft,https://markets.ft.com/data/etfs/tearsheet/summary?s=ECRD:MIL:EUR,2026-07-20T10:22:34+00:00
EDFS.DE,LU3038520774,Amu.Idx Sol-STOXX Eur.DEFENSE A,Germany/Xetra,Germany/Xetra,Europe,ETF/Fund,yahoo_search,markets_ft,https://markets.ft.com/data/etfs/tearsheet/summary?s=EDFS:GER:EUR,2026-07-05T09:48:51+00:00
EDMW.DE,IE00BHZPJ569,iShsIV-MSCI Wld CTB Enh.ESG UER,Germany/Xetra,Germany/Xetra,Europe,ETF/Fund,yahoo_search,markets_ft,https://markets.ft.com/data/etfs/tearsheet/summary?s=EDMW:GER:EUR,2026-07-23T09:40:38+00:00
EEMU.L,,BNP Paribas Easy MSCI EMU Min TE UCITS ETF – EUR,London Stock Exchange,London Stock Exchange,Europe,ETF/Fund,yahoo_variant,,,2026-06-28T17:20:30+00:00
EEMU.MI,LU1291098827,BNP PARIBAS EASY MSCI EMU Min T,Borsa Italiana,Borsa Italiana,Europe,ETF/Fund,yahoo_search,markets_ft,https://markets.ft.com/data/etfs/tearsheet/summary?s=EEMU:MIL:EUR,2026-07-20T10:22:34+00:00
EEUR.L,,Invesco MSCI Europe Universal Screened UCITS ETF,London Stock Exchange,London Stock Exchange,Europe,ETF/Fund,yahoo_variant,,,2026-06-28T17:24:25+00:00
EEUR.MI,IE00BJQRDL90,Invesco MSCI Europe Universal S,Borsa Italiana,Borsa Italiana,Europe,ETF/Fund,yahoo_search,markets_ft,https://markets.ft.com/data/etfs/tearsheet/summary?s=EEUR:MIL:EUR,2026-07-24T09:38:08+00:00
EHDL.DE,IE00BYYXBF44,InvescoMI3 FTSE EM DivLV ETF  R,Germany/Xetra,Germany/Xetra,Europe,ETF/Fund,yahoo_search,markets_ft,https://markets.ft.com/data/etfs/tearsheet/summary?s=EHDL:GER:EUR,2026-07-24T09:38:08+00:00
EHYA.AS,IE00BJK55C48,iShares  High Yield Corp Bond E,Euronext Amsterdam,Euronext Amsterdam,Europe,ETF/Fund,yahoo_search,markets_ft,https://markets.ft.com/data/etfs/tearsheet/summary?s=EHYA:AEX:EUR,2026-07-24T09:38:08+00:00
EHYA.MI,IE00BJK55C48,iShares  High Yield Corp Bond E,Borsa Italiana,Borsa Italiana,Europe,ETF/Fund,yahoo_variant,markets_ft,https://markets.ft.com/data/etfs/tearsheet/summary?s=EHYA:MIL:EUR,2026-07-01T17:52:52+00:00
EIMI.L,,ISHARES PLC ISHARES CORE EM IMI,London Stock Exchange,London Stock Exchange,Europe,ETF/Fund,yahoo_search,,,2026-07-13T10:37:01+00:00
EIMI.MI,IE00BKM4GZ66,ISHARES CORE MSCI EM IMI UCITS ,Borsa Italiana,Borsa Italiana,Europe,ETF/Fund,yahoo_variant,markets_ft,https://markets.ft.com/data/etfs/tearsheet/summary?s=EIMI:MIL:EUR,2026-07-08T09:40:49+00:00
EL40.DE,DE000ETFL342,Deka MSCI EM ESG Focus Sel.UE I,Germany/Xetra,Germany/Xetra,Europe,ETF/Fund,yahoo_search,markets_ft,https://markets.ft.com/data/etfs/tearsheet/summary?s=EL40:GER:EUR,2026-07-24T09:38:08+00:00
EL41.DE,DE000ETFL276,Deka MSCI USA MC UCITS ETF    I,Germany/Xetra,Germany/Xetra,Europe,ETF/Fund,yahoo_search,markets_ft,https://markets.ft.com/data/etfs/tearsheet/summary?s=EL41:GER:EUR,2026-07-18T09:02:51+00:00
EL42.DE,DE000ETFL284,Deka MSCI Europe UCITS ETF    I,Germany/Xetra,Germany/Xetra,Europe,ETF/Fund,yahoo_search,markets_ft,https://markets.ft.com/data/etfs/tearsheet/summary?s=EL42:GER:EUR,2026-07-23T09:40:38+00:00
EL43.DE,DE000ETFL292,Deka MSCI Europe MC UCITS ETF I,Germany/Xetra,Germany/Xetra,Europe,ETF/Fund,yahoo_search,markets_ft,https://markets.ft.com/data/etfs/tearsheet/summary?s=EL43:GER:EUR,2026-07-24T09:38:08+00:00
EL44.DE,DE000ETFL300,Deka MSCI Japan UCITS ETF     I,Germany/Xetra,Germany/Xetra,Europe,ETF/Fund,yahoo_search,markets_ft,https://markets.ft.com/data/etfs/tearsheet/summary?s=EL44:GER:EUR,2026-07-24T09:38:08+00:00
EL45.DE,DE000ETFL318,Deka MSCI Jap.Cl.Ch.ESG CTB UEI,Germany/Xetra,Germany/Xetra,Europe,ETF/Fund,yahoo_search,markets_ft,https://markets.ft.com/data/etfs/tearsheet/summary?s=EL45:GER:EUR,2026-07-24T09:38:08+00:00
EL46.DE,DE000ETFL326,Deka MSCI China ex A Sh.UC.ETFI,Germany/Xetra,Germany/Xetra,Europe,ETF/Fund,yahoo_search,markets_ft,https://markets.ft.com/data/etfs/tearsheet/summary?s=EL46:GER:EUR,2026-07-24T09:38:08+00:00
EL4B.DE,DE000ETFL029,Deka EURO STOXX 50 UCITS ETF  I,Germany/Xetra,Germany/Xetra,Europe,ETF/Fund,yahoo_search,markets_ft,https://markets.ft.com/data/etfs/tearsheet/summary?s=EL4B:GER:EUR,2026-07-24T09:38:08+00:00
EL4F.DE,DE000ETFL060,DK DAX (AUSSCHUETTEND),Germany/Xetra,Germany/Xetra,Europe,ETF/Fund,yahoo_search,markets_ft,https://markets.ft.com/data/etfs/tearsheet/summary?s=EL4F:GER:EUR,2026-07-24T09:38:08+00:00
EL4I.DE,DE000ETFL094,Deka MSCI USA LC UCITS ETF    I,Germany/Xetra,Germany/Xetra,Europe,ETF/Fund,yahoo_search,markets_ft,https://markets.ft.com/data/etfs/tearsheet/summary?s=EL4I:GER:EUR,2026-07-24T09:38:08+00:00
EL4M.DE,DE000ETFL136,Deka iB.EO L.Sov.D.3-5 U.ETF  I,Germany/Xetra,Germany/Xetra,Europe,ETF/Fund,yahoo_search,markets_ft,https://markets.ft.com/data/etfs/tearsheet/summary?s=EL4M:GER:EUR,2026-07-24T09:38:08+00:00
EL4X.DE,DE000ETFL235,Deka DAXplus Maximum Div.U.ETFI,Germany/Xetra,Germany/Xetra,Europe,ETF/Fund,yahoo_search,markets_ft,https://markets.ft.com/data/etfs/tearsheet/summary?s=EL4X:GER:EUR,2026-07-24T09:38:08+00:00
EL4Z.DE,DE000ETFL268,Deka MSCI USA UCITS ETF       I,Germany/Xetra,Germany/Xetra,Europe,ETF/Fund,yahoo_search,markets_ft,https://markets.ft.com/data/etfs/tearsheet/summary?s=EL4Z:GER:EUR,2026-07-09T10:34:17+00:00
ELF0.DE,DE000ETFL433,Deka DAX ex Finan. 30 U.ETF   I,Germany/Xetra,Germany/Xetra,Europe,ETF/Fund,yahoo_search,markets_ft,https://markets.ft.com/data/etfs/tearsheet/summary?s=ELF0:GER:EUR,2026-07-17T09:24:27+00:00
ELFA.DE,DE000ETFL466,Deka EURO STOXX 50 ESG Flt.U.EI,Germany/Xetra,Germany/Xetra,Europe,ETF/Fund,yahoo_search,markets_ft,https://markets.ft.com/data/etfs/tearsheet/summary?s=ELFA:GER:EUR,2026-07-24T09:38:08+00:00
ELFW.DE,DE000ETFL508,Deka MSCI World UCITS ETF     I,Germany/Xetra,Germany/Xetra,Europe,ETF/Fund,yahoo_search,markets_ft,https://markets.ft.com/data/etfs/tearsheet/summary?s=ELFW:GER:EUR,2026-07-24T09:38:08+00:00
EMERG.MI,IE0004I037N4,Franklin FTSE Emerging Markets ,Borsa Italiana,Borsa Italiana,Europe,ETF/Fund,yahoo_search,markets_ft,https://markets.ft.com/data/etfs/tearsheet/summary?s=EMERG:MIL:EUR,2026-07-24T09:38:08+00:00
EMGA.L,,ISHARES III PLC ISH JPM LOC EM,London Stock Exchange,London Stock Exchange,Europe,ETF/Fund,yahoo_search,,,2026-07-16T09:32:41+00:00
EMGD.DE,IE000GTF7GF4,FT-Franklin FTSE Em.Mkts ETF  R,Germany/Xetra,Germany/Xetra,Europe,ETF/Fund,yahoo_search,markets_ft,https://markets.ft.com/data/etfs/tearsheet/summary?s=EMGD:GER:EUR,2026-07-24T09:38:08+00:00
EMGD.L,,,London Stock Exchange,London Stock Exchange,Europe,ETF/Fund,yahoo_variant,,,2026-07-11T09:01:34+00:00
EMGM.DE,IE0004I037N4,FT-Franklin FTSE Em.Mkts ETF  R,Germany/Xetra,Germany/Xetra,Europe,ETF/Fund,yahoo_search,markets_ft,https://markets.ft.com/data/etfs/tearsheet/summary?s=EMGM:GER:EUR,2026-07-24T09:38:08+00:00
EMGM.L,,FRANKLIN TEMPLETON ICAV FRANKLI,London Stock Exchange,London Stock Exchange,Europe,ETF/Fund,yahoo_variant,,,2026-06-28T17:24:25+00:00
EMHD.L,,INVESCO MARKETS III PLC INVESCO,London Stock Exchange,London Stock Exchange,Europe,ETF/Fund,yahoo_search,,,2026-07-24T09:38:08+00:00
EMHD.MI,IE00BYYXBF44,INVESCO FTSE EM HI DIX LOW VOL ,Borsa Italiana,Borsa Italiana,Europe,ETF/Fund,yahoo_search,markets_ft,https://markets.ft.com/data/etfs/tearsheet/summary?s=EMHD:MIL:EUR,2026-07-24T09:38:08+00:00
EMIM.AS,IE00BKM4GZ66,iShares Core MSCI Emerging Mark,Euronext Amsterdam,Euronext Amsterdam,Europe,ETF/Fund,yahoo_search,markets_ft,https://markets.ft.com/data/etfs/tearsheet/summary?s=EMIM:AEX:EUR,2026-07-24T09:38:08+00:00
EMIM.L,IE00BKM4GZ66,ISHARES PLC ISHARES CORE EM IMI,London Stock Exchange,London Stock Exchange,Europe,ETF/Fund,yahoo_search,markets_ft,https://markets.ft.com/data/etfs/tearsheet/summary?s=EMIM:LSE:GBX,2026-07-24T09:38:08+00:00
EMNJ.DE,IE00BHZPJ346,iShsIV-MSCI Jap.CTB Enh.ESG UER,Germany/Xetra,Germany/Xetra,Europe,ETF/Fund,yahoo_search,markets_ft,https://markets.ft.com/data/etfs/tearsheet/summary?s=EMNJ:GER:EUR,2026-07-17T09:24:27+00:00
EMPR.L,IE000QLV3SY5,FRANKLIN TEMPLETON ICAV FRK MSC,London Stock Exchange,London Stock Exchange,Europe,ETF/Fund,yahoo_search,markets_ft,https://markets.ft.com/data/etfs/tearsheet/summary?s=EMPR:LSE:GBP,2026-07-24T09:38:08+00:00
EMRD.L,,SSGA SPDR ETFS EUROPE I PLC SPD,London Stock Exchange,London Stock Exchange,Europe,ETF/Fund,yahoo_search,,,2026-07-23T09:40:38+00:00
EMRG.MI,IE00B469F816,State Street SPDR MSCI Emerging,Borsa Italiana,Borsa Italiana,Europe,ETF/Fund,yahoo_search,markets_ft,https://markets.ft.com/data/etfs/tearsheet/summary?s=EMRG:MIL:EUR,2026-07-24T09:38:08+00:00
EMSD.L,,SSGA SPDR ETFS EUROPE I PLC SPD,London Stock Exchange,London Stock Exchange,Europe,ETF/Fund,yahoo_search,,,2026-07-24T09:38:08+00:00
EMSM.DE,IE00B3DWVS88,InvescoMI MSCI EM ETF         R,Germany/Xetra,Germany/Xetra,Europe,ETF/Fund,yahoo_search,markets_ft,https://markets.ft.com/data/etfs/tearsheet/summary?s=EMSM:GER:EUR,2026-07-23T09:40:38+00:00
EMSM.L,IE00B48X4842,SSGA SPDR ETFS EUROPE I PLC SS ,London Stock Exchange,London Stock Exchange,Europe,ETF/Fund,yahoo_search,markets_ft,https://markets.ft.com/data/etfs/tearsheet/summary?s=EMSM:LSE:GBP,2026-07-23T09:40:38+00:00
EMXC.DE,LU2009202107,MUL Amundi Emerg ex-China     U,Germany/Xetra,Germany/Xetra,Europe,ETF/Fund,yahoo_variant,markets_ft,https://markets.ft.com/data/etfs/tearsheet/summary?s=EMXC:GER:EUR,2026-07-01T17:52:52+00:00
EMXC.L,,MULTI UNITS LUXEMBOURG AMUNDI M,London Stock Exchange,London Stock Exchange,Europe,ETF/Fund,yahoo_search,,,2026-07-07T10:34:45+00:00
EMXC.MI,LU2009202107,Amundi MSCI Emrgng Ex China UCI,Borsa Italiana,Borsa Italiana,Europe,ETF/Fund,yahoo_variant,markets_ft,https://markets.ft.com/data/etfs/tearsheet/summary?s=EMXC:MIL:EUR,2026-07-01T17:52:52+00:00
ENCG.L,IE00BFXR6159,LEGAL & GENERAL UCITS ETF PUBLI,London Stock Exchange,London Stock Exchange,Europe,ETF/Fund,yahoo_search,markets_ft,https://markets.ft.com/data/etfs/tearsheet/summary?s=ENCG:LSE:GBX,2026-07-14T09:20:05+00:00
ENGE.L,IE00BKWQ0F09,SSGA SPDR ETFS EUROPE II PLC SS,London Stock Exchange,London Stock Exchange,Europe,ETF/Fund,yahoo_search,markets_ft,https://markets.ft.com/data/etfs/tearsheet/summary?s=ENGE:LSE:GBP,2026-07-06T11:45:45+00:00
ENRG.MI,LU1834988278,Amundi STOXX Europe 600 Energy ,Borsa Italiana,Borsa Italiana,Europe,ETF/Fund,yahoo_search,markets_ft,https://markets.ft.com/data/etfs/tearsheet/summary?s=ENRG:MIL:EUR,2026-07-03T10:12:39+00:00
EQDS.L,IE00BYYHSM20,ISHARES II PLC ISHRS EUROPE QUA,London Stock Exchange,London Stock Exchange,Europe,ETF/Fund,yahoo_search,markets_ft,https://markets.ft.com/data/etfs/tearsheet/summary?s=EQDS:LSE:GBX,2026-07-16T09:32:41+00:00
EQQB.DE,IE00BFZXGZ54,InvescoMI3 NASDAQ100 ETF      R,Germany/Xetra,Germany/Xetra,Europe,ETF/Fund,yahoo_search,markets_ft,https://markets.ft.com/data/etfs/tearsheet/summary?s=EQQB:GER:EUR,2026-07-24T09:38:08+00:00
EQQD.DE,IE000RUF4QN8,IN.MKTS-Invesco NASD.100 Swap R,Germany/Xetra,Germany/Xetra,Europe,ETF/Fund,yahoo_search,markets_ft,https://markets.ft.com/data/etfs/tearsheet/summary?s=EQQD:GER:EUR,2026-07-24T09:38:08+00:00
EQQD.L,,INVESCO MARKETS PLC IVZ NASDAQ-,London Stock Exchange,London Stock Exchange,Europe,ETF/Fund,yahoo_search,,,2026-07-11T09:01:34+00:00
EQQQ.DE,IE0032077012,InvescoMI3 NASDAQ100 ETF      R,Germany/Xetra,Germany/Xetra,Europe,ETF/Fund,yahoo_search,markets_ft,https://markets.ft.com/data/etfs/tearsheet/summary?s=EQQQ:GER:EUR,2026-07-24T09:38:08+00:00
EQQQ.L,IE0032077012,INVESCO MARKETS III PLC INVESCO,London Stock Exchange,London Stock Exchange,Europe,ETF/Fund,yahoo_search,markets_ft,https://markets.ft.com/data/etfs/tearsheet/summary?s=EQQQ:LSE:GBX,2026-07-24T09:38:08+00:00
EQQQ.MI,IE0032077012,INVESCO EQQQ NASDAQ-100 UCITS E,Borsa Italiana,Borsa Italiana,Europe,ETF/Fund,yahoo_search,markets_ft,https://markets.ft.com/data/etfs/tearsheet/summary?s=EQQQ:MIL:EUR,2026-07-01T17:52:52+00:00
EQQS.L,,INVESCO MARKETS PLC IVZ NASDAQ-,London Stock Exchange,London Stock Exchange,Europe,ETF/Fund,yahoo_search,,,2026-07-24T09:38:08+00:00
EROX.MI,IE00BKWQ0Q14,State Street SPDR MSCI Europe U,Borsa Italiana,Borsa Italiana,Europe,ETF/Fund,yahoo_search,markets_ft,https://markets.ft.com/data/etfs/tearsheet/summary?s=EROX:MIL:EUR,2026-07-16T09:32:41+00:00
ES50.DE,IE000LXEN6X4,iShs V-EUR STOXX 50 ESG U.ETF R,Germany/Xetra,Germany/Xetra,Europe,ETF/Fund,yahoo_search,markets_ft,https://markets.ft.com/data/etfs/tearsheet/summary?s=ES50:GER:EUR,2026-07-24T09:38:08+00:00
ESDU.L,,AMUNDI INDEX SOLUTIONS AMUNDI M,London Stock Exchange,London Stock Exchange,Europe,ETF/Fund,yahoo_search,,,2026-07-24T09:38:08+00:00
ESEM.L,,INVESCO MARKETS II PLC IVZ MSCI,London Stock Exchange,London Stock Exchange,Europe,ETF/Fund,yahoo_search,,,2026-07-24T09:38:08+00:00
ESES.L,IE00BMDBMY19,INVESCO MARKETS II PLC IVZ MSCI,London Stock Exchange,London Stock Exchange,Europe,ETF/Fund,yahoo_search,markets_ft,https://markets.ft.com/data/etfs/tearsheet/summary?s=ESES:LSE:GBX,2026-07-24T09:38:08+00:00
ESEU.L,IE00BMDBMW94,INVESCO MARKETS II PLC IVZ MSCI,London Stock Exchange,London Stock Exchange,Europe,ETF/Fund,yahoo_search,markets_ft,https://markets.ft.com/data/etfs/tearsheet/summary?s=ESEU:LSE:GBX,2026-07-14T09:20:05+00:00
ESGE.DE,IE00BJQRDL90,IM2-MSCI Eur.Univ.Screen.U.ETFR,Germany/Xetra,Germany/Xetra,Europe,ETF/Fund,yahoo_variant,markets_ft,https://markets.ft.com/data/etfs/tearsheet/summary?s=ESGE:GER:EUR,2026-07-01T17:52:52+00:00
ESGE.L,IE00BJQRDL90,INVESCO MARKETS II PLC IVZ MSCI,London Stock Exchange,London Stock Exchange,Europe,ETF/Fund,yahoo_search,markets_ft,https://markets.ft.com/data/etfs/tearsheet/summary?s=ESGE:LSE:GBX,2026-07-24T09:38:08+00:00
ESGE.MI,LU1940199711,Amundi MSCI Europe ESG Selectio,Borsa Italiana,Borsa Italiana,Europe,ETF/Fund,yahoo_variant,markets_ft,https://markets.ft.com/data/etfs/tearsheet/summary?s=ESGE:MIL:EUR,2026-07-01T17:52:52+00:00
ESGG.L,IE00BJQRDK83,INVESCO MARKETS II PLC IVZ MSCI,London Stock Exchange,London Stock Exchange,Europe,ETF/Fund,yahoo_search,markets_ft,https://markets.ft.com/data/etfs/tearsheet/summary?s=ESGG:LSE:GBX,2026-07-14T09:20:05+00:00
ESGJ.DE,IE00BMDBMV87,IM2-MSCI EM Univ.Screen.U.ETF R,Germany/Xetra,Germany/Xetra,Europe,ETF/Fund,yahoo_search,markets_ft,https://markets.ft.com/data/etfs/tearsheet/summary?s=ESGJ:GER:EUR,2026-07-21T09:43:03+00:00
ESGJ.L,,INVESCO MARKETS II PLC IVZ MSCI,London Stock Exchange,London Stock Exchange,Europe,ETF/Fund,yahoo_search,,,2026-07-24T09:38:08+00:00
ESGL.L,LU1940199711,MULTI UNITS LUXEMBOURG AMUNDI M,London Stock Exchange,London Stock Exchange,Europe,ETF/Fund,yahoo_search,markets_ft,https://markets.ft.com/data/etfs/tearsheet/summary?s=ESGL:LSE:GBP,2026-07-23T09:40:38+00:00
ESGM.DE,IE00BMDBMY19,IM2-MSCI EM Univ.Screen.U.ETF R,Germany/Xetra,Germany/Xetra,Europe,ETF/Fund,yahoo_search,markets_ft,https://markets.ft.com/data/etfs/tearsheet/summary?s=ESGM:GER:EUR,2026-07-23T09:40:38+00:00
ESGS.L,IE00BJQRDM08,INVESCO MARKETS II PLC IVZ MSCI,London Stock Exchange,London Stock Exchange,Europe,ETF/Fund,yahoo_search,markets_ft,https://markets.ft.com/data/etfs/tearsheet/summary?s=ESGS:LSE:GBX,2026-07-24T09:38:08+00:00
ESGU.DE,IE00BJQRDM08,IM2-MSCI USA Univ.Scr.U.ETF   R,Germany/Xetra,Germany/Xetra,Europe,ETF/Fund,yahoo_variant,markets_ft,https://markets.ft.com/data/etfs/tearsheet/summary?s=ESGU:GER:EUR,2026-07-08T09:40:49+00:00
ESGU.L,,INVESCO MARKETS II PLC IVZ MSCI,London Stock Exchange,London Stock Exchange,Europe,ETF/Fund,yahoo_variant,,,2026-07-08T09:40:49+00:00
ESGU.MI,IE00BJQRDM08,Invesco MSCI USA Universal Scre,Borsa Italiana,Borsa Italiana,Europe,ETF/Fund,yahoo_search,markets_ft,https://markets.ft.com/data/etfs/tearsheet/summary?s=ESGU:MIL:EUR,2026-07-08T09:40:49+00:00
ESGW.DE,IE00BJQRDK83,InvMI2-MSCI Wld Univ.Sreen.ETFR,Germany/Xetra,Germany/Xetra,Europe,ETF/Fund,yahoo_search,markets_ft,https://markets.ft.com/data/etfs/tearsheet/summary?s=ESGW:GER:EUR,2026-07-22T09:41:52+00:00
ESGW.L,,INVESCO MARKETS II PLC IVZ MSCI,London Stock Exchange,London Stock Exchange,Europe,ETF/Fund,yahoo_search,,,2026-07-18T09:02:51+00:00
ESGW.MI,IE00BJQRDK83,Invesco MSCI World Universal Sc,Borsa Italiana,Borsa Italiana,Europe,ETF/Fund,yahoo_search,markets_ft,https://markets.ft.com/data/etfs/tearsheet/summary?s=ESGW:MIL:EUR,2026-07-18T09:02:51+00:00
ESGX.DE,IE00BMDBMW94,IM2-MSCI Eur.x.UK.Univ.Sc.ETF R,Germany/Xetra,Germany/Xetra,Europe,ETF/Fund,yahoo_search,markets_ft,https://markets.ft.com/data/etfs/tearsheet/summary?s=ESGX:GER:EUR,2026-07-24T09:38:08+00:00
ESIE.DE,IE00BMW42637,iSh.VI p.-iSh.MSCI Eur.Ene.Se.R,Germany/Xetra,Germany/Xetra,Europe,ETF/Fund,yahoo_variant,markets_ft,https://markets.ft.com/data/etfs/tearsheet/summary?s=ESIE:GER:EUR,2026-07-01T17:52:52+00:00
ESIE.L,IE00BMW42637,ISHARES VI PLC ISH MSCI EPE ES ,London Stock Exchange,London Stock Exchange,Europe,ETF/Fund,yahoo_search,markets_ft,https://markets.ft.com/data/etfs/tearsheet/summary?s=ESIE:LSE:GBP,2026-07-13T10:37:01+00:00
ESIF.DE,IE00BMW42306,iSh.VI p.-iSh.MSCI Eur.Fin.Se.R,Germany/Xetra,Germany/Xetra,Europe,ETF/Fund,yahoo_search,markets_ft,https://markets.ft.com/data/etfs/tearsheet/summary?s=ESIF:GER:EUR,2026-07-23T09:40:38+00:00
ESIF.L,IE00BMW42306,ISHARES VI PLC ISH MSCI EPE FS ,London Stock Exchange,London Stock Exchange,Europe,ETF/Fund,yahoo_variant,markets_ft,https://markets.ft.com/data/etfs/tearsheet/summary?s=ESIF:LSE:GBP,2026-07-01T17:52:52+00:00
ESIH.DE,IE00BMW42181,iS.VI p.-iSh.MSCI Eu.He.Ca.Se.R,Germany/Xetra,Germany/Xetra,Europe,ETF/Fund,yahoo_search,markets_ft,https://markets.ft.com/data/etfs/tearsheet/summary?s=ESIH:GER:EUR,2026-07-22T09:41:52+00:00
ESIH.L,IE00BMW42181,ISHARES VI PLC ISH MSCI EPE HCS,London Stock Exchange,London Stock Exchange,Europe,ETF/Fund,yahoo_variant,markets_ft,https://markets.ft.com/data/etfs/tearsheet/summary?s=ESIH:LSE:GBP,2026-07-04T09:33:26+00:00
ESIN.DE,IE00BMW42520,iSh.VI p.-iSh.MSCI Eur.Ind.Se.R,Germany/Xetra,Germany/Xetra,Europe,ETF/Fund,yahoo_search,markets_ft,https://markets.ft.com/data/etfs/tearsheet/summary?s=ESIN:GER:EUR,2026-07-24T09:38:08+00:00
ESIN.L,IE00BMW42520,ISHARES VI PLC ISH MSCI ERPE IN,London Stock Exchange,London Stock Exchange,Europe,ETF/Fund,yahoo_search,markets_ft,https://markets.ft.com/data/etfs/tearsheet/summary?s=ESIN:LSE:GBP,2026-07-24T09:38:08+00:00
ESIT.DE,IE00BMW42413,iS.VI p.-iSh.MSCI Eu.In.Te.Se.R,Germany/Xetra,Germany/Xetra,Europe,ETF/Fund,yahoo_search,markets_ft,https://markets.ft.com/data/etfs/tearsheet/summary?s=ESIT:GER:EUR,2026-07-19T09:20:32+00:00
ESIT.L,IE00BMW42413,ISHARES VI PLC ISH MSCI EPE ITS,London Stock Exchange,London Stock Exchange,Europe,ETF/Fund,yahoo_variant,markets_ft,https://markets.ft.com/data/etfs/tearsheet/summary?s=ESIT:LSE:GBP,2026-07-01T17:52:52+00:00
ESJS.L,IE00BMDBMV87,INVESCO MARKETS II PLC IVZ MSCI,London Stock Exchange,London Stock Exchange,Europe,ETF/Fund,yahoo_search,markets_ft,https://markets.ft.com/data/etfs/tearsheet/summary?s=ESJS:LSE:GBX,2026-07-24T09:38:08+00:00
ESPB.L,IE000T5R61X5,INVESCO MARKETS II PLC IVZ MSCI,London Stock Exchange,London Stock Exchange,Europe,ETF/Fund,yahoo_search,markets_ft,https://markets.ft.com/data/etfs/tearsheet/summary?s=ESPB:LSE:GBX,2026-07-24T09:38:08+00:00
ESUD.L,,INVESCO MARKETS II PLC IVZ MSCI,London Stock Exchange,London Stock Exchange,Europe,ETF/Fund,yahoo_search,,,2026-07-24T09:38:08+00:00
ESUS.L,IE000A8N67F3,INVESCO MARKETS II PLC IVZ MSCI,London Stock Exchange,London Stock Exchange,Europe,ETF/Fund,yahoo_search,markets_ft,https://markets.ft.com/data/etfs/tearsheet/summary?s=ESUS:LSE:GBX,2026-07-24T09:38:08+00:00
ETFMIB.MI,FR0010010827,Amundi FTSE MIB UCITS ETF-Dist,Borsa Italiana,Borsa Italiana,Europe,ETF/Fund,yahoo_search,markets_ft,https://markets.ft.com/data/etfs/tearsheet/summary?s=ETFMIB:MIL:EUR,2026-07-24T09:38:08+00:00
EUEA.AS,IE0008471009,iShares Core EURO STOXX 50 UCIT,Euronext Amsterdam,Euronext Amsterdam,Europe,ETF/Fund,yahoo_search,markets_ft,https://markets.ft.com/data/etfs/tearsheet/summary?s=EUEA:AEX:EUR,2026-07-24T09:38:08+00:00
EUN0.DE,IE00B86MWN23,iShs VI-E.MSCI Eur.Min.Vol.U.ER,Germany/Xetra,Germany/Xetra,Europe,ETF/Fund,yahoo_search,markets_ft,https://markets.ft.com/data/etfs/tearsheet/summary?s=EUN0:GER:EUR,2026-07-24T09:38:08+00:00
EUN2.DE,IE0008471009,iShsII-Core EUR.STOXX 50 EURD R,Germany/Xetra,Germany/Xetra,Europe,ETF/Fund,yahoo_search,markets_ft,https://markets.ft.com/data/etfs/tearsheet/summary?s=EUN2:GER:EUR,2026-07-17T09:24:27+00:00
EUN4.DE,IE00B3DKXQ41,iShs3-EO Agg.Bd ESG SRI U.ETF R,Germany/Xetra,Germany/Xetra,Europe,ETF/Fund,yahoo_search,markets_ft,https://markets.ft.com/data/etfs/tearsheet/summary?s=EUN4:GER:EUR,2026-07-24T09:38:08+00:00
EUNK.DE,IE00B4K48X80,iShsIII-C.MSCI Eu.U.E.EUR Acc R,Germany/Xetra,Germany/Xetra,Europe,ETF/Fund,yahoo_search,markets_ft,https://markets.ft.com/data/etfs/tearsheet/summary?s=EUNK:GER:EUR,2026-07-24T09:38:08+00:00
EUNL.DE,IE00B4L5Y983,iShsIII-Core MSCI World U.ETF R,Germany/Xetra,Germany/Xetra,Europe,ETF/Fund,yahoo_search,markets_ft,https://markets.ft.com/data/etfs/tearsheet/summary?s=EUNL:GER:EUR,2026-07-08T09:40:49+00:00
EUPA.DE,,Oss-SHILLER BARC.CAPE Gl.SEC.VA,Germany/Xetra,Germany/Xetra,Europe,ETF/Fund,yahoo_search,,,2026-07-24T09:38:08+00:00
EUPA.L,IE00BMDPBY65,FRANKLIN TEMPLETON ICAV FRK STX,London Stock Exchange,London Stock Exchange,Europe,ETF/Fund,yahoo_search,markets_ft,https://markets.ft.com/data/etfs/tearsheet/summary?s=EUPA:LSE:GBP,2026-07-24T09:38:08+00:00
EUPA.MI,IE00BMDPBY65,FRANKLIN STOXX600 PARIS CLIMAT ,Borsa Italiana,Borsa Italiana,Europe,ETF/Fund,yahoo_search,markets_ft,https://markets.ft.com/data/etfs/tearsheet/summary?s=EUPA:MIL:EUR,2026-07-24T09:38:08+00:00
EUPB.AS,IE00BL6K8C82,iShares MSCI Europe Paris-Align,Euronext Amsterdam,Euronext Amsterdam,Europe,ETF/Fund,yahoo_variant,markets_ft,https://markets.ft.com/data/etfs/tearsheet/summary?s=EUPB:AEX:EUR,2026-07-01T17:52:52+00:00
EUPB.DE,LU2555926455,Oss-SHILLER BARC.CAPE Gl.SEC.VA,Germany/Xetra,Germany/Xetra,Europe,ETF/Fund,yahoo_search,markets_ft,https://markets.ft.com/data/etfs/tearsheet/summary?s=EUPB:GER:EUR,2026-07-24T09:38:08+00:00
EURPA.MI,IE00BN4Q0933,UBS MSCI Europe Climate Paris A,Borsa Italiana,Borsa Italiana,Europe,ETF/Fund,yahoo_search,markets_ft,https://markets.ft.com/data/etfs/tearsheet/summary?s=EURPA:MIL:EUR,2026-07-24T09:38:08+00:00
EURSRI.MI,LU2206597804,UBS MSCI Europe Socially Respon,Borsa Italiana,Borsa Italiana,Europe,ETF/Fund,yahoo_search,markets_ft,https://markets.ft.com/data/etfs/tearsheet/summary?s=EURSRI:MIL:EUR,2026-07-24T09:38:08+00:00
EWQA.DE,IE000L2SA8K5,Inv.NASDAQ 100 Eq.W.Idx ETF   R,Germany/Xetra,Germany/Xetra,Europe,ETF/Fund,yahoo_search,markets_ft,https://markets.ft.com/data/etfs/tearsheet/summary?s=EWQA:GER:EUR,2026-07-24T09:38:08+00:00
EWQX.L,IE000L2SA8K5,INVESCO MARKETS II PLC IVZ NASD,London Stock Exchange,London Stock Exchange,Europe,ETF/Fund,yahoo_search,markets_ft,https://markets.ft.com/data/etfs/tearsheet/summary?s=EWQX:LSE:GBX,2026-07-01T17:52:52+00:00
EWSD.AS,,iShares S&P 500 Equal Weight UC,Euronext Amsterdam,Euronext Amsterdam,Europe,ETF/Fund,yahoo_variant,,,2026-07-05T09:48:51+00:00
EWSD.DE,IE000DB78H45,IM2-EUR STOXX 50 Equal Weight R,Germany/Xetra,Germany/Xetra,Europe,ETF/Fund,yahoo_search,markets_ft,https://markets.ft.com/data/etfs/tearsheet/summary?s=EWSD:GER:EUR,2026-07-05T09:48:51+00:00
EWSP.AS,,iShares S&P 500 Equal Weight UC,Euronext Amsterdam,Euronext Amsterdam,Europe,ETF/Fund,yahoo_variant,,,2026-06-28T17:24:25+00:00
EWSP.L,IE000MLMNYS0,ISHARES III PLC ISHARES S&P 500,London Stock Exchange,London Stock Exchange,Europe,ETF/Fund,yahoo_search,markets_ft,https://markets.ft.com/data/etfs/tearsheet/summary?s=EWSP:LSE:GBP,2026-07-24T09:38:08+00:00
EWSP.MI,IE000MLMNYS0,iShares S&P 500 Equal Weight UC,Borsa Italiana,Borsa Italiana,Europe,ETF/Fund,yahoo_variant,markets_ft,https://markets.ft.com/data/etfs/tearsheet/summary?s=EWSP:MIL:EUR,2026-07-01T17:52:52+00:00
EWSX.DE,IE00067X7JX0,IM2-EUR STOXX 50 Equal Weight R,Germany/Xetra,Germany/Xetra,Europe,ETF/Fund,yahoo_search,markets_ft,https://markets.ft.com/data/etfs/tearsheet/summary?s=EWSX:GER:EUR,2026-07-05T09:48:51+00:00
EWSX.L,,ISHARES III PLC ISHARES S&P 500,London Stock Exchange,London Stock Exchange,Europe,ETF/Fund,yahoo_variant,,,2026-07-05T09:48:51+00:00
EXCN.DE,IE0006D3PGW3,FT-FTSE Em.ex China ETF       R,Germany/Xetra,Germany/Xetra,Europe,ETF/Fund,yahoo_search,markets_ft,https://markets.ft.com/data/etfs/tearsheet/summary?s=EXCN:GER:EUR,2026-07-24T09:38:08+00:00
EXCN.L,,FRANKLIN TEMPLETON ICAV FRANKLI,London Stock Exchange,London Stock Exchange,Europe,ETF/Fund,yahoo_variant,,,2026-06-28T17:24:25+00:00
EXCN.MI,IE0006D3PGW3,Franklin FTSE Emerging ex China,Borsa Italiana,Borsa Italiana,Europe,ETF/Fund,yahoo_search,markets_ft,https://markets.ft.com/data/etfs/tearsheet/summary?s=EXCN:MIL:EUR,2026-07-24T09:38:08+00:00
EXH9.DE,DE000A0Q4R02,iSh.ST.Eur.600 Utilit.U.ETF DEI,Germany/Xetra,Germany/Xetra,Europe,ETF/Fund,yahoo_search,markets_ft,https://markets.ft.com/data/etfs/tearsheet/summary?s=EXH9:GER:EUR,2026-07-13T10:37:01+00:00
EXIA.DE,DE000A0Q4R69,iShares DAX ESG UCITS ETF     I,Germany/Xetra,Germany/Xetra,Europe,ETF/Fund,yahoo_search,markets_ft,https://markets.ft.com/data/etfs/tearsheet/summary?s=EXIA:GER:EUR,2026-07-24T09:38:08+00:00
EXS1.AS,,iShares Core DAX UCITS ETF EUR ,Euronext Amsterdam,Euronext Amsterdam,Europe,ETF/Fund,yahoo_search,,,2026-07-24T09:38:08+00:00
EXS1.DE,DE0005933931,iShares Core DAX UCITS ETF DE I,Germany/Xetra,Germany/Xetra,Europe,ETF/Fund,yahoo_search,markets_ft,https://markets.ft.com/data/etfs/tearsheet/summary?s=EXS1:GER:EUR,2026-07-24T09:38:08+00:00
EXS1.MI,DE0005933931,ISHARES CORE DAX UCITS ETF,Borsa Italiana,Borsa Italiana,Europe,ETF/Fund,yahoo_search,markets_ft,https://markets.ft.com/data/etfs/tearsheet/summary?s=EXS1:MIL:EUR,2026-07-14T09:20:05+00:00
EXSA.DE,DE0002635307,iSh.STOXX Europe 600 U.ETF DE I,Germany/Xetra,Germany/Xetra,Europe,ETF/Fund,yahoo_search,markets_ft,https://markets.ft.com/data/etfs/tearsheet/summary?s=EXSA:GER:EUR,2026-07-24T09:38:08+00:00
EXSA.MI,DE0002635307,ISHARES STOXX EUROPE600EUR DIS ,Borsa Italiana,Borsa Italiana,Europe,ETF/Fund,yahoo_search,markets_ft,https://markets.ft.com/data/etfs/tearsheet/summary?s=EXSA:MIL:EUR,2026-07-22T09:41:52+00:00
EXSG.DE,DE0002635281,iSh.EO ST.Sel.Div.30 U.ETF DE I,Germany/Xetra,Germany/Xetra,Europe,ETF/Fund,yahoo_search,markets_ft,https://markets.ft.com/data/etfs/tearsheet/summary?s=EXSG:GER:EUR,2026-07-24T09:38:08+00:00
EXUS.DE,IE0006WW1TQ4,Xtr.IE-Xtr.MSCI Wld EX USA ETFR,Germany/Xetra,Germany/Xetra,Europe,ETF/Fund,yahoo_variant,markets_ft,https://markets.ft.com/data/etfs/tearsheet/summary?s=EXUS:GER:EUR,2026-07-01T17:52:52+00:00
EXUS.L,,XTRACKERS (IE) PUBLIC LIMITED C,London Stock Exchange,London Stock Exchange,Europe,ETF/Fund,yahoo_search,,,2026-07-24T09:38:08+00:00
EXUS.MI,IE0006WW1TQ4,Xtrackers MSCI World ex USA UCI,Borsa Italiana,Borsa Italiana,Europe,ETF/Fund,yahoo_variant,markets_ft,https://markets.ft.com/data/etfs/tearsheet/summary?s=EXUS:MIL:EUR,2026-07-01T17:52:52+00:00
EXV1.DE,DE000A0F5UJ7,iSh.ST.Euro.600 Banks U.ETF DEI,Germany/Xetra,Germany/Xetra,Europe,ETF/Fund,yahoo_search,markets_ft,https://markets.ft.com/data/etfs/tearsheet/summary?s=EXV1:GER:EUR,2026-07-24T09:38:08+00:00
EXV3.DE,DE000A0H08Q4,iSh.ST.Eu.600 Technol.U.ETF DEI,Germany/Xetra,Germany/Xetra,Europe,ETF/Fund,yahoo_search,markets_ft,https://markets.ft.com/data/etfs/tearsheet/summary?s=EXV3:GER:EUR,2026-07-13T10:37:01+00:00
EXV6.DE,DE000A0F5UK5,iSh.ST.Eu.600 Bas.Res.U.ETF DEI,Germany/Xetra,Germany/Xetra,Europe,ETF/Fund,yahoo_search,markets_ft,https://markets.ft.com/data/etfs/tearsheet/summary?s=EXV6:GER:EUR,2026-07-17T09:24:27+00:00
EXW1.DE,DE0005933956,iShares Core EO STOX.50 U.E.DEI,Germany/Xetra,Germany/Xetra,Europe,ETF/Fund,yahoo_search,markets_ft,https://markets.ft.com/data/etfs/tearsheet/summary?s=EXW1:GER:EUR,2026-07-24T09:38:08+00:00
EXX5.DE,DE000A0D8Q49,iSh.DJ U.S.Select Div.U.ETF DEI,Germany/Xetra,Germany/Xetra,Europe,ETF/Fund,yahoo_search,markets_ft,https://markets.ft.com/data/etfs/tearsheet/summary?s=EXX5:GER:EUR,2026-07-24T09:38:08+00:00
EXX5.MI,DE000A0D8Q49,ISHARES DJ US SELECT DIVIDEND U,Borsa Italiana,Borsa Italiana,Europe,ETF/Fund,yahoo_variant,markets_ft,https://markets.ft.com/data/etfs/tearsheet/summary?s=EXX5:MIL:EUR,2026-07-01T17:52:52+00:00
EXXT.DE,DE000A0F5UF5,iShare.NASDAQ-100 UCITS ETF DEI,Germany/Xetra,Germany/Xetra,Europe,ETF/Fund,yahoo_search,markets_ft,https://markets.ft.com/data/etfs/tearsheet/summary?s=EXXT:GER:EUR,2026-07-24T09:38:08+00:00
FAITH.MI,IE000AZOUN82,Franklin MSCI Wrld Catholic Pr ,Borsa Italiana,Borsa Italiana,Europe,ETF/Fund,yahoo_search,markets_ft,https://markets.ft.com/data/etfs/tearsheet/summary?s=FAITH:MIL:EUR,2026-07-24T09:38:08+00:00
FBCFM.DE,,UBS-Nasdaq-100 ESG enh        R,Germany/Xetra,Germany/Xetra,Europe,ETF/Fund,yahoo_search,,,2026-07-05T09:48:51+00:00
FD5BM.DE,,Xtrackers S&P 500 Swap U.ETF  I,Germany/Xetra,Germany/Xetra,Europe,ETF/Fund,yahoo_search,,,2026-07-24T09:38:08+00:00
FD6RH.DE,,Deka Nasdaq-100 UCITS ETF     I,Germany/Xetra,Germany/Xetra,Europe,ETF/Fund,yahoo_search,,,2026-07-24T09:38:08+00:00
FD6RI.DE,,Deka S&P 500 UCITS ETF        I,Germany/Xetra,Germany/Xetra,Europe,ETF/Fund,yahoo_search,,,2026-07-24T09:38:08+00:00
FEL46.DE,,Deka MSCI China ex A Sh.UC.ETFI,Germany/Xetra,Germany/Xetra,Europe,ETF/Fund,yahoo_search,,,2026-07-24T09:38:08+00:00
FEPI.L,,HANETF II ICAV REX TECH INN PRE,London Stock Exchange,London Stock Exchange,Europe,ETF/Fund,yahoo_search,,,2026-07-24T09:38:08+00:00
FEPI.MI,IE000HF69TA9,Rex Tech Innovation Premium Inc,Borsa Italiana,Borsa Italiana,Europe,ETF/Fund,yahoo_variant,markets_ft,https://markets.ft.com/data/etfs/tearsheet/summary?s=FEPI:MIL:EUR,2026-07-01T17:52:52+00:00
FETLX.DE,,L&G-L&G Gold Mining UCITS ETF R,Germany/Xetra,Germany/Xetra,Europe,ETF/Fund,yahoo_search,,,2026-07-24T09:38:08+00:00
FEXIA.DE,,iShares DAX ESG UCITS ETF     I,Germany/Xetra,Germany/Xetra,Europe,ETF/Fund,yahoo_search,,,2026-07-24T09:38:08+00:00
FG1CD.DE,,InvescoM2 Clean Energy ETF    R,Germany/Xetra,Germany/Xetra,Europe,ETF/Fund,yahoo_search,,,2026-07-18T09:02:51+00:00
FG1CE.DE,,InvescoM2 Clean Energy ETF    R,Germany/Xetra,Germany/Xetra,Europe,ETF/Fund,yahoo_search,,,2026-07-19T09:20:32+00:00
FH4ZN.DE,,HSBC S&P 500 UCITS ETF        R,Germany/Xetra,Germany/Xetra,Europe,ETF/Fund,yahoo_search,,,2026-07-19T09:20:32+00:00
FH4ZZ.DE,,HSBC EURO STOXX 50 UCITS ETF  R,Germany/Xetra,Germany/Xetra,Europe,ETF/Fund,yahoo_search,,,2026-07-24T09:38:08+00:00
FLX5.DE,IE00BMDPBZ72,FT ICAV-Fr.S&P500 P.A.Cl.U.ETFR,Germany/Xetra,Germany/Xetra,Europe,ETF/Fund,yahoo_search,markets_ft,https://markets.ft.com/data/etfs/tearsheet/summary?s=FLX5:GER:EUR,2026-07-24T09:38:08+00:00
FLXA.DE,IE000AZOUN82,FT-Em.Ma.So.De.Va.U.ETF       R,Germany/Xetra,Germany/Xetra,Europe,ETF/Fund,yahoo_search,markets_ft,https://markets.ft.com/data/etfs/tearsheet/summary?s=FLXA:GER:EUR,2026-07-24T09:38:08+00:00
FLXP.DE,IE00BMDPBY65,FT ICAV-ST.Eu.600 P.A.Cl.U.ETFR,Germany/Xetra,Germany/Xetra,Europe,ETF/Fund,yahoo_search,markets_ft,https://markets.ft.com/data/etfs/tearsheet/summary?s=FLXP:GER:EUR,2026-07-24T09:38:08+00:00
FNADA.DE,,MUL-AMUNDI MSCI Japan U.ETF   N,Germany/Xetra,Germany/Xetra,Europe,ETF/Fund,yahoo_search,,,2026-06-28T17:24:25+00:00
FRCJ.DE,LU1230561679,UBS MSCI Japan Socially Resp. I,Germany/Xetra,Germany/Xetra,Europe,ETF/Fund,yahoo_search,markets_ft,https://markets.ft.com/data/etfs/tearsheet/summary?s=FRCJ:GER:EUR,2026-07-24T09:38:08+00:00
FRCP.MI,IE000EBPC0Z7,FRANKLIN MSCI CHINA PARIS ALIG ,Borsa Italiana,Borsa Italiana,Europe,ETF/Fund,yahoo_search,markets_ft,https://markets.ft.com/data/etfs/tearsheet/summary?s=FRCP:MIL:EUR,2026-07-24T09:38:08+00:00
FRENW.DE,,L&G  ETF-L&G Clean Energy  ETFR,Germany/Xetra,Germany/Xetra,Europe,ETF/Fund,yahoo_search,,,2026-07-24T09:38:08+00:00
FREP.MI,IE000QLV3SY5,FRANKLIN MSCI EMERG MKTS PARIS ,Borsa Italiana,Borsa Italiana,Europe,ETF/Fund,yahoo_search,markets_ft,https://markets.ft.com/data/etfs/tearsheet/summary?s=FREP:MIL:EUR,2026-07-24T09:38:08+00:00
FS6X0.DE,,InvescoMI EURO STOXX 50 ETF   R,Germany/Xetra,Germany/Xetra,Europe,ETF/Fund,yahoo_search,,,2026-07-12T09:19:59+00:00
FSC0D.DE,,InvescoMI EURO STOXX 50 ETF   R,Germany/Xetra,Germany/Xetra,Europe,ETF/Fund,yahoo_search,,,2026-07-05T09:48:51+00:00
FSCOM.DE,,SPDR Commodity ETF            R,Germany/Xetra,Germany/Xetra,Europe,ETF/Fund,yahoo_search,,,2026-07-19T09:20:32+00:00
FSEAC.DE,,UBS MSCI World Soc.Res.       N,Germany/Xetra,Germany/Xetra,Europe,ETF/Fund,yahoo_search,,,2026-06-28T17:24:25+00:00
FTAW.AS,,iShares FTSE All-World UCITS ET,Euronext Amsterdam,Euronext Amsterdam,Europe,ETF/Fund,yahoo_search,,,2026-07-24T09:38:08+00:00
FTAW.L,IE00097WZHZ9,ISHARES II PLC ISHRS FTSE ALLWO,London Stock Exchange,London Stock Exchange,Europe,ETF/Fund,yahoo_search,markets_ft,https://markets.ft.com/data/etfs/tearsheet/summary?s=FTAW:LSE:GBP,2026-07-24T09:38:08+00:00
FTS100.MI,LU1650492173,Amundi Core FTSE 100 Swap UCITS,Borsa Italiana,Borsa Italiana,Europe,ETF/Fund,yahoo_search,markets_ft,https://markets.ft.com/data/etfs/tearsheet/summary?s=FTS100:MIL:EUR,2026-07-24T09:38:08+00:00
FTSS.DE,IE00097WZHZ9,iShs II-iShs FTSE All-Wld ETF R,Germany/Xetra,Germany/Xetra,Europe,ETF/Fund,yahoo_search,markets_ft,https://markets.ft.com/data/etfs/tearsheet/summary?s=FTSS:GER:EUR,2026-07-24T09:38:08+00:00
FTWD.DE,IE0000QLH0G6,Inv.Mkt.II-FTSE All-Wld U.E.  R,Germany/Xetra,Germany/Xetra,Europe,ETF/Fund,yahoo_search,markets_ft,https://markets.ft.com/data/etfs/tearsheet/summary?s=FTWD:GER:EUR,2026-07-24T09:38:08+00:00
FTWD.L,,INVESCO MARKETS II PLC IVZ FTSE,London Stock Exchange,London Stock Exchange,Europe,ETF/Fund,yahoo_search,,,2026-07-24T09:38:08+00:00
FTWG.L,IE0000QLH0G6,INVESCO MARKETS II PLC IVZ FTSE,London Stock Exchange,London Stock Exchange,Europe,ETF/Fund,yahoo_search,markets_ft,https://markets.ft.com/data/etfs/tearsheet/summary?s=FTWG:LSE:GBX,2026-07-18T09:02:51+00:00
FUET1.DE,,UBS MSCI USA Socially Resp.   N,Germany/Xetra,Germany/Xetra,Europe,ETF/Fund,yahoo_search,,,2026-06-28T17:24:25+00:00
FUET5.DE,,UBS EURO STOXX 50 ESG         A,Germany/Xetra,Germany/Xetra,Europe,ETF/Fund,yahoo_search,,,2026-07-24T09:38:08+00:00
FUIM3.DE,,UBS FTSE 100 UCITS ETF        I,Germany/Xetra,Germany/Xetra,Europe,ETF/Fund,yahoo_search,,,2026-07-13T10:37:01+00:00
FUIMP.DE,,UBS MSCI USA Socially Resp.   N,Germany/Xetra,Germany/Xetra,Europe,ETF/Fund,yahoo_search,,,2026-06-28T17:24:25+00:00
FUSA.DE,IE00BYXVGY31,Fidelity US Quality Income ETFR,Germany/Xetra,Germany/Xetra,Europe,ETF/Fund,yahoo_search,markets_ft,https://markets.ft.com/data/etfs/tearsheet/summary?s=FUSA:GER:EUR,2026-07-24T09:38:08+00:00
FUSA.L,,FIDELITY UCITS ICAV US QUALITY ,London Stock Exchange,London Stock Exchange,Europe,ETF/Fund,yahoo_variant,,,2026-06-28T17:20:30+00:00
FUSA.MI,IE00BYXVGY31,FIDELITY US QUALITY INCOME UCIT,Borsa Italiana,Borsa Italiana,Europe,ETF/Fund,yahoo_variant,markets_ft,https://markets.ft.com/data/etfs/tearsheet/summary?s=FUSA:MIL:EUR,2026-07-01T17:52:52+00:00
FVCH.DE,IE000EBPC0Z7,FT ICAV-Fr.MSCI Chn PAC U.ETF R,Germany/Xetra,Germany/Xetra,Europe,ETF/Fund,yahoo_search,markets_ft,https://markets.ft.com/data/etfs/tearsheet/summary?s=FVCH:GER:EUR,2026-07-24T09:38:08+00:00
FVEM.DE,IE000QLV3SY5,FT ICAV-Fr.MSCI EM PAC U.ETF  R,Germany/Xetra,Germany/Xetra,Europe,ETF/Fund,yahoo_search,markets_ft,https://markets.ft.com/data/etfs/tearsheet/summary?s=FVEM:GER:EUR,2026-07-24T09:38:08+00:00
FVVSM.DE,,VanEck Semiconductor UC.ETF   R,Germany/Xetra,Germany/Xetra,Europe,ETF/Fund,yahoo_search,,,2026-07-12T09:19:59+00:00
FWEA.DE,IE0006VDD4K1,Inv.Mkt.II-FTSE All-Wld U.E.  R,Germany/Xetra,Germany/Xetra,Europe,ETF/Fund,yahoo_search,markets_ft,https://markets.ft.com/data/etfs/tearsheet/summary?s=FWEA:GER:EUR,2026-07-24T09:38:08+00:00
FWEA.MI,IE0006VDD4K1,Invesco FTSE-All World UCITS ET,Borsa Italiana,Borsa Italiana,Europe,ETF/Fund,yahoo_search,markets_ft,https://markets.ft.com/data/etfs/tearsheet/summary?s=FWEA:MIL:EUR,2026-07-24T09:38:08+00:00
FWIA.DE,IE000716YHJ7,Inv.Mkt.II-FTSE All-Wld U.E.  R,Germany/Xetra,Germany/Xetra,Europe,ETF/Fund,yahoo_search,markets_ft,https://markets.ft.com/data/etfs/tearsheet/summary?s=FWIA:GER:EUR,2026-07-20T10:22:34+00:00
FWRA.L,,INVESCO MARKETS II PLC IVZ FTSE,London Stock Exchange,London Stock Exchange,Europe,ETF/Fund,yahoo_search,,,2026-07-17T09:24:27+00:00
FWRA.MI,IE000716YHJ7,Invesco FTSE-All World UCITS ET,Borsa Italiana,Borsa Italiana,Europe,ETF/Fund,yahoo_search,markets_ft,https://markets.ft.com/data/etfs/tearsheet/summary?s=FWRA:MIL:EUR,2026-07-24T09:38:08+00:00
FWRG.L,IE000716YHJ7,INVESCO MARKETS II PLC IVZ FTSE,London Stock Exchange,London Stock Exchange,Europe,ETF/Fund,yahoo_search,markets_ft,https://markets.ft.com/data/etfs/tearsheet/summary?s=FWRG:LSE:GBX,2026-07-18T09:02:51+00:00
FWSD.L,IE000UJC4MR1,INVESCO MARKETS II PLC IVZ FTSE,London Stock Exchange,London Stock Exchange,Europe,ETF/Fund,yahoo_search,markets_ft,https://markets.ft.com/data/etfs/tearsheet/summary?s=FWSD:LSE:GBX,2026-07-24T09:38:08+00:00
FXDDX.DE,,Xtrackers DAX ESG Screened UC I,Germany/Xetra,Germany/Xetra,Europe,ETF/Fund,yahoo_search,,,2026-06-28T17:24:25+00:00
FZPDJ.DE,,SPDR MSCI Japan UCITS ETF     R,Germany/Xetra,Germany/Xetra,Europe,ETF/Fund,yahoo_search,,,2026-07-24T09:38:08+00:00
FZPDW.DE,,SPDR MSCI Japan UCITS ETF     R,Germany/Xetra,Germany/Xetra,Europe,ETF/Fund,yahoo_search,,,2026-07-23T09:40:38+00:00
FZSG0.DE,,HANetf-Gold Miners Screened   R,Germany/Xetra,Germany/Xetra,Europe,ETF/Fund,yahoo_search,,,2026-07-24T09:38:08+00:00
G1CD.DE,IE00BLRB0028,InvescoM2 Clean Energy ETF    R,Germany/Xetra,Germany/Xetra,Europe,ETF/Fund,yahoo_search,markets_ft,https://markets.ft.com/data/etfs/tearsheet/summary?s=G1CD:GER:EUR,2026-07-24T09:38:08+00:00
G1CE.DE,IE00BLRB0242,InvescoM2 Clean Energy ETF    R,Germany/Xetra,Germany/Xetra,Europe,ETF/Fund,yahoo_search,markets_ft,https://markets.ft.com/data/etfs/tearsheet/summary?s=G1CE:GER:EUR,2026-07-24T09:38:08+00:00
G2X.DE,IE00BQQP9F84,VanEck Gold Miners UC.ETF     R,Germany/Xetra,Germany/Xetra,Europe,ETF/Fund,yahoo_search,markets_ft,https://markets.ft.com/data/etfs/tearsheet/summary?s=G2X:GER:EUR,2026-07-03T10:12:39+00:00
GDX.L,,VANECK UCITS ETFS PLC VANECK GO,London Stock Exchange,London Stock Exchange,Europe,ETF/Fund,yahoo_search,,,2026-07-24T09:38:08+00:00
GDX.MI,IE00BQQP9F84,VanEck Gold Miners UCITS ETF,Borsa Italiana,Borsa Italiana,Europe,ETF/Fund,yahoo_variant,markets_ft,https://markets.ft.com/data/etfs/tearsheet/summary?s=GDX:MIL:EUR,2026-07-16T09:32:41+00:00
GLAB.L,IE00BF1QPJ56,SSGA SPDR ETFS EUROPE I PLC SS ,London Stock Exchange,London Stock Exchange,Europe,ETF/Fund,yahoo_search,markets_ft,https://markets.ft.com/data/etfs/tearsheet/summary?s=GLAB:LSE:GBP,2026-07-24T09:38:08+00:00
GLDU.AS,,Amundi Gold Miners UCITS ETF Di,Euronext Amsterdam,Euronext Amsterdam,Europe,ETF/Fund,yahoo_search,,,2026-07-24T09:38:08+00:00
GOVE.L,,HANETF ICAV JUPITER GLOBAL GOV ,London Stock Exchange,London Stock Exchange,Europe,ETF/Fund,yahoo_variant,,,2026-07-03T10:12:39+00:00
GOVE.MI,IE000GDU4WA8,Jupiter Global Government Bond ,Borsa Italiana,Borsa Italiana,Europe,ETF/Fund,yahoo_search,markets_ft,https://markets.ft.com/data/etfs/tearsheet/summary?s=GOVE:MIL:EUR,2026-07-24T09:38:08+00:00
GR8.L,IE0007WMHDE3,HANETF ICAV MAKING EUROPE GREAT,London Stock Exchange,London Stock Exchange,Europe,ETF/Fund,yahoo_search,markets_ft,https://markets.ft.com/data/etfs/tearsheet/summary?s=GR8:LSE:GBX,2026-07-24T09:38:08+00:00
H41E.DE,IE000NVVIF88,HSBC-HSBC M.E.Mkts Val.Scr.ETFR,Germany/Xetra,Germany/Xetra,Europe,ETF/Fund,yahoo_search,markets_ft,https://markets.ft.com/data/etfs/tearsheet/summary?s=H41E:GER:EUR,2026-07-18T09:02:51+00:00
H41F.DE,IE000W080FK3,HSBC-HSBC M.E.Mkts S.C.Scr.ETFR,Germany/Xetra,Germany/Xetra,Europe,ETF/Fund,yahoo_search,markets_ft,https://markets.ft.com/data/etfs/tearsheet/summary?s=H41F:GER:EUR,2026-07-24T09:38:08+00:00
H41K.DE,IE00BF4NQ904,HSBC ETFs-HSBC MSCI Ch.A U.E. R,Germany/Xetra,Germany/Xetra,Europe,ETF/Fund,yahoo_search,markets_ft,https://markets.ft.com/data/etfs/tearsheet/summary?s=H41K:GER:EUR,2026-07-23T09:40:38+00:00
H4Z3.DE,IE000KCS7J59,HSBC MSCI Em.Markts. UCITS ETFR,Germany/Xetra,Germany/Xetra,Europe,ETF/Fund,yahoo_search,markets_ft,https://markets.ft.com/data/etfs/tearsheet/summary?s=H4Z3:GER:EUR,2026-07-01T17:52:52+00:00
H4ZA.DE,IE00B4K6B022,HSBC EURO STOXX 50 UCITS ETF  R,Germany/Xetra,Germany/Xetra,Europe,ETF/Fund,yahoo_search,markets_ft,https://markets.ft.com/data/etfs/tearsheet/summary?s=H4ZA:GER:EUR,2026-07-24T09:38:08+00:00
H4ZE.DE,IE00B5BD5K76,HSBC MSCI EUROPE UCITS ETF    R,Germany/Xetra,Germany/Xetra,Europe,ETF/Fund,yahoo_search,markets_ft,https://markets.ft.com/data/etfs/tearsheet/summary?s=H4ZE:GER:EUR,2026-07-22T09:41:52+00:00
H4ZF.DE,IE00B5KQNG97,HSBC S&P 500 UCITS ETF        R,Germany/Xetra,Germany/Xetra,Europe,ETF/Fund,yahoo_search,markets_ft,https://markets.ft.com/data/etfs/tearsheet/summary?s=H4ZF:GER:EUR,2026-07-20T10:22:34+00:00
H4ZN.DE,IE000JZ473P7,HSBC S&P 500 UCITS ETF        R,Germany/Xetra,Germany/Xetra,Europe,ETF/Fund,yahoo_search,markets_ft,https://markets.ft.com/data/etfs/tearsheet/summary?s=H4ZN:GER:EUR,2026-07-21T09:43:03+00:00
H4ZP.DE,IE00B44T3H88,HSBC MSCI CHINA UCITS ETF     R,Germany/Xetra,Germany/Xetra,Europe,ETF/Fund,yahoo_search,markets_ft,https://markets.ft.com/data/etfs/tearsheet/summary?s=H4ZP:GER:EUR,2026-07-16T09:32:41+00:00
H4ZY.DE,IE000UQND7H4,HSBC MSCI WORLD UCITS ETF     R,Germany/Xetra,Germany/Xetra,Europe,ETF/Fund,yahoo_search,markets_ft,https://markets.ft.com/data/etfs/tearsheet/summary?s=H4ZY:GER:EUR,2026-07-24T09:38:08+00:00
H4ZZ.DE,,HSBC EURO STOXX 50 UCITS ETF  R,Germany/Xetra,Germany/Xetra,Europe,ETF/Fund,yahoo_search,,,2026-07-10T10:31:39+00:00
H50A.L,,HSBC ETFS PLC HSBC EURO STOXX 5,London Stock Exchange,London Stock Exchange,Europe,ETF/Fund,yahoo_variant,,,2026-06-28T17:24:25+00:00
H50A.MI,,HSBC EURO STOXX 50 UCITS ETF EU,Borsa Italiana,Borsa Italiana,Europe,ETF/Fund,yahoo_search,,,2026-07-04T09:33:26+00:00
H50E.L,IE00B4K6B022,HSBC ETFS PLC HSBC EURO STOXX 5,London Stock Exchange,London Stock Exchange,Europe,ETF/Fund,yahoo_search,markets_ft,https://markets.ft.com/data/etfs/tearsheet/summary?s=H50E:LSE:GBX,2026-07-11T09:01:34+00:00
H50E.MI,IE00B4K6B022,HSBC EURO STOXX 50 UCITS ETF,Borsa Italiana,Borsa Italiana,Europe,ETF/Fund,yahoo_search,markets_ft,https://markets.ft.com/data/etfs/tearsheet/summary?s=H50E:MIL:EUR,2026-07-24T09:38:08+00:00
HCAA.L,,HSBC ETFS PLC HSBC MSCI CHINA A,London Stock Exchange,London Stock Exchange,Europe,ETF/Fund,yahoo_search,,,2026-07-17T09:24:27+00:00
HCHA.L,,HSBC ETFS PLC HSBC MSCI CHINA U,London Stock Exchange,London Stock Exchange,Europe,ETF/Fund,yahoo_search,,,2026-07-24T09:38:08+00:00
HCHA.MI,IE0007P4PBU1,HSBC MSCI CHINA UCITS ETF USD A,Borsa Italiana,Borsa Italiana,Europe,ETF/Fund,yahoo_search,markets_ft,https://markets.ft.com/data/etfs/tearsheet/summary?s=HCHA:MIL:EUR,2026-07-06T11:45:45+00:00
HCHS.L,IE0007P4PBU1,HSBC ETFS PLC HSBC MSCI CHINA U,London Stock Exchange,London Stock Exchange,Europe,ETF/Fund,yahoo_search,markets_ft,https://markets.ft.com/data/etfs/tearsheet/summary?s=HCHS:LSE:GBP,2026-07-01T17:52:52+00:00
HDEM.L,IE00BYYXBF44,INVESCO MARKETS III PLC INVESCO,London Stock Exchange,London Stock Exchange,Europe,ETF/Fund,yahoo_search,markets_ft,https://markets.ft.com/data/etfs/tearsheet/summary?s=HDEM:LSE:GBX,2026-07-24T09:38:08+00:00
HEAL.AS,IE00BYZK4776,iShares Healthcare Innovation U,Euronext Amsterdam,Euronext Amsterdam,Europe,ETF/Fund,yahoo_search,markets_ft,https://markets.ft.com/data/etfs/tearsheet/summary?s=HEAL:AEX:EUR,2026-07-24T09:38:08+00:00
HEAL.L,,ISHARES IV PLC ISHS HEALTHCARE ,London Stock Exchange,London Stock Exchange,Europe,ETF/Fund,yahoo_search,,,2026-07-23T09:40:38+00:00
HEAL.MI,IE00BYZK4776,ISHARES HEALTHCARE INNOV UCITS ,Borsa Italiana,Borsa Italiana,Europe,ETF/Fund,yahoo_search,markets_ft,https://markets.ft.com/data/etfs/tearsheet/summary?s=HEAL:MIL:EUR,2026-07-24T09:38:08+00:00
HEMA.L,,HSBC ETFS PLC HSBC MSCI EM UCIT,London Stock Exchange,London Stock Exchange,Europe,ETF/Fund,yahoo_search,,,2026-07-13T10:37:01+00:00
HEMA.MI,IE000KCS7J59,HSBC MSCI EM MARKETS UCITS ETF ,Borsa Italiana,Borsa Italiana,Europe,ETF/Fund,yahoo_variant,markets_ft,https://markets.ft.com/data/etfs/tearsheet/summary?s=HEMA:MIL:EUR,2026-07-13T10:37:01+00:00
HEMC.L,IE000KCS7J59,HSBC ETFS PLC HSBC MSCI EM UCIT,London Stock Exchange,London Stock Exchange,Europe,ETF/Fund,yahoo_search,markets_ft,https://markets.ft.com/data/etfs/tearsheet/summary?s=HEMC:LSE:GBP,2026-07-24T09:38:08+00:00
HEMV.L,,HSBC ETFS PLC HSBC MSCI EM VALU,London Stock Exchange,London Stock Exchange,Europe,ETF/Fund,yahoo_search,,,2026-07-24T09:38:08+00:00
HESC.L,,HSBC ETFS PLC HSBC MSCI EM SC S,London Stock Exchange,London Stock Exchange,Europe,ETF/Fund,yahoo_search,,,2026-07-24T09:38:08+00:00
HESS.L,IE000W080FK3,HSBC ETFS PLC HSBC MSCI EM SC S,London Stock Exchange,London Stock Exchange,Europe,ETF/Fund,yahoo_search,markets_ft,https://markets.ft.com/data/etfs/tearsheet/summary?s=HESS:LSE:GBP,2026-07-13T10:37:01+00:00
HIEM.L,,HSBC ETFS PLC HSBC MSCI EM ISLA,London Stock Exchange,London Stock Exchange,Europe,ETF/Fund,yahoo_search,,,2026-07-24T09:38:08+00:00
HIES.L,IE0009BC6K22,HSBC ETFS PLC HSBC MSCI EM ISLA,London Stock Exchange,London Stock Exchange,Europe,ETF/Fund,yahoo_search,markets_ft,https://markets.ft.com/data/etfs/tearsheet/summary?s=HIES:LSE:GBP,2026-07-24T09:38:08+00:00
HIEU.L,,HSBC ETFS PLC HSBC MSCI EUROPE ,London Stock Exchange,London Stock Exchange,Europe,ETF/Fund,yahoo_search,,,2026-07-04T09:33:26+00:00
HIJP.L,,HSBC ETFS PLC HSBC MSCI JAPAN I,London Stock Exchange,London Stock Exchange,Europe,ETF/Fund,yahoo_search,,,2026-07-18T09:02:51+00:00
HIJS.L,IE0001XCFC82,HSBC ETFS PLC HSBC MSCI JP ISL ,London Stock Exchange,London Stock Exchange,Europe,ETF/Fund,yahoo_search,markets_ft,https://markets.ft.com/data/etfs/tearsheet/summary?s=HIJS:LSE:GBP,2026-07-18T09:02:51+00:00
HIPS.L,IE000AGFZM58,HSBC ETFS PLC HSBC MSCI EUROPE ,London Stock Exchange,London Stock Exchange,Europe,ETF/Fund,yahoo_search,markets_ft,https://markets.ft.com/data/etfs/tearsheet/summary?s=HIPS:LSE:GBP,2026-07-04T09:33:26+00:00
HIUA.L,,HSBC ETFS PLC HSBC MSCI USA ISL,London Stock Exchange,London Stock Exchange,Europe,ETF/Fund,yahoo_search,,,2026-07-24T09:38:08+00:00
HIUS.L,IE000I5NV504,HSBC ETFS PLC HSBC MSCI USA ISL,London Stock Exchange,London Stock Exchange,Europe,ETF/Fund,yahoo_search,markets_ft,https://markets.ft.com/data/etfs/tearsheet/summary?s=HIUS:LSE:GBP,2026-07-18T09:02:51+00:00
HIWO.L,,HSBC ETFS PLC HSBC MSCI WORLD I,London Stock Exchange,London Stock Exchange,Europe,ETF/Fund,yahoo_search,,,2026-07-24T09:38:08+00:00
HJAP.DE,IE000UU299V4,HSBC ETFs-H.MSCI Jap.Cl.Pa.Al.R,Germany/Xetra,Germany/Xetra,Europe,ETF/Fund,yahoo_search,markets_ft,https://markets.ft.com/data/etfs/tearsheet/summary?s=HJAP:GER:EUR,2026-07-24T09:38:08+00:00
HMCA.L,IE00BF4NQ904,HSBC ETFS PLC HSBC MSCI CHINA A,London Stock Exchange,London Stock Exchange,Europe,ETF/Fund,yahoo_variant,markets_ft,https://markets.ft.com/data/etfs/tearsheet/summary?s=HMCA:LSE:GBP,2026-07-03T10:12:39+00:00
HMCA.MI,IE00BF4NQ904,HSBC MSCI CHINA A UCITS ETF,Borsa Italiana,Borsa Italiana,Europe,ETF/Fund,yahoo_search,markets_ft,https://markets.ft.com/data/etfs/tearsheet/summary?s=HMCA:MIL:EUR,2026-07-03T10:12:39+00:00
HMCH.L,IE00B44T3H88,HSBC ETFS PLC HSBC MSCI CHINA U,London Stock Exchange,London Stock Exchange,Europe,ETF/Fund,yahoo_search,markets_ft,https://markets.ft.com/data/etfs/tearsheet/summary?s=HMCH:LSE:GBX,2026-07-24T09:38:08+00:00
HMCH.MI,IE00B44T3H88,HSBC MSCI CHINA UCITS ETF,Borsa Italiana,Borsa Italiana,Europe,ETF/Fund,yahoo_variant,markets_ft,https://markets.ft.com/data/etfs/tearsheet/summary?s=HMCH:MIL:EUR,2026-07-01T17:52:52+00:00
HMCT.L,,HSBC ETFS PLC HSBC MSCI CHINA A,London Stock Exchange,London Stock Exchange,Europe,ETF/Fund,yahoo_search,,,2026-07-24T09:38:08+00:00
HMEA.L,,HSBC ETFS PLC HSBC MSCI EUROPE ,London Stock Exchange,London Stock Exchange,Europe,ETF/Fund,yahoo_search,,,2026-07-23T09:40:38+00:00
HMES.L,IE000ZQOIPB1,HSBC ETFS PLC HSBC MSCI EUROPE ,London Stock Exchange,London Stock Exchange,Europe,ETF/Fund,yahoo_search,markets_ft,https://markets.ft.com/data/etfs/tearsheet/summary?s=HMES:LSE:GBP,2026-07-24T09:38:08+00:00
HMEU.L,IE00B5BD5K76,HSBC ETFS PLC HSBC MSCI EUROPE ,London Stock Exchange,London Stock Exchange,Europe,ETF/Fund,yahoo_search,markets_ft,https://markets.ft.com/data/etfs/tearsheet/summary?s=HMEU:LSE:GBX,2026-07-04T09:33:26+00:00
HMEU.MI,IE00B5BD5K76,HSBC MSCI EUROPE UCITS ETF,Borsa Italiana,Borsa Italiana,Europe,ETF/Fund,yahoo_search,markets_ft,https://markets.ft.com/data/etfs/tearsheet/summary?s=HMEU:MIL:EUR,2026-07-13T10:37:01+00:00
HMJA.L,,HSBC ETFS PLC HSBC MSCI JAPAN U,London Stock Exchange,London Stock Exchange,Europe,ETF/Fund,yahoo_search,,,2026-07-24T09:38:08+00:00
HMJD.L,,HSBC ETFS PLC HSBC MSCI JAPAN U,London Stock Exchange,London Stock Exchange,Europe,ETF/Fund,yahoo_search,,,2026-07-17T09:24:27+00:00
HMJD.MI,IE00B5VX7566,HSBC MSCI JAPAN UCITS ETF,Borsa Italiana,Borsa Italiana,Europe,ETF/Fund,yahoo_search,markets_ft,https://markets.ft.com/data/etfs/tearsheet/summary?s=HMJD:MIL:EUR,2026-07-19T09:20:32+00:00
HMJP.L,IE00B5VX7566,HSBC ETFS PLC HSBC MSCI JAPAN U,London Stock Exchange,London Stock Exchange,Europe,ETF/Fund,yahoo_search,markets_ft,https://markets.ft.com/data/etfs/tearsheet/summary?s=HMJP:LSE:GBX,2026-07-11T09:01:34+00:00
HMUD.L,,HSBC ETFS PLC HSBC MSCI USA UCI,London Stock Exchange,London Stock Exchange,Europe,ETF/Fund,yahoo_search,,,2026-07-23T09:40:38+00:00
HMUS.L,IE00B5WFQ436,HSBC ETFS PLC HSBC MSCI USA UCI,London Stock Exchange,London Stock Exchange,Europe,ETF/Fund,yahoo_search,markets_ft,https://markets.ft.com/data/etfs/tearsheet/summary?s=HMUS:LSE:GBX,2026-07-24T09:38:08+00:00
HPAE.DE,IE00BP2C0316,HSBC ETFs-MSCI Eur.Cl.P.Al.ETFR,Germany/Xetra,Germany/Xetra,Europe,ETF/Fund,yahoo_search,markets_ft,https://markets.ft.com/data/etfs/tearsheet/summary?s=HPAE:GER:EUR,2026-07-23T09:40:38+00:00
HPAE.L,IE00BP2C0316,HSBC ETFS PLC HSBC MSCI EUROPE ,London Stock Exchange,London Stock Exchange,Europe,ETF/Fund,yahoo_search,markets_ft,https://markets.ft.com/data/etfs/tearsheet/summary?s=HPAE:LSE:GBP,2026-07-23T09:40:38+00:00
HPAE.MI,IE00BP2C0316,HSBC MSCI EUROPE CLIMATE PARIS ,Borsa Italiana,Borsa Italiana,Europe,ETF/Fund,yahoo_search,markets_ft,https://markets.ft.com/data/etfs/tearsheet/summary?s=HPAE:MIL:EUR,2026-07-20T10:22:34+00:00
HPAS.L,IE00BP2C1S34,HSBC ETFS PLC HSBC MSCI USA CLI,London Stock Exchange,London Stock Exchange,Europe,ETF/Fund,yahoo_search,markets_ft,https://markets.ft.com/data/etfs/tearsheet/summary?s=HPAS:LSE:GBP,2026-07-24T09:38:08+00:00
HPAU.DE,IE00BP2C1S34,HSBC ETFs-MSCI USA Cl.P.Al.ETFR,Germany/Xetra,Germany/Xetra,Europe,ETF/Fund,yahoo_search,markets_ft,https://markets.ft.com/data/etfs/tearsheet/summary?s=HPAU:GER:EUR,2026-07-21T09:43:03+00:00
HPAU.L,,HSBC ETFS PLC HSBC MSCI USA CLI,London Stock Exchange,London Stock Exchange,Europe,ETF/Fund,yahoo_search,,,2026-07-24T09:38:08+00:00
HPAW.DE,IE00BP2C1V62,HSBC ETFs-MSCI Wld Cl.P.Al.ETFR,Germany/Xetra,Germany/Xetra,Europe,ETF/Fund,yahoo_variant,markets_ft,https://markets.ft.com/data/etfs/tearsheet/summary?s=HPAW:GER:EUR,2026-07-01T17:52:52+00:00
HPAW.L,,HSBC ETFS PLC HSBC MSCI WORLD C,London Stock Exchange,London Stock Exchange,Europe,ETF/Fund,yahoo_variant,,,2026-06-28T17:24:25+00:00
HPAW.MI,IE00BP2C1V62,HSBC MSCI WORLD CLIMATE PARIS U,Borsa Italiana,Borsa Italiana,Europe,ETF/Fund,yahoo_search,markets_ft,https://markets.ft.com/data/etfs/tearsheet/summary?s=HPAW:MIL:EUR,2026-07-24T09:38:08+00:00
HPEF.L,,HSBC ETFS PLC HSBC MSCI EM PAB ,London Stock Exchange,London Stock Exchange,Europe,ETF/Fund,yahoo_search,,,2026-07-21T09:43:03+00:00
HPEM.L,,HSBC ETFS PLC HSBC MSCI EM PAB ,London Stock Exchange,London Stock Exchange,Europe,ETF/Fund,yahoo_search,,,2026-07-23T09:40:38+00:00
HPJP.L,,HSBC ETFS PLC HSBC MSCI JAPAN C,London Stock Exchange,London Stock Exchange,Europe,ETF/Fund,yahoo_search,,,2026-07-24T09:38:08+00:00
HPJS.L,IE000UU299V4,HSBC ETFS PLC HSBC MSCI JAPAN C,London Stock Exchange,London Stock Exchange,Europe,ETF/Fund,yahoo_search,markets_ft,https://markets.ft.com/data/etfs/tearsheet/summary?s=HPJS:LSE:GBP,2026-07-23T09:40:38+00:00
HPUD.L,,HSBC ETFS PLC HSBC MSCI USA CL ,London Stock Exchange,London Stock Exchange,Europe,ETF/Fund,yahoo_search,,,2026-07-24T09:38:08+00:00
HSPA.L,,HSBC ETFS PLC HSBC S&P 500 UCIT,London Stock Exchange,London Stock Exchange,Europe,ETF/Fund,yahoo_search,,,2026-07-24T09:38:08+00:00
HSPA.MI,IE000JZ473P7,HSBC S&P 500 UCITS ETF USD ACC,Borsa Italiana,Borsa Italiana,Europe,ETF/Fund,yahoo_search,markets_ft,https://markets.ft.com/data/etfs/tearsheet/summary?s=HSPA:MIL:EUR,2026-07-17T09:24:27+00:00
HSPD.L,,HSBC ETFS PLC HSBC S&P 500 UCIT,London Stock Exchange,London Stock Exchange,Europe,ETF/Fund,yahoo_search,,,2026-07-08T09:40:49+00:00
HSPD.MI,IE00B5KQNG97,HSBC S&P 500 UCITS ETF,Borsa Italiana,Borsa Italiana,Europe,ETF/Fund,yahoo_search,markets_ft,https://markets.ft.com/data/etfs/tearsheet/summary?s=HSPD:MIL:EUR,2026-07-24T09:38:08+00:00
HSPS.L,IE000JZ473P7,HSBC ETFS PLC HSBC S&P 500 UCIT,London Stock Exchange,London Stock Exchange,Europe,ETF/Fund,yahoo_search,markets_ft,https://markets.ft.com/data/etfs/tearsheet/summary?s=HSPS:LSE:GBP,2026-07-24T09:38:08+00:00
HSPX.L,IE00B5KQNG97,HSBC ETFS PLC HSBC S&P 500 UCIT,London Stock Exchange,London Stock Exchange,Europe,ETF/Fund,yahoo_search,markets_ft,https://markets.ft.com/data/etfs/tearsheet/summary?s=HSPX:LSE:GBX,2026-07-11T09:01:34+00:00
HUKX.L,IE00B42TW061,HSBC ETFS PLC HSBC FTSE 100 UCI,London Stock Exchange,London Stock Exchange,Europe,ETF/Fund,yahoo_search,markets_ft,https://markets.ft.com/data/etfs/tearsheet/summary?s=HUKX:LSE:GBX,2026-07-16T09:32:41+00:00
HWVL.L,,HSBC ETFS PLC HSBC MSCI WORLD V,London Stock Exchange,London Stock Exchange,Europe,ETF/Fund,yahoo_variant,,,2026-07-03T10:12:39+00:00
HWVL.MI,IE000LYBU7X5,HSBC MSCI WORLD VALUE SCREENED ,Borsa Italiana,Borsa Italiana,Europe,ETF/Fund,yahoo_search,markets_ft,https://markets.ft.com/data/etfs/tearsheet/summary?s=HWVL:MIL:EUR,2026-07-24T09:38:08+00:00
HWVS.L,IE000LYBU7X5,HSBC ETFS PLC HSBC MSCI WORLD V,London Stock Exchange,London Stock Exchange,Europe,ETF/Fund,yahoo_search,markets_ft,https://markets.ft.com/data/etfs/tearsheet/summary?s=HWVS:LSE:GBP,2026-07-23T09:40:38+00:00
HYDP.AS,,iShares $ High Yield Corp Bond ,Euronext Amsterdam,Euronext Amsterdam,Europe,ETF/Fund,yahoo_search,,,2026-07-06T11:45:45+00:00
HYPE.DE,IE000H92C4B8,iShs III-iS.EO HY C.BD E P-A CR,Germany/Xetra,Germany/Xetra,Europe,ETF/Fund,yahoo_search,markets_ft,https://markets.ft.com/data/etfs/tearsheet/summary?s=HYPE:GER:EUR,2026-07-24T09:38:08+00:00
IAEA.AS,IE00BMTX2B82,iShares AEX UCITS ETF EUR (Acc),Euronext Amsterdam,Euronext Amsterdam,Europe,ETF/Fund,yahoo_search,markets_ft,https://markets.ft.com/data/etfs/tearsheet/summary?s=IAEA:AEX:EUR,2026-07-24T09:38:08+00:00
IAEX.AS,IE00B0M62Y33,iShares AEX,Euronext Amsterdam,Euronext Amsterdam,Europe,ETF/Fund,yahoo_search,markets_ft,https://markets.ft.com/data/etfs/tearsheet/summary?s=IAEX:AEX:EUR,2026-07-24T09:38:08+00:00
IAEX.L,IE00B0M62Y33,ISHARES PLC ISHARES AEX UCITS E,London Stock Exchange,London Stock Exchange,Europe,ETF/Fund,yahoo_search,markets_ft,https://markets.ft.com/data/etfs/tearsheet/summary?s=IAEX:LSE:GBX,2026-07-24T09:38:08+00:00
IAIX.L,IE000LGWDNE5,INVESCO MARKETS II PLC INVESCO ,London Stock Exchange,London Stock Exchange,Europe,ETF/Fund,yahoo_search,markets_ft,https://markets.ft.com/data/etfs/tearsheet/summary?s=IAIX:LSE:GBX,2026-07-19T09:20:32+00:00
IASH.L,IE00BQT3WG13,ISHARES IV PLC ISHS MSCI CHINA ,London Stock Exchange,London Stock Exchange,Europe,ETF/Fund,yahoo_search,markets_ft,https://markets.ft.com/data/etfs/tearsheet/summary?s=IASH:LSE:GBX,2026-07-18T09:02:51+00:00
IAUP.L,,ISHARES V PUBLIC LIMITED COMPAN,London Stock Exchange,London Stock Exchange,Europe,ETF/Fund,yahoo_search,,,2026-07-15T09:25:14+00:00
IB01.L,,ISHARES PLC ISH $ TR BND 0-1YR ,London Stock Exchange,London Stock Exchange,Europe,ETF/Fund,yahoo_search,,,2026-07-24T09:38:08+00:00
IBC2.DE,IE00BF3N7102,iShsII-$Hgh Yld Corp Bd U.ETF R,Germany/Xetra,Germany/Xetra,Europe,ETF/Fund,yahoo_search,markets_ft,https://markets.ft.com/data/etfs/tearsheet/summary?s=IBC2:GER:EUR,2026-07-24T09:38:08+00:00
IBCF.DE,IE00B3ZW0K18,iShsV-S&P500 EUR Hgd U.ETF AccR,Germany/Xetra,Germany/Xetra,Europe,ETF/Fund,yahoo_search,markets_ft,https://markets.ft.com/data/etfs/tearsheet/summary?s=IBCF:GER:EUR,2026-07-10T10:31:39+00:00
IBCG.DE,IE00B42Z5J44,iShsV-MSCI Jap.EUR Hdg U-ETF AR,Germany/Xetra,Germany/Xetra,Europe,ETF/Fund,yahoo_search,markets_ft,https://markets.ft.com/data/etfs/tearsheet/summary?s=IBCG:GER:EUR,2026-07-18T09:02:51+00:00
IBCI.AS,IE00B0M62X26,iShares Euro Inflation Linked G,Euronext Amsterdam,Euronext Amsterdam,Europe,ETF/Fund,yahoo_search,markets_ft,https://markets.ft.com/data/etfs/tearsheet/summary?s=IBCI:AEX:EUR,2026-07-16T09:32:41+00:00
IBCI.DE,IE00B0M62X26,iShs EO Inf.Li.Gov.Bd U.ETF(D)R,Germany/Xetra,Germany/Xetra,Europe,ETF/Fund,yahoo_search,markets_ft,https://markets.ft.com/data/etfs/tearsheet/summary?s=IBCI:GER:EUR,2026-07-24T09:38:08+00:00
IBCI.L,IE00B0M62X26,ISHARES PLC ISHARES EUR I.L GOV,London Stock Exchange,London Stock Exchange,Europe,ETF/Fund,yahoo_variant,markets_ft,https://markets.ft.com/data/etfs/tearsheet/summary?s=IBCI:LSE:GBP,2026-07-01T17:52:52+00:00
IBCI.MI,IE00B0M62X26,ISHARES INFL LINKED GOVT UCITS ,Borsa Italiana,Borsa Italiana,Europe,ETF/Fund,yahoo_variant,markets_ft,https://markets.ft.com/data/etfs/tearsheet/summary?s=IBCI:MIL:EUR,2026-07-01T17:52:52+00:00
IBGT.L,IE000KN6U873,ISHARES PLC ISHRS$ TBOND 1-3YR ,London Stock Exchange,London Stock Exchange,Europe,ETF/Fund,yahoo_search,markets_ft,https://markets.ft.com/data/etfs/tearsheet/summary?s=IBGT:LSE:GBP,2026-07-24T09:38:08+00:00
IBTA.L,,ISHARES PLC ISHS $ TR BND 1-3YR,London Stock Exchange,London Stock Exchange,Europe,ETF/Fund,yahoo_search,,,2026-07-24T09:38:08+00:00
IBTM.L,IE00B1FZS798,ISHARES II PLC ISHRS $ TREAS BO,London Stock Exchange,London Stock Exchange,Europe,ETF/Fund,yahoo_search,markets_ft,https://markets.ft.com/data/etfs/tearsheet/summary?s=IBTM:LSE:GBP,2026-07-19T09:20:32+00:00
IBTM.MI,IE00B1FZS798,ISHARES $ TREASURY 7-10YR UCITS,Borsa Italiana,Borsa Italiana,Europe,ETF/Fund,yahoo_variant,markets_ft,https://markets.ft.com/data/etfs/tearsheet/summary?s=IBTM:MIL:EUR,2026-07-01T17:52:52+00:00
IBTU.L,,ISHARES PLC ISH $ TR BND 0-1YR ,London Stock Exchange,London Stock Exchange,Europe,ETF/Fund,yahoo_search,,,2026-07-24T09:38:08+00:00
ICFP.DE,IE00BG0NY640,InvIM2-MSCI E.L.Cath.Prin.ETF R,Germany/Xetra,Germany/Xetra,Europe,ETF/Fund,yahoo_search,markets_ft,https://markets.ft.com/data/etfs/tearsheet/summary?s=ICFP:GER:EUR,2026-07-05T09:48:51+00:00
ICFP.MI,IE00BG0NY640,Invesco MSCI Europe Catholic Pr,Borsa Italiana,Borsa Italiana,Europe,ETF/Fund,yahoo_search,markets_ft,https://markets.ft.com/data/etfs/tearsheet/summary?s=ICFP:MIL:EUR,2026-07-11T09:01:34+00:00
ICHD.AS,,iShares MSCI China UCITS ETF US,Euronext Amsterdam,Euronext Amsterdam,Europe,ETF/Fund,yahoo_search,,,2026-06-28T17:24:25+00:00
ICNT.DE,IE00BM8QS095,InvescoM2 MSCI China Tech ConnR,Germany/Xetra,Germany/Xetra,Europe,ETF/Fund,yahoo_search,markets_ft,https://markets.ft.com/data/etfs/tearsheet/summary?s=ICNT:GER:EUR,2026-07-24T09:38:08+00:00
IDTL.L,,ISHARES IV PLC ISHS $ TRSRY BD ,London Stock Exchange,London Stock Exchange,Europe,ETF/Fund,yahoo_search,,,2026-07-24T09:38:08+00:00
IEAG.AS,IE00B3DKXQ41,iShares  Aggregate Bond ESG SRI,Euronext Amsterdam,Euronext Amsterdam,Europe,ETF/Fund,yahoo_search,markets_ft,https://markets.ft.com/data/etfs/tearsheet/summary?s=IEAG:AEX:EUR,2026-07-24T09:38:08+00:00
IEAG.MI,IE00B3DKXQ41,iShares  Aggregate Bond ESG SRI,Borsa Italiana,Borsa Italiana,Europe,ETF/Fund,yahoo_search,markets_ft,https://markets.ft.com/data/etfs/tearsheet/summary?s=IEAG:MIL:EUR,2026-07-24T09:38:08+00:00
IEMM.AS,IE00B0M63177,iShares MSCI Emerging Markets U,Euronext Amsterdam,Euronext Amsterdam,Europe,ETF/Fund,yahoo_search,markets_ft,https://markets.ft.com/data/etfs/tearsheet/summary?s=IEMM:AEX:EUR,2026-07-24T09:38:08+00:00
IESE.AS,IE00B52VJ196,iShares MSCI Europe SRI UCITS E,Euronext Amsterdam,Euronext Amsterdam,Europe,ETF/Fund,yahoo_search,markets_ft,https://markets.ft.com/data/etfs/tearsheet/summary?s=IESE:AEX:EUR,2026-07-24T09:38:08+00:00
IESE.MI,IE00B52VJ196,ISHARES MSCI EUROPE SRI UCITS E,Borsa Italiana,Borsa Italiana,Europe,ETF/Fund,yahoo_variant,markets_ft,https://markets.ft.com/data/etfs/tearsheet/summary?s=IESE:MIL:EUR,2026-07-01T17:52:52+00:00
IEWQ.L,,INVESCO MARKETS II PLC IVZ NASD,London Stock Exchange,London Stock Exchange,Europe,ETF/Fund,yahoo_search,,,2026-07-14T09:20:05+00:00
IEWQ.MI,IE000L2SA8K5,IVZ NASDAQ 100 Equal Weight UCI,Borsa Italiana,Borsa Italiana,Europe,ETF/Fund,yahoo_variant,markets_ft,https://markets.ft.com/data/etfs/tearsheet/summary?s=IEWQ:MIL:EUR,2026-07-06T11:45:45+00:00
IEXA.DE,IE0000BH4WF5,iShsIII-EO Cor.Bd ex-Fin.U.ETFR,Germany/Xetra,Germany/Xetra,Europe,ETF/Fund,yahoo_search,markets_ft,https://markets.ft.com/data/etfs/tearsheet/summary?s=IEXA:GER:EUR,2026-07-24T09:38:08+00:00
IGDA.L,,INVESCO MARKETS II PLC IVZ DJ I,London Stock Exchange,London Stock Exchange,Europe,ETF/Fund,yahoo_search,,,2026-07-24T09:38:08+00:00
IGEA.L,,ISHARES III PLC ISHRS EMR ASIA ,London Stock Exchange,London Stock Exchange,Europe,ETF/Fund,yahoo_search,,,2026-07-05T09:48:51+00:00
IHHG.L,IE00BDFJYL11,ISHARES II PLC ISH $ HY CORP BO,London Stock Exchange,London Stock Exchange,Europe,ETF/Fund,yahoo_search,markets_ft,https://markets.ft.com/data/etfs/tearsheet/summary?s=IHHG:LSE:GBP,2026-07-24T09:38:08+00:00
IHYA.L,,ISHARES II PLC IS $ HY CORPORAT,London Stock Exchange,London Stock Exchange,Europe,ETF/Fund,yahoo_search,,,2026-07-24T09:38:08+00:00
IJPE.AS,IE00B42Z5J44,iShares MSCI Japan EUR Hedged U,Euronext Amsterdam,Euronext Amsterdam,Europe,ETF/Fund,yahoo_search,markets_ft,https://markets.ft.com/data/etfs/tearsheet/summary?s=IJPE:AEX:EUR,2026-07-18T09:02:51+00:00
IJPE.L,,ISHARES V PUBLIC LIMITED COMPAN,London Stock Exchange,London Stock Exchange,Europe,ETF/Fund,yahoo_variant,,,2026-06-28T17:24:25+00:00
IJPE.MI,IE00B42Z5J44,ISHARES MSCI JAPAN EUR HDG UCIT,Borsa Italiana,Borsa Italiana,Europe,ETF/Fund,yahoo_search,markets_ft,https://markets.ft.com/data/etfs/tearsheet/summary?s=IJPE:MIL:EUR,2026-07-24T09:38:08+00:00
IJPN.AS,IE00B02KXH56,iShares MSCI Japan UCITS ETF (D,Euronext Amsterdam,Euronext Amsterdam,Europe,ETF/Fund,yahoo_variant,markets_ft,https://markets.ft.com/data/etfs/tearsheet/summary?s=IJPN:AEX:EUR,2026-07-01T17:52:52+00:00
IJPN.L,IE00B02KXH56,ISHARES PLC ISHARES MSCI JAPAN ,London Stock Exchange,London Stock Exchange,Europe,ETF/Fund,yahoo_variant,markets_ft,https://markets.ft.com/data/etfs/tearsheet/summary?s=IJPN:LSE:GBX,2026-07-01T17:52:52+00:00
IJPN.MI,IE00B02KXH56,ISHARES MSCI JAPAN UCITS ETF US,Borsa Italiana,Borsa Italiana,Europe,ETF/Fund,yahoo_search,markets_ft,https://markets.ft.com/data/etfs/tearsheet/summary?s=IJPN:MIL:EUR,2026-07-01T17:52:52+00:00
IMAE.AS,IE00B4K48X80,iShares Core MSCI Europe UCITS ,Euronext Amsterdam,Euronext Amsterdam,Europe,ETF/Fund,yahoo_search,markets_ft,https://markets.ft.com/data/etfs/tearsheet/summary?s=IMAE:AEX:EUR,2026-07-24T09:38:08+00:00
IMIB.L,IE00B1XNH568,ISHARES II PLC ISHARES FTSE MIB,London Stock Exchange,London Stock Exchange,Europe,ETF/Fund,yahoo_search,markets_ft,https://markets.ft.com/data/etfs/tearsheet/summary?s=IMIB:LSE:GBX,2026-07-19T09:20:32+00:00
IMIB.MI,IE00B1XNH568,ISHARES FTSE MIB UCITS ETF EUR ,Borsa Italiana,Borsa Italiana,Europe,ETF/Fund,yahoo_search,markets_ft,https://markets.ft.com/data/etfs/tearsheet/summary?s=IMIB:MIL:EUR,2026-07-24T09:38:08+00:00
INSU.L,,INVESCO MARKETS II PLC IVZ US I,London Stock Exchange,London Stock Exchange,Europe,ETF/Fund,yahoo_search,,,2026-07-24T09:38:08+00:00
INSX.L,IE0007UJ6IE0,INVESCO MARKETS II PLC IVZ US I,London Stock Exchange,London Stock Exchange,Europe,ETF/Fund,yahoo_search,markets_ft,https://markets.ft.com/data/etfs/tearsheet/summary?s=INSX:LSE:GBX,2026-07-24T09:38:08+00:00
INTL.L,IE00BDVPNG13,WISDOMTREE ISSUER ICAV WT ART I,London Stock Exchange,London Stock Exchange,Europe,ETF/Fund,yahoo_search,markets_ft,https://markets.ft.com/data/etfs/tearsheet/summary?s=INTL:LSE:GBX,2026-07-24T09:38:08+00:00
IQQJ.DE,IE00B02KXH56,iShs MSCI Japan U.ETF USD (D) R,Germany/Xetra,Germany/Xetra,Europe,ETF/Fund,yahoo_search,markets_ft,https://markets.ft.com/data/etfs/tearsheet/summary?s=IQQJ:GER:EUR,2026-07-22T09:41:52+00:00
IQQU.DE,IE00B14X4N27,iShs MSCI Eur.xUK UCITS ETF   R,Germany/Xetra,Germany/Xetra,Europe,ETF/Fund,yahoo_search,markets_ft,https://markets.ft.com/data/etfs/tearsheet/summary?s=IQQU:GER:EUR,2026-07-24T09:38:08+00:00
IQQY.DE,IE00B1YZSC51,iShsII-Core MSCI Europe U.ETF R,Germany/Xetra,Germany/Xetra,Europe,ETF/Fund,yahoo_search,markets_ft,https://markets.ft.com/data/etfs/tearsheet/summary?s=IQQY:GER:EUR,2026-07-24T09:38:08+00:00
IS04.DE,IE00BSKRJZ44,iShsIV-DL Treas.Bd 20+yr U.ETFR,Germany/Xetra,Germany/Xetra,Europe,ETF/Fund,yahoo_search,markets_ft,https://markets.ft.com/data/etfs/tearsheet/summary?s=IS04:GER:EUR,2026-07-24T09:38:08+00:00
IS0E.DE,IE00B6R52036,iShsV-Gold Producers.UCITS ETFR,Germany/Xetra,Germany/Xetra,Europe,ETF/Fund,yahoo_search,markets_ft,https://markets.ft.com/data/etfs/tearsheet/summary?s=IS0E:GER:EUR,2026-07-07T10:34:45+00:00
IS3N.DE,IE00BKM4GZ66,iShs Core MSCI EM IMI U.ETF   R,Germany/Xetra,Germany/Xetra,Europe,ETF/Fund,yahoo_search,markets_ft,https://markets.ft.com/data/etfs/tearsheet/summary?s=IS3N:GER:EUR,2026-07-24T09:38:08+00:00
IS3V.DE,IE00BKPT2S34,iShsIII-Gl.Infl.L.Gov.Bd U.ETFR,Germany/Xetra,Germany/Xetra,Europe,ETF/Fund,yahoo_search,markets_ft,https://markets.ft.com/data/etfs/tearsheet/summary?s=IS3V:GER:EUR,2026-07-05T09:48:51+00:00
ISF.L,IE0005042456,ISHARES PLC ISHARES CORE FTSE10,London Stock Exchange,London Stock Exchange,Europe,ETF/Fund,yahoo_search,markets_ft,https://markets.ft.com/data/etfs/tearsheet/summary?s=ISF:LSE:GBX,2026-07-22T09:41:52+00:00
ISF.MI,IE0005042456,ISHARES CORE FTSE 100 UCITS ETF,Borsa Italiana,Borsa Italiana,Europe,ETF/Fund,yahoo_variant,markets_ft,https://markets.ft.com/data/etfs/tearsheet/summary?s=ISF:MIL:EUR,2026-07-07T10:34:45+00:00
ISFA.AS,IE0005042456,iShares Core FTSE 100 UCITS ETF,Euronext Amsterdam,Euronext Amsterdam,Europe,ETF/Fund,yahoo_search,markets_ft,https://markets.ft.com/data/etfs/tearsheet/summary?s=ISFA:AEX:EUR,2026-07-22T09:41:52+00:00
ISFD.L,,ISHARES PLC ISHARES COR FTSE 10,London Stock Exchange,London Stock Exchange,Europe,ETF/Fund,yahoo_search,,,2026-07-16T09:32:41+00:00
ISPY.AS,IE00BYPLS672,L&G Cyber Security UCITS ETF,Euronext Amsterdam,Euronext Amsterdam,Europe,ETF/Fund,yahoo_variant,markets_ft,https://markets.ft.com/data/etfs/tearsheet/summary?s=ISPY:AEX:EUR,2026-07-11T09:01:34+00:00
ISPY.L,IE00BYPLS672,LEGAL & GENERAL UCITS ETF PUBLI,London Stock Exchange,London Stock Exchange,Europe,ETF/Fund,yahoo_variant,markets_ft,https://markets.ft.com/data/etfs/tearsheet/summary?s=ISPY:LSE:GBX,2026-07-11T09:01:34+00:00
ISPY.MI,IE00BYPLS672,L&G CYBER SECURITY UCITS ETF,Borsa Italiana,Borsa Italiana,Europe,ETF/Fund,yahoo_search,markets_ft,https://markets.ft.com/data/etfs/tearsheet/summary?s=ISPY:MIL:EUR,2026-07-11T09:01:34+00:00
ISUS.L,IE00B296QM64,ISHARES II PLC ISHRS MSCI USA I,London Stock Exchange,London Stock Exchange,Europe,ETF/Fund,yahoo_search,markets_ft,https://markets.ft.com/data/etfs/tearsheet/summary?s=ISUS:LSE:GBX,2026-07-24T09:38:08+00:00
ISWD.L,IE00B27YCN58,ISHARES II PLC ISHRS MSCI WRLD ,London Stock Exchange,London Stock Exchange,Europe,ETF/Fund,yahoo_search,markets_ft,https://markets.ft.com/data/etfs/tearsheet/summary?s=ISWD:LSE:GBX,2026-07-22T09:41:52+00:00
ITBL.MI,XS3306519201,WISDOMTREE FTSE MIB BANKS,Borsa Italiana,Borsa Italiana,Europe,ETF/Fund,yahoo_search,markets_ft,https://markets.ft.com/data/etfs/tearsheet/summary?s=ITBL:MIL:EUR,2026-07-24T09:38:08+00:00
ITEP.L,IE00BDDRF700,HANETF ICAV HAN-GINS TECH MEGAT,London Stock Exchange,London Stock Exchange,Europe,ETF/Fund,yahoo_search,markets_ft,https://markets.ft.com/data/etfs/tearsheet/summary?s=ITEP:LSE:GBX,2026-07-21T09:43:03+00:00
IUIT.L,,ISHARES V PUBLIC LIMITED COMPAN,London Stock Exchange,London Stock Exchange,Europe,ETF/Fund,yahoo_search,,,2026-07-24T09:38:08+00:00
IUKD.L,IE00B0M63060,ISHARES PLC ISHARES UK DIVIDEND,London Stock Exchange,London Stock Exchange,Europe,ETF/Fund,yahoo_search,markets_ft,https://markets.ft.com/data/etfs/tearsheet/summary?s=IUKD:LSE:GBX,2026-07-12T09:19:59+00:00
IUKD.MI,IE00B0M63060,ISHARES UK DIVIDEND UCITS ETF D,Borsa Italiana,Borsa Italiana,Europe,ETF/Fund,yahoo_search,markets_ft,https://markets.ft.com/data/etfs/tearsheet/summary?s=IUKD:MIL:EUR,2026-07-24T09:38:08+00:00
IUS5.DE,IE00B3B8PX14,iShsIII-Gl.Infl.L.Gov.Bd U.ETFR,Germany/Xetra,Germany/Xetra,Europe,ETF/Fund,yahoo_search,markets_ft,https://markets.ft.com/data/etfs/tearsheet/summary?s=IUS5:GER:EUR,2026-07-08T09:40:49+00:00
IUSA.AS,IE0031442068,iShares Core S&P 500 UCITS ETF ,Euronext Amsterdam,Euronext Amsterdam,Europe,ETF/Fund,yahoo_search,markets_ft,https://markets.ft.com/data/etfs/tearsheet/summary?s=IUSA:AEX:EUR,2026-07-24T09:38:08+00:00
IUSA.DE,IE0031442068,iShs Core S&P 500 UC.ETF USDD R,Germany/Xetra,Germany/Xetra,Europe,ETF/Fund,yahoo_search,markets_ft,https://markets.ft.com/data/etfs/tearsheet/summary?s=IUSA:GER:EUR,2026-07-24T09:38:08+00:00
IUSA.L,IE0031442068,ISHARES PLC ISHARES S&P 500 UCI,London Stock Exchange,London Stock Exchange,Europe,ETF/Fund,yahoo_search,markets_ft,https://markets.ft.com/data/etfs/tearsheet/summary?s=IUSA:LSE:GBX,2026-07-24T09:38:08+00:00
IUSA.MI,IE0031442068,ISHARESCORES&P500$(DIST) UCITS ,Borsa Italiana,Borsa Italiana,Europe,ETF/Fund,yahoo_variant,markets_ft,https://markets.ft.com/data/etfs/tearsheet/summary?s=IUSA:MIL:EUR,2026-07-01T17:52:52+00:00
IUSE.L,,ISHARES V PUBLIC LIMITED COMPAN,London Stock Exchange,London Stock Exchange,Europe,ETF/Fund,yahoo_search,,,2026-07-24T09:38:08+00:00
IUSE.MI,IE00B3ZW0K18,ISHARES S&P 500 EUR HEDGED UCIT,Borsa Italiana,Borsa Italiana,Europe,ETF/Fund,yahoo_variant,markets_ft,https://markets.ft.com/data/etfs/tearsheet/summary?s=IUSE:MIL:EUR,2026-07-01T17:52:52+00:00
IUSL.DE,IE00B57X3V84,iShsII-DJ Glb.Leaders Scr.UETFR,Germany/Xetra,Germany/Xetra,Europe,ETF/Fund,yahoo_search,markets_ft,https://markets.ft.com/data/etfs/tearsheet/summary?s=IUSL:GER:EUR,2026-07-23T09:40:38+00:00
IVAI.DE,IE000LGWDNE5,I.M.II-Inv.Art.Int.Ena.ETF AccR,Germany/Xetra,Germany/Xetra,Europe,ETF/Fund,yahoo_search,markets_ft,https://markets.ft.com/data/etfs/tearsheet/summary?s=IVAI:GER:EUR,2026-07-24T09:38:08+00:00
IVAI.L,,INVESCO MARKETS II PLC INVESCO ,London Stock Exchange,London Stock Exchange,Europe,ETF/Fund,yahoo_search,,,2026-07-24T09:38:08+00:00
IVAI.MI,IE000LGWDNE5,Invesco AI Enablers UCITS ETF,Borsa Italiana,Borsa Italiana,Europe,ETF/Fund,yahoo_search,markets_ft,https://markets.ft.com/data/etfs/tearsheet/summary?s=IVAI:MIL:EUR,2026-07-24T09:38:08+00:00
IWDA.AS,IE00B4L5Y983,iShares Core MSCI World UCITS E,Euronext Amsterdam,Euronext Amsterdam,Europe,ETF/Fund,yahoo_search,markets_ft,https://markets.ft.com/data/etfs/tearsheet/summary?s=IWDA:AEX:EUR,2026-07-24T09:38:08+00:00
IWDA.L,,ISHARES III PLC ISHRS CORE MSCI,London Stock Exchange,London Stock Exchange,Europe,ETF/Fund,yahoo_search,,,2026-07-24T09:38:08+00:00
IWRD.AS,IE00B0M62Q58,iShares MSCI World UCITS ETF (D,Euronext Amsterdam,Euronext Amsterdam,Europe,ETF/Fund,yahoo_search,markets_ft,https://markets.ft.com/data/etfs/tearsheet/summary?s=IWRD:AEX:EUR,2026-07-24T09:38:08+00:00
IWRD.L,IE00B0M62Q58,ISHARES PLC ISHARES MSCI WORLD ,London Stock Exchange,London Stock Exchange,Europe,ETF/Fund,yahoo_search,markets_ft,https://markets.ft.com/data/etfs/tearsheet/summary?s=IWRD:LSE:GBX,2026-07-24T09:38:08+00:00
IWRD.MI,IE00B0M62Q58,ISHARES MSCI WORLD UCITS ETF US,Borsa Italiana,Borsa Italiana,Europe,ETF/Fund,yahoo_search,markets_ft,https://markets.ft.com/data/etfs/tearsheet/summary?s=IWRD:MIL:EUR,2026-07-24T09:38:08+00:00
IWSZ.L,,ISHARES IV PLC ISHS MSCI WORLD ,London Stock Exchange,London Stock Exchange,Europe,ETF/Fund,yahoo_search,,,2026-07-21T09:43:03+00:00
IWSZ.MI,IE00BP3QZD73,iShares MSCI World Mid-Cap Equa,Borsa Italiana,Borsa Italiana,Europe,ETF/Fund,yahoo_variant,markets_ft,https://markets.ft.com/data/etfs/tearsheet/summary?s=IWSZ:MIL:EUR,2026-07-05T09:48:51+00:00
IWVL.L,,ISHARES IV PLC ISHS EDGE MSCI W,London Stock Exchange,London Stock Exchange,Europe,ETF/Fund,yahoo_search,,,2026-07-24T09:38:08+00:00
IWVL.MI,IE00BP3QZB59,ISHARES ED MSCI WL VAL FAC UCIT,Borsa Italiana,Borsa Italiana,Europe,ETF/Fund,yahoo_variant,markets_ft,https://markets.ft.com/data/etfs/tearsheet/summary?s=IWVL:MIL:EUR,2026-07-07T10:34:45+00:00
JAAA.L,,JANUS HENDERSON TABULA FUND JH ,London Stock Exchange,London Stock Exchange,Europe,ETF/Fund,yahoo_search,,,2026-07-22T09:41:52+00:00
JAGA.DE,IE0006MM8VN6,JPM ETFs(I)-Global Aggre.Bd   R,Germany/Xetra,Germany/Xetra,Europe,ETF/Fund,yahoo_variant,markets_ft,https://markets.ft.com/data/etfs/tearsheet/summary?s=JAGA:GER:EUR,2026-07-01T17:52:52+00:00
JAGA.L,,JPMORGAN ETFS (IRELAND) ICAV JP,London Stock Exchange,London Stock Exchange,Europe,ETF/Fund,yahoo_variant,,,2026-06-28T17:20:30+00:00
JAGA.MI,IE0006MM8VN6,JPM Global Agg Bd Active UCITS ,Borsa Italiana,Borsa Italiana,Europe,ETF/Fund,yahoo_search,markets_ft,https://markets.ft.com/data/etfs/tearsheet/summary?s=JAGA:MIL:EUR,2026-07-24T09:38:08+00:00
JARH.DE,LU2269164310,AIS-Amu.MSCI Japan SRI CPAUE  A,Germany/Xetra,Germany/Xetra,Europe,ETF/Fund,yahoo_search,markets_ft,https://markets.ft.com/data/etfs/tearsheet/summary?s=JARH:GER:EUR,2026-07-03T10:12:39+00:00
JARI.DE,LU2233156749,AIS-Amu.MSCI Japan SRI CPAUE  A,Germany/Xetra,Germany/Xetra,Europe,ETF/Fund,yahoo_search,markets_ft,https://markets.ft.com/data/etfs/tearsheet/summary?s=JARI:GER:EUR,2026-07-24T09:38:08+00:00
JARI.L,LU2233156749,AMUNDI INDEX SOLUTIONS AMUNDI M,London Stock Exchange,London Stock Exchange,Europe,ETF/Fund,yahoo_search,markets_ft,https://markets.ft.com/data/etfs/tearsheet/summary?s=JARI:LSE:GBX,2026-07-14T09:20:05+00:00
JEPG.L,,JPMORGAN ETFS (IRELAND) ICAV JP,London Stock Exchange,London Stock Exchange,Europe,ETF/Fund,yahoo_search,,,2026-07-24T09:38:08+00:00
JEPG.MI,IE0003UVYC20,JPM Global Equity Premium Incom,Borsa Italiana,Borsa Italiana,Europe,ETF/Fund,yahoo_search,markets_ft,https://markets.ft.com/data/etfs/tearsheet/summary?s=JEPG:MIL:EUR,2026-07-24T09:38:08+00:00
JEPI.L,,JPMORGAN ETFS (IRELAND) ICAV JP,London Stock Exchange,London Stock Exchange,Europe,ETF/Fund,yahoo_search,,,2026-07-24T09:38:08+00:00
JEPI.MI,IE000U5MJOZ6,JPM US Equity Premium Income Ac,Borsa Italiana,Borsa Italiana,Europe,ETF/Fund,yahoo_search,markets_ft,https://markets.ft.com/data/etfs/tearsheet/summary?s=JEPI:MIL:EUR,2026-07-24T09:38:08+00:00
JEPQ.L,,JPMORGAN ETFS (IRELAND) ICAV JP,London Stock Exchange,London Stock Exchange,Europe,ETF/Fund,yahoo_search,,,2026-07-24T09:38:08+00:00
JEPQ.MI,IE000U9J8HX9,JPM Nasdaq Equity Premium Incom,Borsa Italiana,Borsa Italiana,Europe,ETF/Fund,yahoo_search,markets_ft,https://markets.ft.com/data/etfs/tearsheet/summary?s=JEPQ:MIL:EUR,2026-07-24T09:38:08+00:00
JGPI.DE,IE0003UVYC20,JPM ETFs(I)-Glbl Eq.Pr.Inc.   R,Germany/Xetra,Germany/Xetra,Europe,ETF/Fund,yahoo_search,markets_ft,https://markets.ft.com/data/etfs/tearsheet/summary?s=JGPI:GER:EUR,2026-07-24T09:38:08+00:00
JPA.MI,IE00BN4Q0X77,UBS MSCI Japan Climate Paris Al,Borsa Italiana,Borsa Italiana,Europe,ETF/Fund,yahoo_search,markets_ft,https://markets.ft.com/data/etfs/tearsheet/summary?s=JPA:MIL:EUR,2026-07-17T09:24:27+00:00
JPE.MI,IE000JHYO4T6,UBS MSCI Japan Climate Paris Al,Borsa Italiana,Borsa Italiana,Europe,ETF/Fund,yahoo_search,markets_ft,https://markets.ft.com/data/etfs/tearsheet/summary?s=JPE:MIL:EUR,2026-07-21T09:43:03+00:00
JPESG.MI,IE00BNC0MD55,UBS MSCI Japan Universal UCITS ,Borsa Italiana,Borsa Italiana,Europe,ETF/Fund,yahoo_search,markets_ft,https://markets.ft.com/data/etfs/tearsheet/summary?s=JPESG:MIL:EUR,2026-07-23T09:40:38+00:00
JPJP.L,IE00BZ0G8B96,SSGA SPDR ETFS EUROPE I PLC SS ,London Stock Exchange,London Stock Exchange,Europe,ETF/Fund,yahoo_search,markets_ft,https://markets.ft.com/data/etfs/tearsheet/summary?s=JPJP:LSE:GBP,2026-07-21T09:43:03+00:00
JPSR.AS,LU1230561679,UBS MSCI Japan Socially Respons,Euronext Amsterdam,Euronext Amsterdam,Europe,ETF/Fund,yahoo_search,markets_ft,https://markets.ft.com/data/etfs/tearsheet/summary?s=JPSR:AEX:EUR,2026-07-24T09:38:08+00:00
JPSR.L,LU1230561679,UBS (LUX) FUND SOLUTIONS UBS MS,London Stock Exchange,London Stock Exchange,Europe,ETF/Fund,yahoo_search,markets_ft,https://markets.ft.com/data/etfs/tearsheet/summary?s=JPSR:LSE:GBX,2026-07-23T09:40:38+00:00
JPSR.MI,LU1230561679,UBS MSCI Japan Socially Respons,Borsa Italiana,Borsa Italiana,Europe,ETF/Fund,yahoo_search,markets_ft,https://markets.ft.com/data/etfs/tearsheet/summary?s=JPSR:MIL:EUR,2026-07-23T09:40:38+00:00
JPSRE.MI,LU1273488715,UBS MSCI Japan Socially Respons,Borsa Italiana,Borsa Italiana,Europe,ETF/Fund,yahoo_search,markets_ft,https://markets.ft.com/data/etfs/tearsheet/summary?s=JPSRE:MIL:EUR,2026-07-24T09:38:08+00:00
JPX4.L,,AMUNDI INDEX SOLUTIONS AMUNDI M,London Stock Exchange,London Stock Exchange,Europe,ETF/Fund,yahoo_search,,,2026-07-23T09:40:38+00:00
JPXU.L,,AMUNDI INDEX SOLUTIONS AMUNDI M,London Stock Exchange,London Stock Exchange,Europe,ETF/Fund,yahoo_search,,,2026-07-24T09:38:08+00:00
JPXX.L,LU1646359619,AMUNDI INDEX SOLUTIONS AMUNDI M,London Stock Exchange,London Stock Exchange,Europe,ETF/Fund,yahoo_search,markets_ft,https://markets.ft.com/data/etfs/tearsheet/summary?s=JPXX:LSE:GBX,2026-07-24T09:38:08+00:00
JPXY.AS,,Amundi MSCI Japan SRI Climate P,Euronext Amsterdam,Euronext Amsterdam,Europe,ETF/Fund,yahoo_search,,,2026-07-20T10:22:34+00:00
JUPI.DE,LU2300294746,AIS-A.MSCI JPN ESG BR.Tran.UE A,Germany/Xetra,Germany/Xetra,Europe,ETF/Fund,yahoo_search,markets_ft,https://markets.ft.com/data/etfs/tearsheet/summary?s=JUPI:GER:EUR,2026-07-21T09:43:03+00:00
L100.L,LU1650492173,MULTI UNITS LUXEMBOURG AMUNDI C,London Stock Exchange,London Stock Exchange,Europe,ETF/Fund,yahoo_search,markets_ft,https://markets.ft.com/data/etfs/tearsheet/summary?s=L100:LSE:GBX,2026-07-24T09:38:08+00:00
LBRT.L,,WISDOMTREE COMMODITY SECURITIES,London Stock Exchange,London Stock Exchange,Europe,ETF/Fund,yahoo_search,,,2026-07-15T09:25:14+00:00
LBRT.MI,JE00BDD9QD91,WISDOMTREE BRENT CRUDE OIL 2X D,Borsa Italiana,Borsa Italiana,Europe,ETF/Fund,yahoo_variant,markets_ft,https://markets.ft.com/data/etfs/tearsheet/summary?s=LBRT:MIL:EUR,2026-07-01T17:52:52+00:00
LBUL.AS,JE00B2NFTL95,WT 2x Daily Long Gold,Euronext Amsterdam,Euronext Amsterdam,Europe,ETF/Fund,yahoo_variant,markets_ft,https://markets.ft.com/data/etfs/tearsheet/summary?s=LBUL:AEX:EUR,2026-07-01T17:52:52+00:00
LBUL.L,,WISDOMTREE COMMODITY SECURITIES,London Stock Exchange,London Stock Exchange,Europe,ETF/Fund,yahoo_search,,,2026-07-24T09:38:08+00:00
LBUL.MI,JE00B2NFTL95,WISDOMTREE GOLD 2X DAILY LEVERA,Borsa Italiana,Borsa Italiana,Europe,ETF/Fund,yahoo_search,markets_ft,https://markets.ft.com/data/etfs/tearsheet/summary?s=LBUL:MIL:EUR,2026-07-24T09:38:08+00:00
LCUJ.DE,LU1781541252,MUL-AMUNDI MSCI Japan U.ETF   N,Germany/Xetra,Germany/Xetra,Europe,ETF/Fund,yahoo_search,markets_ft,https://markets.ft.com/data/etfs/tearsheet/summary?s=LCUJ:GER:EUR,2026-07-13T10:37:01+00:00
LDAP.L,,LEGAL & GENERAL UCITS ETF PUBLI,London Stock Exchange,London Stock Exchange,Europe,ETF/Fund,yahoo_search,,,2026-07-24T09:38:08+00:00
LDAP.MI,IE00BMYDMB35,L&G APAC ex-Japan Quality Divid,Borsa Italiana,Borsa Italiana,Europe,ETF/Fund,yahoo_variant,markets_ft,https://markets.ft.com/data/etfs/tearsheet/summary?s=LDAP:MIL:EUR,2026-07-01T17:52:52+00:00
LDAX.DE,LU2090062436,MUL Amundi DAX III            U,Germany/Xetra,Germany/Xetra,Europe,ETF/Fund,yahoo_search,markets_ft,https://markets.ft.com/data/etfs/tearsheet/summary?s=LDAX:GER:EUR,2026-07-24T09:38:08+00:00
LEVMIB.MI,FR0010446658,Amundi FTSE MIB Daily (2x) Leve,Borsa Italiana,Borsa Italiana,Europe,ETF/Fund,yahoo_search,markets_ft,https://markets.ft.com/data/etfs/tearsheet/summary?s=LEVMIB:MIL:EUR,2026-07-24T09:38:08+00:00
LOGS.DE,LU1834988278,MUL-Amundi ESt600 Energy      A,Germany/Xetra,Germany/Xetra,Europe,ETF/Fund,yahoo_search,markets_ft,https://markets.ft.com/data/etfs/tearsheet/summary?s=LOGS:GER:EUR,2026-07-03T10:12:39+00:00
LOIL.L,,WISDOMTREE COMMODITY SECURITIES,London Stock Exchange,London Stock Exchange,Europe,ETF/Fund,yahoo_search,,,2026-07-24T09:38:08+00:00
LOIL.MI,JE00BDD9Q840,WISDOMTREE WTI CRUDE OIL 2X DAI,Borsa Italiana,Borsa Italiana,Europe,ETF/Fund,yahoo_variant,markets_ft,https://markets.ft.com/data/etfs/tearsheet/summary?s=LOIL:MIL:EUR,2026-07-01T17:52:52+00:00
LQDH.AS,IE00BCLWRB83,iShares $ Corporate Bond Intere,Euronext Amsterdam,Euronext Amsterdam,Europe,ETF/Fund,yahoo_search,markets_ft,https://markets.ft.com/data/etfs/tearsheet/summary?s=LQDH:AEX:EUR,2026-07-24T09:38:08+00:00
LQDH.L,,ISHARES PLC ISHRS $ CRP BND INT,London Stock Exchange,London Stock Exchange,Europe,ETF/Fund,yahoo_variant,,,2026-06-28T17:24:25+00:00
LQQ.MI,FR0010342592,Amundi NASDAQ-100 Dly 2X Lv UCI,Borsa Italiana,Borsa Italiana,Europe,ETF/Fund,yahoo_search,markets_ft,https://markets.ft.com/data/etfs/tearsheet/summary?s=LQQ:MIL:EUR,2026-07-24T09:38:08+00:00
LSK7.DE,FR0010424135,MUF-Amundi EuroStoxx50 -1x InvA,Germany/Xetra,Germany/Xetra,Europe,ETF/Fund,yahoo_search,markets_ft,https://markets.ft.com/data/etfs/tearsheet/summary?s=LSK7:GER:EUR,2026-07-20T10:22:34+00:00
LSK8.DE,FR0010424143,MUF-Amundi EuroStoxx50 -2x InvA,Germany/Xetra,Germany/Xetra,Europe,ETF/Fund,yahoo_search,markets_ft,https://markets.ft.com/data/etfs/tearsheet/summary?s=LSK8:GER:EUR,2026-07-21T09:43:03+00:00
LUK2.L,IE00B4QNJJ23,LEGAL & GENERAL UCITS ETF PUBLI,London Stock Exchange,London Stock Exchange,Europe,ETF/Fund,yahoo_search,markets_ft,https://markets.ft.com/data/etfs/tearsheet/summary?s=LUK2:LSE:GBX,2026-07-24T09:38:08+00:00
LVO.AS,LU0832435464,Amundi S&P 500 VIX Futures Enha,Euronext Amsterdam,Euronext Amsterdam,Europe,ETF/Fund,yahoo_search,markets_ft,https://markets.ft.com/data/etfs/tearsheet/summary?s=LVO:AEX:EUR,2026-07-01T17:52:52+00:00
LVO.MI,LU0832435464,LYXOR SP500 VIX FUT EN ROL UCIT,Borsa Italiana,Borsa Italiana,Europe,ETF/Fund,yahoo_search,markets_ft,https://markets.ft.com/data/etfs/tearsheet/summary?s=LVO:MIL:EUR,2026-07-24T09:38:08+00:00
LWCE.MI,LU2130768844,Amundi MSCI Europe Climate Pari,Borsa Italiana,Borsa Italiana,Europe,ETF/Fund,yahoo_search,markets_ft,https://markets.ft.com/data/etfs/tearsheet/summary?s=LWCE:MIL:EUR,2026-07-09T10:34:17+00:00
LYMZ.DE,FR0010468983,MUF-Amundi EuroStoxx50 2x Lev A,Germany/Xetra,Germany/Xetra,Europe,ETF/Fund,yahoo_search,markets_ft,https://markets.ft.com/data/etfs/tearsheet/summary?s=LYMZ:GER:EUR,2026-07-21T09:43:03+00:00
LYP6.DE,LU0908500753,AIS-Amundi Core Stoxx Eur.600 A,Germany/Xetra,Germany/Xetra,Europe,ETF/Fund,yahoo_search,markets_ft,https://markets.ft.com/data/etfs/tearsheet/summary?s=LYP6:GER:EUR,2026-07-03T10:12:39+00:00
LYSX.DE,FR0007054358,MUF-Amundi EuroStoxx 50 II UE A,Germany/Xetra,Germany/Xetra,Europe,ETF/Fund,yahoo_search,markets_ft,https://markets.ft.com/data/etfs/tearsheet/summary?s=LYSX:GER:EUR,2026-07-01T17:52:52+00:00
LYY7.DE,LU0252633754,MUL Amundi DAX III            U,Germany/Xetra,Germany/Xetra,Europe,ETF/Fund,yahoo_search,markets_ft,https://markets.ft.com/data/etfs/tearsheet/summary?s=LYY7:GER:EUR,2026-07-10T10:31:39+00:00
LYYA.DE,FR0010315770,MUF-Amundi MSCI Wld Swap II UEA,Germany/Xetra,Germany/Xetra,Europe,ETF/Fund,yahoo_search,markets_ft,https://markets.ft.com/data/etfs/tearsheet/summary?s=LYYA:GER:EUR,2026-07-24T09:38:08+00:00
MCHN.DE,IE00BK80XL30,InvescoM2 China AllShs St.Con.R,Germany/Xetra,Germany/Xetra,Europe,ETF/Fund,yahoo_search,markets_ft,https://markets.ft.com/data/etfs/tearsheet/summary?s=MCHN:GER:EUR,2026-07-23T09:40:38+00:00
MCHN.L,,INVESCO MARKETS II PLC IVZ MSCI,London Stock Exchange,London Stock Exchange,Europe,ETF/Fund,yahoo_search,,,2026-07-24T09:38:08+00:00
MCHN.MI,IE00BK80XL30,INVESCO MSCI CHINA ALL SHARE UC,Borsa Italiana,Borsa Italiana,Europe,ETF/Fund,yahoo_search,markets_ft,https://markets.ft.com/data/etfs/tearsheet/summary?s=MCHN:MIL:EUR,2026-07-23T09:40:38+00:00
MCHS.L,IE00BK80XL30,INVESCO MARKETS II PLC IVZ MSCI,London Stock Exchange,London Stock Exchange,Europe,ETF/Fund,yahoo_search,markets_ft,https://markets.ft.com/data/etfs/tearsheet/summary?s=MCHS:LSE:GBX,2026-07-22T09:41:52+00:00
MCHT.L,,INVESCO MARKETS II PLC IVZ MSCI,London Stock Exchange,London Stock Exchange,Europe,ETF/Fund,yahoo_search,,,2026-07-24T09:38:08+00:00
MCHT.MI,IE00BM8QS095,INVESCO MSCI CHINA TECH ALLS UC,Borsa Italiana,Borsa Italiana,Europe,ETF/Fund,yahoo_search,markets_ft,https://markets.ft.com/data/etfs/tearsheet/summary?s=MCHT:MIL:EUR,2026-07-23T09:40:38+00:00
MCTS.L,IE00BM8QS095,INVESCO MARKETS II PLC IVZ MSCI,London Stock Exchange,London Stock Exchange,Europe,ETF/Fund,yahoo_search,markets_ft,https://markets.ft.com/data/etfs/tearsheet/summary?s=MCTS:LSE:GBX,2026-07-24T09:38:08+00:00
MIBA.MI,FR0014002H76,Amundi FTSE MIB UCITS ETF-A,Borsa Italiana,Borsa Italiana,Europe,ETF/Fund,yahoo_search,markets_ft,https://markets.ft.com/data/etfs/tearsheet/summary?s=MIBA:MIL:EUR,2026-07-19T09:20:32+00:00
MIBX.L,FR0010010827,MULTI UNITS FRANCE LYXOR FTSE M,London Stock Exchange,London Stock Exchange,Europe,ETF/Fund,yahoo_search,markets_ft,https://markets.ft.com/data/etfs/tearsheet/summary?s=MIBX:LSE:GBX,2026-07-23T09:40:38+00:00
MIDG.L,IE000DPO6LM8,LEGAL & GENERAL UCITS ETF PUBLI,London Stock Exchange,London Stock Exchange,Europe,ETF/Fund,yahoo_search,markets_ft,https://markets.ft.com/data/etfs/tearsheet/summary?s=MIDG:LSE:GBX,2026-07-24T09:38:08+00:00
MIDS.DE,IE000DPO6LM8,LG ETF-MSCI Wld Mid Cap ETF   R,Germany/Xetra,Germany/Xetra,Europe,ETF/Fund,yahoo_search,markets_ft,https://markets.ft.com/data/etfs/tearsheet/summary?s=MIDS:GER:EUR,2026-07-24T09:38:08+00:00
MIDS.L,,LEGAL & GENERAL UCITS ETF PUBLI,London Stock Exchange,London Stock Exchange,Europe,ETF/Fund,yahoo_variant,,,2026-06-28T17:24:25+00:00
MIDS.MI,IE000DPO6LM8,L&G MSCI World Mid Cap UCITS ET,Borsa Italiana,Borsa Italiana,Europe,ETF/Fund,yahoo_search,markets_ft,https://markets.ft.com/data/etfs/tearsheet/summary?s=MIDS:MIL:EUR,2026-07-24T09:38:08+00:00
MIVB.DE,LU1861137484,AIS-AM.MSCI EUR SRI CPAUE     A,Germany/Xetra,Germany/Xetra,Europe,ETF/Fund,yahoo_search,markets_ft,https://markets.ft.com/data/etfs/tearsheet/summary?s=MIVB:GER:EUR,2026-07-24T09:38:08+00:00
MIVO.L,LU1681041627,AMUNDI INDEX SOLUTIONS AMUNDI M,London Stock Exchange,London Stock Exchange,Europe,ETF/Fund,yahoo_search,markets_ft,https://markets.ft.com/data/etfs/tearsheet/summary?s=MIVO:LSE:GBX,2026-07-17T09:24:27+00:00
MIVU.DE,LU1589349734,AIS-Amun.MSCI USA Min.Vo.Fact.A,Germany/Xetra,Germany/Xetra,Europe,ETF/Fund,yahoo_search,markets_ft,https://markets.ft.com/data/etfs/tearsheet/summary?s=MIVU:GER:EUR,2026-07-24T09:38:08+00:00
MSDG.L,LU2059756754,AMUNDI INDEX SOLUTIONS AMUNDI M,London Stock Exchange,London Stock Exchange,Europe,ETF/Fund,yahoo_search,markets_ft,https://markets.ft.com/data/etfs/tearsheet/summary?s=MSDG:LSE:GBX,2026-07-12T09:19:59+00:00
MSEU.L,,MULTI UNITS FRANCE AMUNDI EURO ,London Stock Exchange,London Stock Exchange,Europe,ETF/Fund,yahoo_search,,,2026-07-23T09:40:38+00:00
MSRU.L,,AMUNDI INDEX SOLUTIONS AMUNDI M,London Stock Exchange,London Stock Exchange,Europe,ETF/Fund,yahoo_search,,,2026-07-03T10:12:39+00:00
MWOJ.DE,IE000VML2GZ3,Amundi-MSCI USA ESG Sel.Ext.UER,Germany/Xetra,Germany/Xetra,Europe,ETF/Fund,yahoo_search,markets_ft,https://markets.ft.com/data/etfs/tearsheet/summary?s=MWOJ:GER:EUR,2026-07-24T09:38:08+00:00
MWOP.DE,IE00016PSX47,Amu.MSCI Wld ESG Select.U.ETF I,Germany/Xetra,Germany/Xetra,Europe,ETF/Fund,yahoo_search,markets_ft,https://markets.ft.com/data/etfs/tearsheet/summary?s=MWOP:GER:EUR,2026-07-19T09:20:32+00:00
MXEU.L,IE00B60SWY32,INVESCO MARKETS PLC INVESCO MSC,London Stock Exchange,London Stock Exchange,Europe,ETF/Fund,yahoo_search,markets_ft,https://markets.ft.com/data/etfs/tearsheet/summary?s=MXEU:LSE:GBX,2026-07-24T09:38:08+00:00
MXFP.L,IE00B3DWVS88,INVESCO MARKETS PLC INVESCO MSC,London Stock Exchange,London Stock Exchange,Europe,ETF/Fund,yahoo_search,markets_ft,https://markets.ft.com/data/etfs/tearsheet/summary?s=MXFP:LSE:GBX,2026-07-19T09:20:32+00:00
MXFS.L,,INVESCO MARKETS PLC INVESCO MSC,London Stock Exchange,London Stock Exchange,Europe,ETF/Fund,yahoo_search,,,2026-07-12T09:19:59+00:00
MXFS.MI,IE00B3DWVS88,INVESCO MSCI EMERGING MARKETS U,Borsa Italiana,Borsa Italiana,Europe,ETF/Fund,yahoo_search,markets_ft,https://markets.ft.com/data/etfs/tearsheet/summary?s=MXFS:MIL:EUR,2026-07-20T10:22:34+00:00
MXJP.L,,INVESCO MARKETS PLC INVESCO MSC,London Stock Exchange,London Stock Exchange,Europe,ETF/Fund,yahoo_search,,,2026-07-24T09:38:08+00:00
MXUK.DE,IE00BYX5K108,I.M.I IVZ MSCI EU ex-UK ETF   R,Germany/Xetra,Germany/Xetra,Europe,ETF/Fund,yahoo_variant,markets_ft,https://markets.ft.com/data/etfs/tearsheet/summary?s=MXUK:GER:EUR,2026-07-01T17:52:52+00:00
MXUK.L,IE00BYX5K108,INVESCO MARKETS PLC INVESCO MSC,London Stock Exchange,London Stock Exchange,Europe,ETF/Fund,yahoo_search,markets_ft,https://markets.ft.com/data/etfs/tearsheet/summary?s=MXUK:LSE:GBX,2026-07-13T10:37:01+00:00
MXUS.L,,INVESCO MARKETS PLC INVESCO MSC,London Stock Exchange,London Stock Exchange,Europe,ETF/Fund,yahoo_variant,,,2026-06-28T17:24:25+00:00
MXUS.MI,IE00B60SX170,INVESCO MSCI USA UCITS ETF,Borsa Italiana,Borsa Italiana,Europe,ETF/Fund,yahoo_search,markets_ft,https://markets.ft.com/data/etfs/tearsheet/summary?s=MXUS:MIL:EUR,2026-07-24T09:38:08+00:00
MXWO.L,,INVESCO MARKETS PLC INVESCO MSC,London Stock Exchange,London Stock Exchange,Europe,ETF/Fund,yahoo_search,,,2026-07-01T17:52:52+00:00
MXWS.L,IE00B60SX394,INVESCO MARKETS PLC INVESCO MSC,London Stock Exchange,London Stock Exchange,Europe,ETF/Fund,yahoo_search,markets_ft,https://markets.ft.com/data/etfs/tearsheet/summary?s=MXWS:LSE:GBX,2026-07-13T10:37:01+00:00
NASQ.AS,,iSh NASDAQ 100 Swap UCITS ETF U,Euronext Amsterdam,Euronext Amsterdam,Europe,ETF/Fund,yahoo_search,,,2026-07-24T09:38:08+00:00
NQSE.DE,IE00BYVQ9F29,iShsVII-NASDAQ 100 UCITS ETF  R,Germany/Xetra,Germany/Xetra,Europe,ETF/Fund,yahoo_search,markets_ft,https://markets.ft.com/data/etfs/tearsheet/summary?s=NQSE:GER:EUR,2026-07-24T09:38:08+00:00
OG35.DE,LU2069380306,OSSIAM L.-O.EO G.Bds 3-5y C.R.I,Germany/Xetra,Germany/Xetra,Europe,ETF/Fund,yahoo_variant,markets_ft,https://markets.ft.com/data/etfs/tearsheet/summary?s=OG35:GER:EUR,2026-07-01T17:52:52+00:00
OG35.MI,LU2069380306,OSSIAM EURO GOV 3-5 CARB REDUC ,Borsa Italiana,Borsa Italiana,Europe,ETF/Fund,yahoo_search,markets_ft,https://markets.ft.com/data/etfs/tearsheet/summary?s=OG35:MIL:EUR,2026-07-24T09:38:08+00:00
OP5E.DE,LU1655103643,OSSIAM L-OSSIAM MSCI JAPAN NR A,Germany/Xetra,Germany/Xetra,Europe,ETF/Fund,yahoo_search,markets_ft,https://markets.ft.com/data/etfs/tearsheet/summary?s=OP5E:GER:EUR,2026-07-24T09:38:08+00:00
OP6E.DE,LU2491210618,OSSMLX-BB AS.P.exJP PABNR     A,Germany/Xetra,Germany/Xetra,Europe,ETF/Fund,yahoo_search,markets_ft,https://markets.ft.com/data/etfs/tearsheet/summary?s=OP6E:GER:EUR,2026-07-24T09:38:08+00:00
OSX5.L,,SOURCE MARKETS PUBLIC LIMITED C,London Stock Exchange,London Stock Exchange,Europe,ETF/Fund,yahoo_search,,,2026-07-16T09:32:41+00:00
PABC.L,,FRANKLIN TEMPLETON ICAV FRK MSC,London Stock Exchange,London Stock Exchange,Europe,ETF/Fund,yahoo_search,,,2026-07-24T09:38:08+00:00
PABE.L,,FRANKLIN TEMPLETON ICAV FRK MSC,London Stock Exchange,London Stock Exchange,Europe,ETF/Fund,yahoo_search,,,2026-07-24T09:38:08+00:00
PABX.DE,,Am.ETF-MSCI W.SRI Cl.Par.Alig.B,Germany/Xetra,Germany/Xetra,Europe,ETF/Fund,yahoo_search,,,2026-07-21T09:43:03+00:00
PABY.DE,IE000CL68Z69,Am.ETF-MSCI W.SRI Cl.Par.Alig.B,Germany/Xetra,Germany/Xetra,Europe,ETF/Fund,yahoo_search,markets_ft,https://markets.ft.com/data/etfs/tearsheet/summary?s=PABY:GER:EUR,2026-07-23T09:40:38+00:00
PAEM.L,,INVESCO MARKETS II PLC IVZ MSCI,London Stock Exchange,London Stock Exchange,Europe,ETF/Fund,yahoo_search,,,2026-07-24T09:38:08+00:00
PAEM.MI,,INVESCO MSCI EM ESG CLIM PARIS ,Borsa Italiana,Borsa Italiana,Europe,ETF/Fund,yahoo_search,,,2026-07-21T09:43:03+00:00
PAES.L,IE000TI21P14,INVESCO MARKETS II PLC IVZ MSCI,London Stock Exchange,London Stock Exchange,Europe,ETF/Fund,yahoo_search,markets_ft,https://markets.ft.com/data/etfs/tearsheet/summary?s=PAES:LSE:GBX,2026-07-20T10:22:34+00:00
PAEU.MI,IE000TI21P14,INVESCO MSCI EUROP ESG CLIM PA ,Borsa Italiana,Borsa Italiana,Europe,ETF/Fund,yahoo_search,markets_ft,https://markets.ft.com/data/etfs/tearsheet/summary?s=PAEU:MIL:EUR,2026-07-24T09:38:08+00:00
PAEX.L,,INVESCO MARKETS II PLC IVZ MSCI,London Stock Exchange,London Stock Exchange,Europe,ETF/Fund,yahoo_search,,,2026-07-24T09:38:08+00:00
PAJP.L,,INVESCO MARKETS II PLC IVZ MSCI,London Stock Exchange,London Stock Exchange,Europe,ETF/Fund,yahoo_search,,,2026-07-21T09:43:03+00:00
PAJP.MI,,INVESCO MSCI JPN ESG CLIMA PAR ,Borsa Italiana,Borsa Italiana,Europe,ETF/Fund,yahoo_search,,,2026-07-21T09:43:03+00:00
PAJS.L,IE000I8IKC59,INVESCO MARKETS II PLC IVZ MSCI,London Stock Exchange,London Stock Exchange,Europe,ETF/Fund,yahoo_search,markets_ft,https://markets.ft.com/data/etfs/tearsheet/summary?s=PAJS:LSE:GBX,2026-07-16T09:32:41+00:00
PARI.AS,IE00BMDPBY65,Franklin STOXX Europe 600 Paris,Euronext Amsterdam,Euronext Amsterdam,Europe,ETF/Fund,yahoo_search,markets_ft,https://markets.ft.com/data/etfs/tearsheet/summary?s=PARI:AEX:EUR,2026-07-24T09:38:08+00:00
PARI.L,,FRANKLIN TEMPLETON ICAV FRK STX,London Stock Exchange,London Stock Exchange,Europe,ETF/Fund,yahoo_search,,,2026-07-24T09:38:08+00:00
PAUM.DE,,InvescoM2-MSCI EM ESG Clim ETFR,Germany/Xetra,Germany/Xetra,Europe,ETF/Fund,yahoo_search,,,2026-07-19T09:20:32+00:00
PAUS.DE,,IMII-MSCI US.ESG Cl.Par.Al.ETFR,Germany/Xetra,Germany/Xetra,Europe,ETF/Fund,yahoo_search,,,2026-07-03T10:12:39+00:00
PAUS.L,,INVESCO MARKETS II PLC IVZ MSCI,London Stock Exchange,London Stock Exchange,Europe,ETF/Fund,yahoo_search,,,2026-07-23T09:40:38+00:00
PAUS.MI,,INVESCO MSCI USA ESG CLIME PAR ,Borsa Italiana,Borsa Italiana,Europe,ETF/Fund,yahoo_variant,,,2026-07-03T10:12:39+00:00
PAWD.L,,INVESCO MARKETS II PLC IVZ MSCI,London Stock Exchange,London Stock Exchange,Europe,ETF/Fund,yahoo_search,,,2026-07-24T09:38:08+00:00
PAWD.MI,,INVESCO MSCI WRLD ESG CLIM PAR ,Borsa Italiana,Borsa Italiana,Europe,ETF/Fund,yahoo_search,,,2026-07-10T10:31:39+00:00
PAWS.L,IE000V93BNU0,INVESCO MARKETS II PLC IVZ MSCI,London Stock Exchange,London Stock Exchange,Europe,ETF/Fund,yahoo_search,markets_ft,https://markets.ft.com/data/etfs/tearsheet/summary?s=PAWS:LSE:GBX,2026-07-24T09:38:08+00:00
PHPM.AS,JE00B1VS3W29,Wisdom Tree Physical PM Basket,Euronext Amsterdam,Euronext Amsterdam,Europe,ETF/Fund,yahoo_variant,markets_ft,https://markets.ft.com/data/etfs/tearsheet/summary?s=PHPM:AEX:EUR,2026-07-16T09:32:41+00:00
PHPM.MI,JE00B1VS3W29,WISDOMTREE PHYSICAL PRECIOUS ME,Borsa Italiana,Borsa Italiana,Europe,ETF/Fund,yahoo_search,markets_ft,https://markets.ft.com/data/etfs/tearsheet/summary?s=PHPM:MIL:EUR,2026-07-16T09:32:41+00:00
QAIU.DE,IE0000XTDDA8,Glbl X ETFs-ARTIF.INTELL.ETF  R,Germany/Xetra,Germany/Xetra,Europe,ETF/Fund,yahoo_search,markets_ft,https://markets.ft.com/data/etfs/tearsheet/summary?s=QAIU:GER:EUR,2026-07-24T09:38:08+00:00
QDVD.DE,IE00BKM4H312,iShsII-iShs MSCI USA Q.D.AD.UER,Germany/Xetra,Germany/Xetra,Europe,ETF/Fund,yahoo_search,markets_ft,https://markets.ft.com/data/etfs/tearsheet/summary?s=QDVD:GER:EUR,2026-07-24T09:38:08+00:00
QDVE.DE,IE00B3WJKG14,iShsV-S&P 500 Inf.Te.Sec.U.ETFR,Germany/Xetra,Germany/Xetra,Europe,ETF/Fund,yahoo_search,markets_ft,https://markets.ft.com/data/etfs/tearsheet/summary?s=QDVE:GER:EUR,2026-07-22T09:41:52+00:00
QDVX.DE,IE00BYYHSM20,iShsII-MSCI Eur.Qu.Div.Adv.UE R,Germany/Xetra,Germany/Xetra,Europe,ETF/Fund,yahoo_search,markets_ft,https://markets.ft.com/data/etfs/tearsheet/summary?s=QDVX:GER:EUR,2026-07-21T09:43:03+00:00
QQQ3.L,,WISDOMTREE MULTI ASSET ISSUER P,London Stock Exchange,London Stock Exchange,Europe,ETF/Fund,yahoo_search,,,2026-07-24T09:38:08+00:00
QQQ3.MI,IE00BLRPRL42,WISDOMTREE NASDAQ 100 3X DAILY ,Borsa Italiana,Borsa Italiana,Europe,ETF/Fund,yahoo_search,markets_ft,https://markets.ft.com/data/etfs/tearsheet/summary?s=QQQ3:MIL:EUR,2026-07-24T09:38:08+00:00
QQQA.L,IE000SB4G4I4,UBS (IRL) ETF PLC UBS NASDAQ-10,London Stock Exchange,London Stock Exchange,Europe,ETF/Fund,yahoo_search,markets_ft,https://markets.ft.com/data/etfs/tearsheet/summary?s=QQQA:LSE:GBX,2026-07-24T09:38:08+00:00
QQQE.L,IE0003RQ9F90,UBS (IRL) ETF PLC UBS NASDAQ-10,London Stock Exchange,London Stock Exchange,Europe,ETF/Fund,yahoo_search,markets_ft,https://markets.ft.com/data/etfs/tearsheet/summary?s=QQQE:LSE:GBX,2026-07-04T09:33:26+00:00
QQQS.L,,WISDOMTREE MULTI ASSET ISSUER P,London Stock Exchange,London Stock Exchange,Europe,ETF/Fund,yahoo_search,,,2026-07-24T09:38:08+00:00
QQQS.MI,IE00BLRPRJ20,WISDOMTREE NASDAQ 100 3X DAILY ,Borsa Italiana,Borsa Italiana,Europe,ETF/Fund,yahoo_search,markets_ft,https://markets.ft.com/data/etfs/tearsheet/summary?s=QQQS:MIL:EUR,2026-07-24T09:38:08+00:00
QS5L.L,,WISDOMTREE MULTI ASSET ISSUER P,London Stock Exchange,London Stock Exchange,Europe,ETF/Fund,yahoo_search,,,2026-07-24T09:38:08+00:00
QS5L.MI,XS2771642134,WisdomTree NASDAQ 100 5x Daily ,Borsa Italiana,Borsa Italiana,Europe,ETF/Fund,yahoo_variant,markets_ft,https://markets.ft.com/data/etfs/tearsheet/summary?s=QS5L:MIL:EUR,2026-07-01T17:52:52+00:00
QS5S.L,,WISDOMTREE MULTI ASSET ISSUER P,London Stock Exchange,London Stock Exchange,Europe,ETF/Fund,yahoo_search,,,2026-07-24T09:38:08+00:00
QYLU.L,,GLOBAL X ETFS ICAV GLOBAL X NAS,London Stock Exchange,London Stock Exchange,Europe,ETF/Fund,yahoo_search,,,2026-07-22T09:41:52+00:00
RENG.L,IE00BK5BCH80,LEGAL & GENERAL UCITS ETF PUBLI,London Stock Exchange,London Stock Exchange,Europe,ETF/Fund,yahoo_search,markets_ft,https://markets.ft.com/data/etfs/tearsheet/summary?s=RENG:LSE:GBX,2026-07-24T09:38:08+00:00
RENW.DE,IE00BK5BCH80,L&G  ETF-L&G Clean Energy  ETFR,Germany/Xetra,Germany/Xetra,Europe,ETF/Fund,yahoo_search,markets_ft,https://markets.ft.com/data/etfs/tearsheet/summary?s=RENW:GER:EUR,2026-07-22T09:41:52+00:00
RENW.L,,LEGAL & GENERAL UCITS ETF PUBLI,London Stock Exchange,London Stock Exchange,Europe,ETF/Fund,yahoo_search,,,2026-07-24T09:38:08+00:00
RENW.MI,IE00BK5BCH80,L&G CLEAN ENERGY UCITS ETF,Borsa Italiana,Borsa Italiana,Europe,ETF/Fund,yahoo_search,markets_ft,https://markets.ft.com/data/etfs/tearsheet/summary?s=RENW:MIL:EUR,2026-07-24T09:38:08+00:00
RIEG.L,IE00BKLTRN76,LEGAL & GENERAL UCITS ETF PUBLI,London Stock Exchange,London Stock Exchange,Europe,ETF/Fund,yahoo_search,markets_ft,https://markets.ft.com/data/etfs/tearsheet/summary?s=RIEG:LSE:GBX,2026-07-24T09:38:08+00:00
RIEU.L,,LEGAL & GENERAL UCITS ETF PUBLI,London Stock Exchange,London Stock Exchange,Europe,ETF/Fund,yahoo_search,,,2026-07-24T09:38:08+00:00
RIEU.MI,IE00BKLTRN76,L&G MSCI Europe Climate Pathway,Borsa Italiana,Borsa Italiana,Europe,ETF/Fund,yahoo_search,markets_ft,https://markets.ft.com/data/etfs/tearsheet/summary?s=RIEU:MIL:EUR,2026-07-24T09:38:08+00:00
S100.L,IE00B60SWT88,INVESCO MARKETS PLC INVESCO FTS,London Stock Exchange,London Stock Exchange,Europe,ETF/Fund,yahoo_search,markets_ft,https://markets.ft.com/data/etfs/tearsheet/summary?s=S100:LSE:GBX,2026-07-24T09:38:08+00:00
S5EE.L,IE00BLSN7P11,UBS (IRL) ETF PLC UBS S&P 500 E,London Stock Exchange,London Stock Exchange,Europe,ETF/Fund,yahoo_search,markets_ft,https://markets.ft.com/data/etfs/tearsheet/summary?s=S5EE:LSE:GBX,2026-07-19T09:20:32+00:00
S5EG.L,IE00BLSN7X94,UBS (IRL) ETF PLC UBS S&P 500 E,London Stock Exchange,London Stock Exchange,Europe,ETF/Fund,yahoo_search,markets_ft,https://markets.ft.com/data/etfs/tearsheet/summary?s=S5EG:LSE:GBX,2026-07-24T09:38:08+00:00
S5SD.DE,IE00BHXMHK04,UBS(Irl)ETF-S&P 500 SS UC.ETF R,Germany/Xetra,Germany/Xetra,Europe,ETF/Fund,yahoo_search,markets_ft,https://markets.ft.com/data/etfs/tearsheet/summary?s=S5SD:GER:EUR,2026-07-23T09:40:38+00:00
S5SD.L,IE00BHXMHK04,UBS (IRL) ETF PLC UBS S&P 500 S,London Stock Exchange,London Stock Exchange,Europe,ETF/Fund,yahoo_search,markets_ft,https://markets.ft.com/data/etfs/tearsheet/summary?s=S5SD:LSE:GBX,2026-07-18T09:02:51+00:00
S5SG.DE,IE00BHXMHQ65,UBS(Irl)ETF-S&P 500 SS UC.ETF R,Germany/Xetra,Germany/Xetra,Europe,ETF/Fund,yahoo_search,markets_ft,https://markets.ft.com/data/etfs/tearsheet/summary?s=S5SG:GER:EUR,2026-07-23T09:40:38+00:00
S600.L,IE00B60SWW18,INVESCO MARKETS PLC INVESCO STO,London Stock Exchange,London Stock Exchange,Europe,ETF/Fund,yahoo_search,markets_ft,https://markets.ft.com/data/etfs/tearsheet/summary?s=S600:LSE:GBX,2026-07-18T09:02:51+00:00
S6X0.DE,IE00B5B5TG76,InvescoMI EURO STOXX 50 ETF   R,Germany/Xetra,Germany/Xetra,Europe,ETF/Fund,yahoo_search,markets_ft,https://markets.ft.com/data/etfs/tearsheet/summary?s=S6X0:GER:EUR,2026-07-23T09:40:38+00:00
SADH.DE,IE000IP0UC52,Amu.ETF-MSCI USA ESG Sel.U.ETFR,Germany/Xetra,Germany/Xetra,Europe,ETF/Fund,yahoo_search,markets_ft,https://markets.ft.com/data/etfs/tearsheet/summary?s=SADH:GER:EUR,2026-07-24T09:38:08+00:00
SAWD.L,,ISHARES IV PLC ISH MSCI WORLD U,London Stock Exchange,London Stock Exchange,Europe,ETF/Fund,yahoo_search,,,2026-07-24T09:38:08+00:00
SAWD.MI,IE00BFNM3J75,iShares MSCI World Screened UCI,Borsa Italiana,Borsa Italiana,Europe,ETF/Fund,yahoo_variant,markets_ft,https://markets.ft.com/data/etfs/tearsheet/summary?s=SAWD:MIL:EUR,2026-07-22T09:41:52+00:00
SBIN.DE,,AIS-MSCI EM.ESG BROAD Trans.UEA,Germany/Xetra,Germany/Xetra,Europe,ETF/Fund,yahoo_search,,,2026-07-24T09:38:08+00:00
SBUL.AS,JE00B24DKC09,WT 1x Daily Short Gold,Euronext Amsterdam,Euronext Amsterdam,Europe,ETF/Fund,yahoo_variant,markets_ft,https://markets.ft.com/data/etfs/tearsheet/summary?s=SBUL:AEX:EUR,2026-07-01T17:52:52+00:00
SBUL.MI,JE00B24DKC09,WISDOMTREE GOLD 1X DAILY SHORT,Borsa Italiana,Borsa Italiana,Europe,ETF/Fund,yahoo_search,markets_ft,https://markets.ft.com/data/etfs/tearsheet/summary?s=SBUL:MIL:EUR,2026-07-24T09:38:08+00:00
SC01.DE,IE00B5MTY309,InvescoMI STXE600 Cons ETF    R,Germany/Xetra,Germany/Xetra,Europe,ETF/Fund,yahoo_search,markets_ft,https://markets.ft.com/data/etfs/tearsheet/summary?s=SC01:GER:EUR,2026-07-07T10:34:45+00:00
SC02.DE,IE00B5MTYK77,InvescoMI STXE600 Fin ETF     R,Germany/Xetra,Germany/Xetra,Europe,ETF/Fund,yahoo_search,markets_ft,https://markets.ft.com/data/etfs/tearsheet/summary?s=SC02:GER:EUR,2026-07-24T09:38:08+00:00
SC03.DE,IE00B5MTYL84,InvescoMI STXE600 FoodB ETF   R,Germany/Xetra,Germany/Xetra,Europe,ETF/Fund,yahoo_search,markets_ft,https://markets.ft.com/data/etfs/tearsheet/summary?s=SC03:GER:EUR,2026-07-19T09:20:32+00:00
SC04.DE,IE00B5MTZ595,InvescoMI STXE600 HH.G ETF    R,Germany/Xetra,Germany/Xetra,Europe,ETF/Fund,yahoo_search,markets_ft,https://markets.ft.com/data/etfs/tearsheet/summary?s=SC04:GER:EUR,2026-07-24T09:38:08+00:00
SC05.DE,IE00B5MTZM66,InvescoMI STXE600 Retai ETF   R,Germany/Xetra,Germany/Xetra,Europe,ETF/Fund,yahoo_search,markets_ft,https://markets.ft.com/data/etfs/tearsheet/summary?s=SC05:GER:EUR,2026-07-03T10:12:39+00:00
SC06.DE,IE00B5MTZ488,InvescoMI STXE600 Media ETF   R,Germany/Xetra,Germany/Xetra,Europe,ETF/Fund,yahoo_search,markets_ft,https://markets.ft.com/data/etfs/tearsheet/summary?s=SC06:GER:EUR,2026-07-08T09:40:49+00:00
SC0C.DE,IE00B60SWW18,InvescoM.I STOXX Europ 600 ETFR,Germany/Xetra,Germany/Xetra,Europe,ETF/Fund,yahoo_search,markets_ft,https://markets.ft.com/data/etfs/tearsheet/summary?s=SC0C:GER:EUR,2026-07-15T09:25:14+00:00
SC0J.DE,IE00B60SX394,InvescoMI MSCI World ETF      R,Germany/Xetra,Germany/Xetra,Europe,ETF/Fund,yahoo_search,markets_ft,https://markets.ft.com/data/etfs/tearsheet/summary?s=SC0J:GER:EUR,2026-07-23T09:40:38+00:00
SC0P.DE,IE00B5NLX835,InvescoMI STXE600 AutoP ETF   R,Germany/Xetra,Germany/Xetra,Europe,ETF/Fund,yahoo_search,markets_ft,https://markets.ft.com/data/etfs/tearsheet/summary?s=SC0P:GER:EUR,2026-07-21T09:43:03+00:00
SC0Q.DE,IE00B5MJYB88,InvescoMI STXE600 Tele ETF    R,Germany/Xetra,Germany/Xetra,Europe,ETF/Fund,yahoo_search,markets_ft,https://markets.ft.com/data/etfs/tearsheet/summary?s=SC0Q:GER:EUR,2026-07-24T09:38:08+00:00
SC0R.DE,IE00B5MJYC95,InvescoMI STXE600 Travl ETF   R,Germany/Xetra,Germany/Xetra,Europe,ETF/Fund,yahoo_search,markets_ft,https://markets.ft.com/data/etfs/tearsheet/summary?s=SC0R:GER:EUR,2026-07-24T09:38:08+00:00
SC0W.DE,IE00B5MTWY73,InvescoMI STXE600 BasRe ETF   R,Germany/Xetra,Germany/Xetra,Europe,ETF/Fund,yahoo_search,markets_ft,https://markets.ft.com/data/etfs/tearsheet/summary?s=SC0W:GER:EUR,2026-07-23T09:40:38+00:00
SC0X.DE,IE00B5MTWZ80,InvescoMI STXE600 Tech ETF    R,Germany/Xetra,Germany/Xetra,Europe,ETF/Fund,yahoo_search,markets_ft,https://markets.ft.com/data/etfs/tearsheet/summary?s=SC0X:GER:EUR,2026-07-05T09:48:51+00:00
SCMD.L,IE0006HIE7H2,SCMD.L,London Stock Exchange,London Stock Exchange,Europe,ETF/Fund,yahoo_search,markets_ft,https://markets.ft.com/data/etfs/tearsheet/summary?s=SCMD:LSE:GBP,2026-07-12T09:19:59+00:00
SCOM.DE,IE0006HIE7H2,SPDR Commodity ETF            R,Germany/Xetra,Germany/Xetra,Europe,ETF/Fund,yahoo_search,markets_ft,https://markets.ft.com/data/etfs/tearsheet/summary?s=SCOM:GER:EUR,2026-07-24T09:38:08+00:00
SCOM.L,,SSGA SPDR ETFS EUROPE II PLC SS,London Stock Exchange,London Stock Exchange,Europe,ETF/Fund,yahoo_search,,,2026-07-24T09:38:08+00:00
SCOM.MI,IE0006HIE7H2,State Street SPDR Commodity UCI,Borsa Italiana,Borsa Italiana,Europe,ETF/Fund,yahoo_search,markets_ft,https://markets.ft.com/data/etfs/tearsheet/summary?s=SCOM:MIL:EUR,2026-07-24T09:38:08+00:00
SDJ600.MI,IE00B60SWW18,INVESCO STOXX EUROPE 600 UCITS ,Borsa Italiana,Borsa Italiana,Europe,ETF/Fund,yahoo_search,markets_ft,https://markets.ft.com/data/etfs/tearsheet/summary?s=SDJ600:MIL:EUR,2026-07-22T09:41:52+00:00
SDJE50.MI,IE00B60SWX25,INVESCO EURO STOXX 50 UCITS ETF,Borsa Italiana,Borsa Italiana,Europe,ETF/Fund,yahoo_search,markets_ft,https://markets.ft.com/data/etfs/tearsheet/summary?s=SDJE50:MIL:EUR,2026-07-06T11:45:45+00:00
SDJE5D.MI,IE00B5B5TG76,INVESCO EURO STOXX 50 UCITS ETF,Borsa Italiana,Borsa Italiana,Europe,ETF/Fund,yahoo_search,markets_ft,https://markets.ft.com/data/etfs/tearsheet/summary?s=SDJE5D:MIL:EUR,2026-07-24T09:38:08+00:00
SDUE.L,IE00BFNM3F38,ISHARES IV PLC ISH MSCI EU GBP-,London Stock Exchange,London Stock Exchange,Europe,ETF/Fund,yahoo_search,markets_ft,https://markets.ft.com/data/etfs/tearsheet/summary?s=SDUE:LSE:GBP,2026-07-24T09:38:08+00:00
SEAG.L,IE00B3DKXQ41,ISHARES III PLC ISHRES EUR AGG ,London Stock Exchange,London Stock Exchange,Europe,ETF/Fund,yahoo_search,markets_ft,https://markets.ft.com/data/etfs/tearsheet/summary?s=SEAG:LSE:GBP,2026-07-24T09:38:08+00:00
SGEA.L,IE00B6QGFW01,ISHARES III PLC ISHRS EMR ASIA ,London Stock Exchange,London Stock Exchange,Europe,ETF/Fund,yahoo_search,markets_ft,https://markets.ft.com/data/etfs/tearsheet/summary?s=SGEA:LSE:GBP,2026-07-20T10:22:34+00:00
SHYG.L,IE00B66F4759,ISHARES PLC ISHARES EUR H.YLD C,London Stock Exchange,London Stock Exchange,Europe,ETF/Fund,yahoo_search,markets_ft,https://markets.ft.com/data/etfs/tearsheet/summary?s=SHYG:LSE:GBP,2026-07-24T09:38:08+00:00
SHYU.L,IE00B4PY7Y77,ISHARES II PLC ISHRS $ HIGH YIE,London Stock Exchange,London Stock Exchange,Europe,ETF/Fund,yahoo_search,markets_ft,https://markets.ft.com/data/etfs/tearsheet/summary?s=SHYU:LSE:GBP,2026-07-15T09:25:14+00:00
SMEU.L,,INVESCO MARKETS PLC INVESCO MSC,London Stock Exchange,London Stock Exchange,Europe,ETF/Fund,yahoo_search,,,2026-07-24T09:38:08+00:00
SMGB.L,IE00BMC38736,VANECK UCITS ETFS PLC VANECK SE,London Stock Exchange,London Stock Exchange,Europe,ETF/Fund,yahoo_search,markets_ft,https://markets.ft.com/data/etfs/tearsheet/summary?s=SMGB:LSE:GBP,2026-07-24T09:38:08+00:00
SMH.L,,VANECK UCITS ETFS PLC VANECK SE,London Stock Exchange,London Stock Exchange,Europe,ETF/Fund,yahoo_search,,,2026-07-19T09:20:32+00:00
SMH.MI,IE00BMC38736,VANECK SEMICONDUCTOR  UCITS ETF,Borsa Italiana,Borsa Italiana,Europe,ETF/Fund,yahoo_search,markets_ft,https://markets.ft.com/data/etfs/tearsheet/summary?s=SMH:MIL:EUR,2026-07-24T09:38:08+00:00
SMSEUR.MI,IE00B60SWY32,INVESCO MSCI EUROPE UCITS ETF,Borsa Italiana,Borsa Italiana,Europe,ETF/Fund,yahoo_search,markets_ft,https://markets.ft.com/data/etfs/tearsheet/summary?s=SMSEUR:MIL:EUR,2026-07-19T09:20:32+00:00
SMSJPN.MI,IE00B60SX287,INVESCO MSCI JAPAN UCITS ETF,Borsa Italiana,Borsa Italiana,Europe,ETF/Fund,yahoo_search,markets_ft,https://markets.ft.com/data/etfs/tearsheet/summary?s=SMSJPN:MIL:EUR,2026-07-21T09:43:03+00:00
SMSWLD.MI,IE00B60SX394,INVESCO MSCI WORLD UCITS ETF,Borsa Italiana,Borsa Italiana,Europe,ETF/Fund,yahoo_search,markets_ft,https://markets.ft.com/data/etfs/tearsheet/summary?s=SMSWLD:MIL:EUR,2026-07-18T09:02:51+00:00
SOIL.L,,WISDOMTREE COMMODITY SECURITIES,London Stock Exchange,London Stock Exchange,Europe,ETF/Fund,yahoo_search,,,2026-06-28T17:24:25+00:00
SOIL.MI,JE00B24DK975,WISDOMTREE WTI CRUDE OIL 1X DAI,Borsa Italiana,Borsa Italiana,Europe,ETF/Fund,yahoo_variant,markets_ft,https://markets.ft.com/data/etfs/tearsheet/summary?s=SOIL:MIL:EUR,2026-07-01T17:52:52+00:00
SPEL.MI,IE00BLSN7P11,UBS S&P 500 ESG Elite UCITS ETF,Borsa Italiana,Borsa Italiana,Europe,ETF/Fund,yahoo_search,markets_ft,https://markets.ft.com/data/etfs/tearsheet/summary?s=SPEL:MIL:EUR,2026-07-21T09:43:03+00:00
SPELE.MI,IE00BLSN7W87,UBS S&P 500 ESG Elite UCITS ETF,Borsa Italiana,Borsa Italiana,Europe,ETF/Fund,yahoo_search,markets_ft,https://markets.ft.com/data/etfs/tearsheet/summary?s=SPELE:MIL:EUR,2026-07-24T09:38:08+00:00
SPESG.MI,IE00BHXMHL11,UBS S&P 500 Scored & Screened U,Borsa Italiana,Borsa Italiana,Europe,ETF/Fund,yahoo_search,markets_ft,https://markets.ft.com/data/etfs/tearsheet/summary?s=SPESG:MIL:EUR,2026-07-10T10:31:39+00:00
SPEX.L,IE00BNGJJT35,INVESCO MARKETS II PLC INVESCO ,London Stock Exchange,London Stock Exchange,Europe,ETF/Fund,yahoo_search,markets_ft,https://markets.ft.com/data/etfs/tearsheet/summary?s=SPEX:LSE:GBX,2026-07-24T09:38:08+00:00
SPFS.DE,IE00BYTRRB94,SSSEE2-S.S.S.M.W.H.C.UC.ETF   R,Germany/Xetra,Germany/Xetra,Europe,ETF/Fund,yahoo_search,markets_ft,https://markets.ft.com/data/etfs/tearsheet/summary?s=SPFS:GER:EUR,2026-07-24T09:38:08+00:00
SPQH.DE,IE000EPX8KB7,Gl.X ETFs ICAV-S&P 500 Q.T.H. R,Germany/Xetra,Germany/Xetra,Europe,ETF/Fund,yahoo_variant,markets_ft,https://markets.ft.com/data/etfs/tearsheet/summary?s=SPQH:GER:EUR,2026-07-01T17:52:52+00:00
SPQH.L,,GLOBAL X ETFS ICAV GX S&P 500 Q,London Stock Exchange,London Stock Exchange,Europe,ETF/Fund,yahoo_search,,,2026-07-24T09:38:08+00:00
SPQH.MI,IE000EPX8KB7,GLOBAL X S&P500 QUART TAIL HDG ,Borsa Italiana,Borsa Italiana,Europe,ETF/Fund,yahoo_variant,markets_ft,https://markets.ft.com/data/etfs/tearsheet/summary?s=SPQH:MIL:EUR,2026-07-01T17:52:52+00:00
SPX2S.MI,LU1327051279,Amundi Nasdaq-100 Daily (-1x) I,Borsa Italiana,Borsa Italiana,Europe,ETF/Fund,yahoo_search,markets_ft,https://markets.ft.com/data/etfs/tearsheet/summary?s=SPX2S:MIL:EUR,2026-07-24T09:38:08+00:00
SPX5.L,IE00B6YX5C33,SSGA SPDR ETFS EUROPE I PLC SS ,London Stock Exchange,London Stock Exchange,Europe,ETF/Fund,yahoo_search,markets_ft,https://markets.ft.com/data/etfs/tearsheet/summary?s=SPX5:LSE:GBP,2026-07-13T10:37:01+00:00
SPY5.DE,IE00B6YX5C33,SPDR S&P 500 UCITS ETF        R,Germany/Xetra,Germany/Xetra,Europe,ETF/Fund,yahoo_search,markets_ft,https://markets.ft.com/data/etfs/tearsheet/summary?s=SPY5:GER:EUR,2026-07-18T09:02:51+00:00
SPY5.L,,SSGA SPDR ETFS EUROPE I PLC SS ,London Stock Exchange,London Stock Exchange,Europe,ETF/Fund,yahoo_search,,,2026-07-13T10:37:01+00:00
SPY5.MI,IE00B6YX5C33,State Street SPDR S&P 500 UCITS,Borsa Italiana,Borsa Italiana,Europe,ETF/Fund,yahoo_search,markets_ft,https://markets.ft.com/data/etfs/tearsheet/summary?s=SPY5:MIL:EUR,2026-07-24T09:38:08+00:00
SPYC.DE,IE00BKWQ0D84,SPDR MSCI Europe Cons.Sta.UETFR,Germany/Xetra,Germany/Xetra,Europe,ETF/Fund,yahoo_search,markets_ft,https://markets.ft.com/data/etfs/tearsheet/summary?s=SPYC:GER:EUR,2026-07-06T11:45:45+00:00
SPYJ.DE,IE00B8GF1M35,SPDR Dow Jones Glb.Rl Est.ETF R,Germany/Xetra,Germany/Xetra,Europe,ETF/Fund,yahoo_search,markets_ft,https://markets.ft.com/data/etfs/tearsheet/summary?s=SPYJ:GER:EUR,2026-07-24T09:38:08+00:00
SPYK.DE,IE00BKWQ0K51,St.Str.SPDR MSCI Eur.Tech.UETFR,Germany/Xetra,Germany/Xetra,Europe,ETF/Fund,yahoo_search,markets_ft,https://markets.ft.com/data/etfs/tearsheet/summary?s=SPYK:GER:EUR,2026-07-24T09:38:08+00:00
SPYL.AS,IE000XZSV718,State Street SPDR S&P 500 UCITS,Euronext Amsterdam,Euronext Amsterdam,Europe,ETF/Fund,yahoo_variant,markets_ft,https://markets.ft.com/data/etfs/tearsheet/summary?s=SPYL:AEX:EUR,2026-07-01T17:52:52+00:00
SPYL.DE,IE000XZSV718,SGASE1-State Street SP500 UE  R,Germany/Xetra,Germany/Xetra,Europe,ETF/Fund,yahoo_search,markets_ft,https://markets.ft.com/data/etfs/tearsheet/summary?s=SPYL:GER:EUR,2026-07-24T09:38:08+00:00
SPYL.L,,SSGA SPDR ETFS EUROPE I PLC SS ,London Stock Exchange,London Stock Exchange,Europe,ETF/Fund,yahoo_search,,,2026-07-24T09:38:08+00:00
SPYM.DE,IE00B469F816,St.Str.SP.MS.Em.Mkts Ucits ETFR,Germany/Xetra,Germany/Xetra,Europe,ETF/Fund,yahoo_search,markets_ft,https://markets.ft.com/data/etfs/tearsheet/summary?s=SPYM:GER:EUR,2026-07-24T09:38:08+00:00
SPYN.DE,IE00BKWQ0F09,SSSPDR MSCI Europe Energy UETFR,Germany/Xetra,Germany/Xetra,Europe,ETF/Fund,yahoo_search,markets_ft,https://markets.ft.com/data/etfs/tearsheet/summary?s=SPYN:GER:EUR,2026-07-14T09:20:05+00:00
SPYT.DE,IE00BKWQ0N82,St.Str.SPDR MSCI Eu.Co.Sv.UETFR,Germany/Xetra,Germany/Xetra,Europe,ETF/Fund,yahoo_search,markets_ft,https://markets.ft.com/data/etfs/tearsheet/summary?s=SPYT:GER:EUR,2026-07-24T09:38:08+00:00
SPYX.DE,IE00B48X4842,SPDR MSCI Emer.Mkts Sm.Cap ETFR,Germany/Xetra,Germany/Xetra,Europe,ETF/Fund,yahoo_search,markets_ft,https://markets.ft.com/data/etfs/tearsheet/summary?s=SPYX:GER:EUR,2026-07-24T09:38:08+00:00
SRIU.L,IE00BJXT3B87,UBS (IRL) ETF PLC UBS MSCI USA ,London Stock Exchange,London Stock Exchange,Europe,ETF/Fund,yahoo_search,markets_ft,https://markets.ft.com/data/etfs/tearsheet/summary?s=SRIU:LSE:GBX,2026-07-24T09:38:08+00:00
SRIW.L,IE00BK72HH44,UBS (IRL) ETF PLC UBS MSCI WORL,London Stock Exchange,London Stock Exchange,Europe,ETF/Fund,yahoo_search,markets_ft,https://markets.ft.com/data/etfs/tearsheet/summary?s=SRIW:LSE:GBX,2026-07-24T09:38:08+00:00
STKX.MI,IE00BKWQ0K51,State Street SPDR MSCI Europe T,Borsa Italiana,Borsa Italiana,Europe,ETF/Fund,yahoo_search,markets_ft,https://markets.ft.com/data/etfs/tearsheet/summary?s=STKX:MIL:EUR,2026-07-24T09:38:08+00:00
STOR.AS,,iShares Energy Storage & Hydrog,Euronext Amsterdam,Euronext Amsterdam,Europe,ETF/Fund,yahoo_search,,,2026-07-24T09:38:08+00:00
SUK1.L,IE00B94QKG22,WISDOMTREE MULTI ASSET ISSUER P,London Stock Exchange,London Stock Exchange,Europe,ETF/Fund,yahoo_search,markets_ft,https://markets.ft.com/data/etfs/tearsheet/summary?s=SUK1:LSE:GBX,2026-07-24T09:38:08+00:00
SUK2.L,IE00B4QNK008,LEGAL & GENERAL UCITS ETF PUBLI,London Stock Exchange,London Stock Exchange,Europe,ETF/Fund,yahoo_search,markets_ft,https://markets.ft.com/data/etfs/tearsheet/summary?s=SUK2:LSE:GBX,2026-07-24T09:38:08+00:00
SUWG.L,IE00BDZZTM54,ISHARES IV PLC,London Stock Exchange,London Stock Exchange,Europe,ETF/Fund,yahoo_search,markets_ft,https://markets.ft.com/data/etfs/tearsheet/summary?s=SUWG:LSE:GBP,2026-07-20T10:22:34+00:00
SUWS.L,,ISHARES IV PLC ISHARES MSCI WLD,London Stock Exchange,London Stock Exchange,Europe,ETF/Fund,yahoo_search,,,2026-07-24T09:38:08+00:00
SWDA.L,IE00B4L5Y983,ISHARES III PLC ISHRS CORE MSCI,London Stock Exchange,London Stock Exchange,Europe,ETF/Fund,yahoo_search,markets_ft,https://markets.ft.com/data/etfs/tearsheet/summary?s=SWDA:LSE:GBX,2026-07-24T09:38:08+00:00
SWDA.MI,IE00B4L5Y983,ISHARES CORE MSCI WORLD UCITS E,Borsa Italiana,Borsa Italiana,Europe,ETF/Fund,yahoo_search,markets_ft,https://markets.ft.com/data/etfs/tearsheet/summary?s=SWDA:MIL:EUR,2026-07-24T09:38:08+00:00
SX5S.L,IE00B60SWX25,INVESCO MARKETS PLC INVESCO EUR,London Stock Exchange,London Stock Exchange,Europe,ETF/Fund,yahoo_search,markets_ft,https://markets.ft.com/data/etfs/tearsheet/summary?s=SX5S:LSE:GBX,2026-07-01T17:52:52+00:00
SXEW.L,IE00067X7JX0,INVESCO MARKETS II PLC IVZ EURO,London Stock Exchange,London Stock Exchange,Europe,ETF/Fund,yahoo_variant,markets_ft,https://markets.ft.com/data/etfs/tearsheet/summary?s=SXEW:LSE:GBX,2026-07-05T09:48:51+00:00
SXEW.MI,IE00067X7JX0,Invesco EURO STOXX 50 Equal Wei,Borsa Italiana,Borsa Italiana,Europe,ETF/Fund,yahoo_search,markets_ft,https://markets.ft.com/data/etfs/tearsheet/summary?s=SXEW:MIL:EUR,2026-07-05T09:48:51+00:00
SXR0.DE,IE00BYXPXL17,iShs VI-E.MSCI Wld Min.Vo.U.E.R,Germany/Xetra,Germany/Xetra,Europe,ETF/Fund,yahoo_search,markets_ft,https://markets.ft.com/data/etfs/tearsheet/summary?s=SXR0:GER:EUR,2026-07-24T09:38:08+00:00
SXR8.DE,IE00B5BMR087,iShs VII-Core S&P 500 U.ETF   R,Germany/Xetra,Germany/Xetra,Europe,ETF/Fund,yahoo_search,markets_ft,https://markets.ft.com/data/etfs/tearsheet/summary?s=SXR8:GER:EUR,2026-07-24T09:38:08+00:00
SXRS.DE,IE00BDFL4P12,iShs VI-iShs Div.Com.SW.UC.ETFR,Germany/Xetra,Germany/Xetra,Europe,ETF/Fund,yahoo_search,markets_ft,https://markets.ft.com/data/etfs/tearsheet/summary?s=SXRS:GER:EUR,2026-07-23T09:40:38+00:00
SXRV.DE,IE00B53SZB19,iShsVII-NASDAQ 100 UCITS ETF  R,Germany/Xetra,Germany/Xetra,Europe,ETF/Fund,yahoo_search,markets_ft,https://markets.ft.com/data/etfs/tearsheet/summary?s=SXRV:GER:EUR,2026-07-23T09:40:38+00:00
SXRW.DE,IE00B53HP851,iShs VII-C.FTSE 100 E.GBP     R,Germany/Xetra,Germany/Xetra,Europe,ETF/Fund,yahoo_search,markets_ft,https://markets.ft.com/data/etfs/tearsheet/summary?s=SXRW:GER:EUR,2026-07-04T09:33:26+00:00
SXRY.DE,IE00B53L4X51,iShsVII-FTSE MIB U.ETF EUR AccR,Germany/Xetra,Germany/Xetra,Europe,ETF/Fund,yahoo_search,markets_ft,https://markets.ft.com/data/etfs/tearsheet/summary?s=SXRY:GER:EUR,2026-07-24T09:38:08+00:00
SXYD.L,IE000SAXJ1M1,GLOBAL X ETFS ICAV GLOBAL X STO,London Stock Exchange,London Stock Exchange,Europe,ETF/Fund,yahoo_search,markets_ft,https://markets.ft.com/data/etfs/tearsheet/summary?s=SXYD:LSE:GBP,2026-07-24T09:38:08+00:00
SY7D.DE,IE000SAXJ1M1,Gl X EUR STOXX 50 COV.CALL ETFR,Germany/Xetra,Germany/Xetra,Europe,ETF/Fund,yahoo_search,markets_ft,https://markets.ft.com/data/etfs/tearsheet/summary?s=SY7D:GER:EUR,2026-07-24T09:38:08+00:00
SYLD.L,,GLOBAL X ETFS ICAV GLOBAL X STO,London Stock Exchange,London Stock Exchange,Europe,ETF/Fund,yahoo_search,,,2026-07-24T09:38:08+00:00
SYLD.MI,IE000SAXJ1M1,GLOBAL X EURO STOXX 50 COVERED ,Borsa Italiana,Borsa Italiana,Europe,ETF/Fund,yahoo_search,markets_ft,https://markets.ft.com/data/etfs/tearsheet/summary?s=SYLD:MIL:EUR,2026-07-24T09:38:08+00:00
TAEH.DE,IE000DOZYQJ7,JH-Hait.AxJ.HY C.DL.Bd S.C.ETFR,Germany/Xetra,Germany/Xetra,Europe,ETF/Fund,yahoo_search,markets_ft,https://markets.ft.com/data/etfs/tearsheet/summary?s=TAEH:GER:EUR,2026-07-24T09:38:08+00:00
TAEH.MI,IE000DOZYQJ7,Janus Henderson Haitong Asia ex,Borsa Italiana,Borsa Italiana,Europe,ETF/Fund,yahoo_search,markets_ft,https://markets.ft.com/data/etfs/tearsheet/summary?s=TAEH:MIL:EUR,2026-07-23T09:40:38+00:00
TAGD.L,IE000XIITCN5,JANUS HENDERSON ICAV JH HAITONG,London Stock Exchange,London Stock Exchange,Europe,ETF/Fund,yahoo_search,markets_ft,https://markets.ft.com/data/etfs/tearsheet/summary?s=TAGD:LSE:GBP,2026-07-24T09:38:08+00:00
TAGH.L,IE000GETKIK8,TABULA ICAV TAB ASIA HY ESG ETF,London Stock Exchange,London Stock Exchange,Europe,ETF/Fund,yahoo_search,markets_ft,https://markets.ft.com/data/etfs/tearsheet/summary?s=TAGH:LSE:GBP,2026-07-24T09:38:08+00:00
TAHY.L,,JANUS HENDERSON ICAV JH HAITONG,London Stock Exchange,London Stock Exchange,Europe,ETF/Fund,yahoo_search,,,2026-07-24T09:38:08+00:00
TDIV.AS,NL0011683594,VanEck Morningstar Developed Ma,Euronext Amsterdam,Euronext Amsterdam,Europe,ETF/Fund,yahoo_search,markets_ft,https://markets.ft.com/data/etfs/tearsheet/summary?s=TDIV:AEX:EUR,2026-07-24T09:38:08+00:00
TDIV.L,,VANECK ETFS N.V. VANECK MORNING,London Stock Exchange,London Stock Exchange,Europe,ETF/Fund,yahoo_search,,,2026-07-24T09:38:08+00:00
TDIV.MI,NL0011683594,VanEck Morningstar Developed Ma,Borsa Italiana,Borsa Italiana,Europe,ETF/Fund,yahoo_search,markets_ft,https://markets.ft.com/data/etfs/tearsheet/summary?s=TDIV:MIL:EUR,2026-07-24T09:38:08+00:00
TDT.AS,NL0009272749,VanEck AEX UCITS ETF,Euronext Amsterdam,Euronext Amsterdam,Europe,ETF/Fund,yahoo_search,markets_ft,https://markets.ft.com/data/etfs/tearsheet/summary?s=TDT:AEX:EUR,2026-07-24T09:38:08+00:00
TELE.L,,SSGA SPDR ETFS EUROPE II PLC SS,London Stock Exchange,London Stock Exchange,Europe,ETF/Fund,yahoo_search,,,2026-07-15T09:25:14+00:00
TELE.MI,LU1834988609,Amndi STOXX Eur 600 Telcomm UCI,Borsa Italiana,Borsa Italiana,Europe,ETF/Fund,yahoo_search,markets_ft,https://markets.ft.com/data/etfs/tearsheet/summary?s=TELE:MIL:EUR,2026-07-06T11:45:45+00:00
TGGD.L,IE000LJG9WK1,TABULA ICAV TAB GCC BONDS UCITS,London Stock Exchange,London Stock Exchange,Europe,ETF/Fund,yahoo_search,markets_ft,https://markets.ft.com/data/etfs/tearsheet/summary?s=TGGD:LSE:GBP,2026-07-24T09:38:08+00:00
TUCP.DE,IE000WXLHR76,JH-EO Ul.Sh.IG Bd PA Cl.Co.ETFR,Germany/Xetra,Germany/Xetra,Europe,ETF/Fund,yahoo_search,markets_ft,https://markets.ft.com/data/etfs/tearsheet/summary?s=TUCP:GER:EUR,2026-07-24T09:38:08+00:00
U1FB.DE,LU1273488715,UBS MSCI Japan Socially Resp. I,Germany/Xetra,Germany/Xetra,Europe,ETF/Fund,yahoo_search,markets_ft,https://markets.ft.com/data/etfs/tearsheet/summary?s=U1FB:GER:EUR,2026-07-24T09:38:08+00:00
UB03.L,LU0136242590,UBS (LUX) FUND SOLUTIONS UBS FT,London Stock Exchange,London Stock Exchange,Europe,ETF/Fund,yahoo_search,markets_ft,https://markets.ft.com/data/etfs/tearsheet/summary?s=UB03:LSE:GBX,2026-07-22T09:41:52+00:00
UC55.L,LU0340285161,UBS (LUX) FUND SOLUTIONS UBS MS,London Stock Exchange,London Stock Exchange,Europe,ETF/Fund,yahoo_search,markets_ft,https://markets.ft.com/data/etfs/tearsheet/summary?s=UC55:LSE:GBX,2026-07-17T09:24:27+00:00
UC67.L,,UBS (LUX) FUND SOLUTIONS UBS MS,London Stock Exchange,London Stock Exchange,Europe,ETF/Fund,yahoo_search,,,2026-07-22T09:41:52+00:00
UC68.L,,UBS (LUX) FUND SOLUTIONS UBS MS,London Stock Exchange,London Stock Exchange,Europe,ETF/Fund,yahoo_search,,,2026-07-23T09:40:38+00:00
UC95.L,IE00BX7RQY03,UBS (IRL) ETF PLC UBS MSCI USA ,London Stock Exchange,London Stock Exchange,Europe,ETF/Fund,yahoo_search,markets_ft,https://markets.ft.com/data/etfs/tearsheet/summary?s=UC95:LSE:GBX,2026-07-24T09:38:08+00:00
UC96.L,IE00BX7RR706,UBS (IRL) ETF PLC UBS MSCI USA ,London Stock Exchange,London Stock Exchange,Europe,ETF/Fund,yahoo_search,markets_ft,https://markets.ft.com/data/etfs/tearsheet/summary?s=UC96:LSE:GBX,2026-07-21T09:43:03+00:00
UET1.DE,LU1280303014,UBS MSCI USA Socially Resp.   N,Germany/Xetra,Germany/Xetra,Europe,ETF/Fund,yahoo_search,markets_ft,https://markets.ft.com/data/etfs/tearsheet/summary?s=UET1:GER:EUR,2026-07-24T09:38:08+00:00
UET5.DE,LU1971906802,UBS EURO STOXX 50 ESG         A,Germany/Xetra,Germany/Xetra,Europe,ETF/Fund,yahoo_search,markets_ft,https://markets.ft.com/data/etfs/tearsheet/summary?s=UET5:GER:EUR,2026-07-24T09:38:08+00:00
UETC.DE,LU1953188833,UBS(L)F.S-UBS MS.CH.UN.UC.E.  A,Germany/Xetra,Germany/Xetra,Europe,ETF/Fund,yahoo_search,markets_ft,https://markets.ft.com/data/etfs/tearsheet/summary?s=UETC:GER:EUR,2026-07-24T09:38:08+00:00
UIM3.DE,LU0136242590,UBS FTSE 100 UCITS ETF        I,Germany/Xetra,Germany/Xetra,Europe,ETF/Fund,yahoo_search,markets_ft,https://markets.ft.com/data/etfs/tearsheet/summary?s=UIM3:GER:EUR,2026-07-24T09:38:08+00:00
UIW1.DE,LU2206597804,UBS MSCI Europe Socially Resp.A,Germany/Xetra,Germany/Xetra,Europe,ETF/Fund,yahoo_search,markets_ft,https://markets.ft.com/data/etfs/tearsheet/summary?s=UIW1:GER:EUR,2026-07-24T09:38:08+00:00
UIW3.DE,LU2206598109,UBS MSCI Europe Socially Resp.A,Germany/Xetra,Germany/Xetra,Europe,ETF/Fund,yahoo_search,markets_ft,https://markets.ft.com/data/etfs/tearsheet/summary?s=UIW3:GER:EUR,2026-07-23T09:40:38+00:00
UMC.L,IE000YCD1TY0,UBS (IRL) ETF PLC UBS MSCI USA ,London Stock Exchange,London Stock Exchange,Europe,ETF/Fund,yahoo_search,markets_ft,https://markets.ft.com/data/etfs/tearsheet/summary?s=UMC:LSE:GBX,2026-07-21T09:43:03+00:00
USCO.L,,Franklin Templeton ICAV - Franklin S&P 500 Financials Ucits Etf,London Stock Exchange,London Stock Exchange,Europe,ETF/Fund,yahoo_search,,,2026-07-23T09:40:38+00:00
USCO.MI,,State Street SPDR Bloomberg U.S,Borsa Italiana,Borsa Italiana,Europe,ETF/Fund,yahoo_variant,,,2026-06-28T17:24:25+00:00
USFM.L,IE00BDGV0308,UBS (IRL) ETF PLC UBS MSCI USA ,London Stock Exchange,London Stock Exchange,Europe,ETF/Fund,yahoo_search,markets_ft,https://markets.ft.com/data/etfs/tearsheet/summary?s=USFM:LSE:GBX,2026-07-24T09:38:08+00:00
USPA.AS,IE00BMDPBZ72,Franklin S&P 500 Paris Aligned ,Euronext Amsterdam,Euronext Amsterdam,Europe,ETF/Fund,yahoo_search,markets_ft,https://markets.ft.com/data/etfs/tearsheet/summary?s=USPA:AEX:EUR,2026-07-24T09:38:08+00:00
USPA.L,,FRANKLIN TEMPLETON ICAV FRK SP ,London Stock Exchange,London Stock Exchange,Europe,ETF/Fund,yahoo_search,,,2026-07-24T09:38:08+00:00
USPA.MI,IE00BMDPBZ72,FRANKLIN S&P500 PARIS CLIMATE U,Borsa Italiana,Borsa Italiana,Europe,ETF/Fund,yahoo_search,markets_ft,https://markets.ft.com/data/etfs/tearsheet/summary?s=USPA:MIL:EUR,2026-07-24T09:38:08+00:00
USSC.L,,SSGA SPDR ETFS EUROPE II PLC SS,London Stock Exchange,London Stock Exchange,Europe,ETF/Fund,yahoo_search,,,2026-07-24T09:38:08+00:00
USSMC.MI,IE000XFXBGR0,UBS MSCI USA Small Cap Selectio,Borsa Italiana,Borsa Italiana,Europe,ETF/Fund,yahoo_search,markets_ft,https://markets.ft.com/data/etfs/tearsheet/summary?s=USSMC:MIL:EUR,2026-07-08T09:40:49+00:00
USVL.L,,SSGA SPDR ETFS EUROPE II PLC SS,London Stock Exchange,London Stock Exchange,Europe,ETF/Fund,yahoo_search,,,2026-07-23T09:40:38+00:00
UVAL.L,IE00BSPLC520,SSGA SPDR ETFS EUROPE II PLC SS,London Stock Exchange,London Stock Exchange,Europe,ETF/Fund,yahoo_search,markets_ft,https://markets.ft.com/data/etfs/tearsheet/summary?s=UVAL:LSE:GBP,2026-07-18T09:02:51+00:00
VALW.L,IE00BJXRT813,SSGA SPDR ETFS EUROPE II PLC SS,London Stock Exchange,London Stock Exchange,Europe,ETF/Fund,yahoo_search,markets_ft,https://markets.ft.com/data/etfs/tearsheet/summary?s=VALW:LSE:GBP,2026-07-04T09:33:26+00:00
VAPX.AS,IE00B9F5YL18,VANGUARD FTSE Developed Asia Pa,Euronext Amsterdam,Euronext Amsterdam,Europe,ETF/Fund,yahoo_variant,markets_ft,https://markets.ft.com/data/etfs/tearsheet/summary?s=VAPX:AEX:EUR,2026-07-03T10:12:39+00:00
VAPX.L,IE00B9F5YL18,VANGUARD FUNDS PLC VANGUARD FTS,London Stock Exchange,London Stock Exchange,Europe,ETF/Fund,yahoo_variant,markets_ft,https://markets.ft.com/data/etfs/tearsheet/summary?s=VAPX:LSE:GBP,2026-07-03T10:12:39+00:00
VAPX.MI,IE00B9F5YL18,VANGUARD FTSE DEV AS PAC EXJPN ,Borsa Italiana,Borsa Italiana,Europe,ETF/Fund,yahoo_search,markets_ft,https://markets.ft.com/data/etfs/tearsheet/summary?s=VAPX:MIL:EUR,2026-07-24T09:38:08+00:00
VDEM.L,,VANGUARD FUNDS PLC VANGUARD FTS,London Stock Exchange,London Stock Exchange,Europe,ETF/Fund,yahoo_search,,,2026-07-24T09:38:08+00:00
VDEV.L,,VANGUARD FUNDS PLC VANGUARD FTS,London Stock Exchange,London Stock Exchange,Europe,ETF/Fund,yahoo_search,,,2026-07-24T09:38:08+00:00
VDPG.L,IE00BK5BQZ41,VANGUARD FUNDS PLC VANGUARD FTS,London Stock Exchange,London Stock Exchange,Europe,ETF/Fund,yahoo_search,markets_ft,https://markets.ft.com/data/etfs/tearsheet/summary?s=VDPG:LSE:GBP,2026-07-05T09:48:51+00:00
VERX.AS,IE00BKX55S42,Vanguard FTSE Developed Europe ,Euronext Amsterdam,Euronext Amsterdam,Europe,ETF/Fund,yahoo_search,markets_ft,https://markets.ft.com/data/etfs/tearsheet/summary?s=VERX:AEX:EUR,2026-07-24T09:38:08+00:00
VERX.DE,IE00BKX55S42,Vang.FTSE Dev.Eur.ex UK U.ETF R,Germany/Xetra,Germany/Xetra,Europe,ETF/Fund,yahoo_variant,markets_ft,https://markets.ft.com/data/etfs/tearsheet/summary?s=VERX:GER:EUR,2026-07-01T17:52:52+00:00
VERX.L,IE00BKX55S42,VANGUARD FUNDS PLC VANGUARD FTS,London Stock Exchange,London Stock Exchange,Europe,ETF/Fund,yahoo_variant,markets_ft,https://markets.ft.com/data/etfs/tearsheet/summary?s=VERX:LSE:GBP,2026-07-01T17:52:52+00:00
VEUR.AS,IE00B945VV12,VANGUARD FTSE Developed Europe ,Euronext Amsterdam,Euronext Amsterdam,Europe,ETF/Fund,yahoo_search,markets_ft,https://markets.ft.com/data/etfs/tearsheet/summary?s=VEUR:AEX:EUR,2026-07-22T09:41:52+00:00
VEUR.L,IE00B945VV12,VANGUARD FUNDS PLC VANGUARD FTS,London Stock Exchange,London Stock Exchange,Europe,ETF/Fund,yahoo_search,markets_ft,https://markets.ft.com/data/etfs/tearsheet/summary?s=VEUR:LSE:GBP,2026-07-01T17:52:52+00:00
VEUR.MI,IE00B945VV12,VANGUARD FTSE DEVELOPED EUROPE ,Borsa Italiana,Borsa Italiana,Europe,ETF/Fund,yahoo_variant,markets_ft,https://markets.ft.com/data/etfs/tearsheet/summary?s=VEUR:MIL:EUR,2026-07-01T17:52:52+00:00
VEVE.AS,IE00BKX55T58,Vanguard FTSE Developed World U,Euronext Amsterdam,Euronext Amsterdam,Europe,ETF/Fund,yahoo_search,markets_ft,https://markets.ft.com/data/etfs/tearsheet/summary?s=VEVE:AEX:EUR,2026-07-24T09:38:08+00:00
VEVE.L,IE00BKX55T58,VANGUARD FUNDS PLC VANGUARD FTS,London Stock Exchange,London Stock Exchange,Europe,ETF/Fund,yahoo_search,markets_ft,https://markets.ft.com/data/etfs/tearsheet/summary?s=VEVE:LSE:GBP,2026-07-24T09:38:08+00:00
VEVE.MI,IE00BKX55T58,VANGUARD FTSE DEVELOPED WORLD U,Borsa Italiana,Borsa Italiana,Europe,ETF/Fund,yahoo_search,markets_ft,https://markets.ft.com/data/etfs/tearsheet/summary?s=VEVE:MIL:EUR,2026-07-24T09:38:08+00:00
VFEA.DE,IE00BK5BR733,Vanguard FTSE Em.Markets U.ETFR,Germany/Xetra,Germany/Xetra,Europe,ETF/Fund,yahoo_search,markets_ft,https://markets.ft.com/data/etfs/tearsheet/summary?s=VFEA:GER:EUR,2026-07-24T09:38:08+00:00
VFEA.L,,VANGUARD FUNDS PLC VANGUARD FTS,London Stock Exchange,London Stock Exchange,Europe,ETF/Fund,yahoo_search,,,2026-07-24T09:38:08+00:00
VFEA.MI,IE00BK5BR733,Vanguard Ftse Emerg Markets Uci,Borsa Italiana,Borsa Italiana,Europe,ETF/Fund,yahoo_search,markets_ft,https://markets.ft.com/data/etfs/tearsheet/summary?s=VFEA:MIL:EUR,2026-07-24T09:38:08+00:00
VFEG.L,IE00BK5BR733,VANGUARD FUNDS PLC VANGUARD FTS,London Stock Exchange,London Stock Exchange,Europe,ETF/Fund,yahoo_search,markets_ft,https://markets.ft.com/data/etfs/tearsheet/summary?s=VFEG:LSE:GBP,2026-07-18T09:02:51+00:00
VFEM.AS,IE00B3VVMM84,Vanguard Ftse Emerging Markets ,Euronext Amsterdam,Euronext Amsterdam,Europe,ETF/Fund,yahoo_search,markets_ft,https://markets.ft.com/data/etfs/tearsheet/summary?s=VFEM:AEX:EUR,2026-07-04T09:33:26+00:00
VFEM.DE,IE00B3VVMM84,Vanguard FTSE Em.Markets U.ETFR,Germany/Xetra,Germany/Xetra,Europe,ETF/Fund,yahoo_search,markets_ft,https://markets.ft.com/data/etfs/tearsheet/summary?s=VFEM:GER:EUR,2026-07-13T10:37:01+00:00
VFEM.L,IE00B3VVMM84,VANGUARD FUNDS PLC VANGUARD FTS,London Stock Exchange,London Stock Exchange,Europe,ETF/Fund,yahoo_variant,markets_ft,https://markets.ft.com/data/etfs/tearsheet/summary?s=VFEM:LSE:GBP,2026-07-04T09:33:26+00:00
VFEM.MI,IE00B3VVMM84,Vanguard Ftse Emerging Markets ,Borsa Italiana,Borsa Italiana,Europe,ETF/Fund,yahoo_search,markets_ft,https://markets.ft.com/data/etfs/tearsheet/summary?s=VFEM:MIL:EUR,2026-07-15T09:25:14+00:00
VGEU.DE,IE00B945VV12,Vanguard FTSE Dev.Europe U.ETFR,Germany/Xetra,Germany/Xetra,Europe,ETF/Fund,yahoo_search,markets_ft,https://markets.ft.com/data/etfs/tearsheet/summary?s=VGEU:GER:EUR,2026-07-09T10:34:17+00:00
VGOV.DE,IE00B42WWV65,Vanguard U.K. Gilt UCITS ETF  R,Germany/Xetra,Germany/Xetra,Europe,ETF/Fund,yahoo_variant,markets_ft,https://markets.ft.com/data/etfs/tearsheet/summary?s=VGOV:GER:EUR,2026-07-22T09:41:52+00:00
VGOV.L,IE00B42WWV65,VANGUARD FUNDS PLC UK GILT UCIT,London Stock Exchange,London Stock Exchange,Europe,ETF/Fund,yahoo_search,markets_ft,https://markets.ft.com/data/etfs/tearsheet/summary?s=VGOV:LSE:GBP,2026-07-23T09:40:38+00:00
VGVF.DE,IE00BK5BQV03,Vang.FTSE Develop.World U.ETF R,Germany/Xetra,Germany/Xetra,Europe,ETF/Fund,yahoo_search,markets_ft,https://markets.ft.com/data/etfs/tearsheet/summary?s=VGVF:GER:EUR,2026-07-24T09:38:08+00:00
VGWL.DE,IE00B3RBWM25,Vanguard FTSE All-World U.ETF R,Germany/Xetra,Germany/Xetra,Europe,ETF/Fund,yahoo_search,markets_ft,https://markets.ft.com/data/etfs/tearsheet/summary?s=VGWL:GER:EUR,2026-07-24T09:38:08+00:00
VHVE.L,,VANGUARD FUNDS PLC VANGUARD FTS,London Stock Exchange,London Stock Exchange,Europe,ETF/Fund,yahoo_search,,,2026-07-05T09:48:51+00:00
VHVE.MI,IE00BK5BQV03,VANGUARD FTSE DEVELOP WORLD UCI,Borsa Italiana,Borsa Italiana,Europe,ETF/Fund,yahoo_variant,markets_ft,https://markets.ft.com/data/etfs/tearsheet/summary?s=VHVE:MIL:EUR,2026-07-03T10:12:39+00:00
VHVG.L,IE00BK5BQV03,VANGUARD FUNDS PLC VANGUARD FTS,London Stock Exchange,London Stock Exchange,Europe,ETF/Fund,yahoo_search,markets_ft,https://markets.ft.com/data/etfs/tearsheet/summary?s=VHVG:LSE:GBP,2026-07-01T17:52:52+00:00
VHYA.L,,VANGUARD FUNDS PLC VANGUARD FTS,London Stock Exchange,London Stock Exchange,Europe,ETF/Fund,yahoo_search,,,2026-07-14T09:20:05+00:00
VHYA.MI,IE00BK5BR626,Vanguard FTSE All-World High Di,Borsa Italiana,Borsa Italiana,Europe,ETF/Fund,yahoo_variant,markets_ft,https://markets.ft.com/data/etfs/tearsheet/summary?s=VHYA:MIL:EUR,2026-07-01T17:52:52+00:00
VHYL.AS,IE00B8GKDB10,VANGUARD FTSE All-World High Di,Euronext Amsterdam,Euronext Amsterdam,Europe,ETF/Fund,yahoo_search,markets_ft,https://markets.ft.com/data/etfs/tearsheet/summary?s=VHYL:AEX:EUR,2026-07-24T09:38:08+00:00
VHYL.L,IE00B8GKDB10,VANGUARD FUNDS PLC VANGUARD FTS,London Stock Exchange,London Stock Exchange,Europe,ETF/Fund,yahoo_search,markets_ft,https://markets.ft.com/data/etfs/tearsheet/summary?s=VHYL:LSE:GBP,2026-07-01T17:52:52+00:00
VHYL.MI,IE00B8GKDB10,VANGUARD FTSE ALLWLD HIDIV YLD ,Borsa Italiana,Borsa Italiana,Europe,ETF/Fund,yahoo_search,markets_ft,https://markets.ft.com/data/etfs/tearsheet/summary?s=VHYL:MIL:EUR,2026-07-21T09:43:03+00:00
VILX.L,XS2819843736,WISDOMTREE MULTI ASSET ISSUER P,London Stock Exchange,London Stock Exchange,Europe,ETF/Fund,yahoo_search,markets_ft,https://markets.ft.com/data/etfs/tearsheet/summary?s=VILX:LSE:GBX,2026-07-24T09:38:08+00:00
VIXL.L,,WISDOMTREE MULTI ASSET ISSUER P,London Stock Exchange,London Stock Exchange,Europe,ETF/Fund,yahoo_search,,,2026-07-22T09:41:52+00:00
VIXL.MI,XS2819843736,WISDOMTREE S&P 500 VIX 2.25X DA,Borsa Italiana,Borsa Italiana,Europe,ETF/Fund,yahoo_search,markets_ft,https://markets.ft.com/data/etfs/tearsheet/summary?s=VIXL:MIL:EUR,2026-07-24T09:38:08+00:00
VUAA.DE,IE00BFMXXD54,Vanguard S&P 500 UCITS ETF    R,Germany/Xetra,Germany/Xetra,Europe,ETF/Fund,yahoo_search,markets_ft,https://markets.ft.com/data/etfs/tearsheet/summary?s=VUAA:GER:EUR,2026-07-24T09:38:08+00:00
VUAA.L,,VANGUARD FUNDS PLC VANGUARD S&P,London Stock Exchange,London Stock Exchange,Europe,ETF/Fund,yahoo_search,,,2026-07-24T09:38:08+00:00
VUAA.MI,IE00BFMXXD54,VANGUARD S&P 500 UCITS ETF ACC,Borsa Italiana,Borsa Italiana,Europe,ETF/Fund,yahoo_search,markets_ft,https://markets.ft.com/data/etfs/tearsheet/summary?s=VUAA:MIL:EUR,2026-07-23T09:40:38+00:00
VUKE.DE,IE00B810Q511,Vanguard FTSE 100 UCITS ETF   R,Germany/Xetra,Germany/Xetra,Europe,ETF/Fund,yahoo_search,markets_ft,https://markets.ft.com/data/etfs/tearsheet/summary?s=VUKE:GER:EUR,2026-07-24T09:38:08+00:00
VUKE.L,IE00B810Q511,VANGUARD FUNDS PLC VANGUARD FTS,London Stock Exchange,London Stock Exchange,Europe,ETF/Fund,yahoo_search,markets_ft,https://markets.ft.com/data/etfs/tearsheet/summary?s=VUKE:LSE:GBP,2026-07-13T10:37:01+00:00
VUKE.MI,IE00B810Q511,VANGUARD FTSE 100 UCITS ETF,Borsa Italiana,Borsa Italiana,Europe,ETF/Fund,yahoo_search,markets_ft,https://markets.ft.com/data/etfs/tearsheet/summary?s=VUKE:MIL:EUR,2026-07-24T09:38:08+00:00
VUKG.DE,IE00BFMXYP42,Vanguard FTSE 100 UCITS ETF   R,Germany/Xetra,Germany/Xetra,Europe,ETF/Fund,yahoo_search,markets_ft,https://markets.ft.com/data/etfs/tearsheet/summary?s=VUKG:GER:EUR,2026-07-24T09:38:08+00:00
VUKG.L,IE00BFMXYP42,VANGUARD FUNDS PLC VANGUARD FTS,London Stock Exchange,London Stock Exchange,Europe,ETF/Fund,yahoo_search,markets_ft,https://markets.ft.com/data/etfs/tearsheet/summary?s=VUKG:LSE:GBP,2026-07-12T09:19:59+00:00
VUSA.AS,IE00B3XXRP09,Vanguard S&P 500 UCITS ETF,Euronext Amsterdam,Euronext Amsterdam,Europe,ETF/Fund,yahoo_search,markets_ft,https://markets.ft.com/data/etfs/tearsheet/summary?s=VUSA:AEX:EUR,2026-07-24T09:38:08+00:00
VUSA.DE,IE00B3XXRP09,Vanguard S&P 500 UCITS ETF    R,Germany/Xetra,Germany/Xetra,Europe,ETF/Fund,yahoo_search,markets_ft,https://markets.ft.com/data/etfs/tearsheet/summary?s=VUSA:GER:EUR,2026-07-18T09:02:51+00:00
VUSA.L,IE00B3XXRP09,VANGUARD FUNDS PLC VANGUARD S&P,London Stock Exchange,London Stock Exchange,Europe,ETF/Fund,yahoo_search,markets_ft,https://markets.ft.com/data/etfs/tearsheet/summary?s=VUSA:LSE:GBP,2026-07-24T09:38:08+00:00
VUSA.MI,IE00B3XXRP09,VANGUARD S&P 500 UCITS ETF,Borsa Italiana,Borsa Italiana,Europe,ETF/Fund,yahoo_search,markets_ft,https://markets.ft.com/data/etfs/tearsheet/summary?s=VUSA:MIL:EUR,2026-07-20T10:22:34+00:00
VVSM.DE,IE00BMC38736,VanEck Semiconductor UC.ETF   R,Germany/Xetra,Germany/Xetra,Europe,ETF/Fund,yahoo_search,markets_ft,https://markets.ft.com/data/etfs/tearsheet/summary?s=VVSM:GER:EUR,2026-07-24T09:38:08+00:00
VWCE.AS,IE00BK5BQT80,Vanguard Ftse All-World Ucits E,Euronext Amsterdam,Euronext Amsterdam,Europe,ETF/Fund,yahoo_search,markets_ft,https://markets.ft.com/data/etfs/tearsheet/summary?s=VWCE:AEX:EUR,2026-07-23T09:40:38+00:00
VWCE.DE,IE00BK5BQT80,Vanguard FTSE All-World U.ETF R,Germany/Xetra,Germany/Xetra,Europe,ETF/Fund,yahoo_search,markets_ft,https://markets.ft.com/data/etfs/tearsheet/summary?s=VWCE:GER:EUR,2026-07-24T09:38:08+00:00
VWCE.MI,IE00BK5BQT80,Vanguard Ftse All-World Ucits E,Borsa Italiana,Borsa Italiana,Europe,ETF/Fund,yahoo_search,markets_ft,https://markets.ft.com/data/etfs/tearsheet/summary?s=VWCE:MIL:EUR,2026-07-24T09:38:08+00:00
VWCG.AS,IE00BK5BQX27,Vanguard FTSE Developed Europe ,Euronext Amsterdam,Euronext Amsterdam,Europe,ETF/Fund,yahoo_variant,markets_ft,https://markets.ft.com/data/etfs/tearsheet/summary?s=VWCG:AEX:EUR,2026-07-04T09:33:26+00:00
VWCG.DE,IE00BK5BQX27,Vanguard FTSE Dev.Europe U.ETFR,Germany/Xetra,Germany/Xetra,Europe,ETF/Fund,yahoo_search,markets_ft,https://markets.ft.com/data/etfs/tearsheet/summary?s=VWCG:GER:EUR,2026-07-23T09:40:38+00:00
VWCG.L,,VANGUARD FUNDS PLC VANGUARD FTS,London Stock Exchange,London Stock Exchange,Europe,ETF/Fund,yahoo_variant,,,2026-07-04T09:33:26+00:00
VWCG.MI,IE00BK5BQX27,VANGUARD FTSE DEVELOP EUROPE UC,Borsa Italiana,Borsa Italiana,Europe,ETF/Fund,yahoo_variant,markets_ft,https://markets.ft.com/data/etfs/tearsheet/summary?s=VWCG:MIL:EUR,2026-07-04T09:33:26+00:00
VWRA.L,,VANGUARD FUNDS PLC VANGUARD FTS,London Stock Exchange,London Stock Exchange,Europe,ETF/Fund,yahoo_search,,,2026-07-23T09:40:38+00:00
VWRD.L,,VANGUARD FUNDS PLC VANGUARD FTS,London Stock Exchange,London Stock Exchange,Europe,ETF/Fund,yahoo_search,,,2026-07-20T10:22:34+00:00
VWRL.AS,IE00B3RBWM25,Vanguard FTSE All-World UCITS E,Euronext Amsterdam,Euronext Amsterdam,Europe,ETF/Fund,yahoo_search,markets_ft,https://markets.ft.com/data/etfs/tearsheet/summary?s=VWRL:AEX:EUR,2026-07-24T09:38:08+00:00
VWRL.L,IE00B3RBWM25,VANGUARD FUNDS PLC VANGUARD FTS,London Stock Exchange,London Stock Exchange,Europe,ETF/Fund,yahoo_search,markets_ft,https://markets.ft.com/data/etfs/tearsheet/summary?s=VWRL:LSE:GBP,2026-07-24T09:38:08+00:00
VWRL.MI,IE00B3RBWM25,Vanguard FTSE All-World UCITS E,Borsa Italiana,Borsa Italiana,Europe,ETF/Fund,yahoo_search,markets_ft,https://markets.ft.com/data/etfs/tearsheet/summary?s=VWRL:MIL:EUR,2026-07-24T09:38:08+00:00
WCMS.AS,,iShares MSCI World Communicatio,Euronext Amsterdam,Euronext Amsterdam,Europe,ETF/Fund,yahoo_search,,,2026-07-24T09:38:08+00:00
WDESG.MI,IE000TG1LGI4,UBS MSCI World Selection UCITS ,Borsa Italiana,Borsa Italiana,Europe,ETF/Fund,yahoo_search,markets_ft,https://markets.ft.com/data/etfs/tearsheet/summary?s=WDESG:MIL:EUR,2026-07-06T11:45:45+00:00
WDESGE.MI,IE0009W21NT4,UBS MSCI World Selection UCITS ,Borsa Italiana,Borsa Italiana,Europe,ETF/Fund,yahoo_search,markets_ft,https://markets.ft.com/data/etfs/tearsheet/summary?s=WDESGE:MIL:EUR,2026-07-08T09:40:49+00:00
WENS.AS,,iShares MSCI World Energy Secto,Euronext Amsterdam,Euronext Amsterdam,Europe,ETF/Fund,yahoo_search,,,2026-07-24T09:38:08+00:00
WENS.L,IE00BJ5JP105,ISHARES V PUBLIC LIMITED COMPAN,London Stock Exchange,London Stock Exchange,Europe,ETF/Fund,yahoo_variant,markets_ft,https://markets.ft.com/data/etfs/tearsheet/summary?s=WENS:LSE:GBP,2026-07-01T17:52:52+00:00
WENT.L,,WISDOMTREE MULTI ASSET ISSUER P,London Stock Exchange,London Stock Exchange,Europe,ETF/Fund,yahoo_variant,,,2026-06-28T17:24:25+00:00
WENT.MI,XS2425848053,WISDOMTREE ENERGY TRANSITION ME,Borsa Italiana,Borsa Italiana,Europe,ETF/Fund,yahoo_search,markets_ft,https://markets.ft.com/data/etfs/tearsheet/summary?s=WENT:MIL:EUR,2026-07-24T09:38:08+00:00
WFIN.AS,IE00BYTRR970,State Street SPDR MSCI World Fi,Euronext Amsterdam,Euronext Amsterdam,Europe,ETF/Fund,yahoo_variant,markets_ft,https://markets.ft.com/data/etfs/tearsheet/summary?s=WFIN:AEX:EUR,2026-07-01T17:52:52+00:00
WFIN.L,,SSGA SPDR ETFS EUROPE II PLC SS,London Stock Exchange,London Stock Exchange,Europe,ETF/Fund,yahoo_search,,,2026-07-19T09:20:32+00:00
WFIN.MI,IE00BYTRR970,State Street SPDR MSCI World Fi,Borsa Italiana,Borsa Italiana,Europe,ETF/Fund,yahoo_variant,markets_ft,https://markets.ft.com/data/etfs/tearsheet/summary?s=WFIN:MIL:EUR,2026-07-01T17:52:52+00:00
WGDP.DE,IE000KCKFHE8,Am.ETF IC.-A.FT.AW GDP-WEI.ETFB,Germany/Xetra,Germany/Xetra,Europe,ETF/Fund,yahoo_search,markets_ft,https://markets.ft.com/data/etfs/tearsheet/summary?s=WGDP:GER:EUR,2026-07-24T09:38:08+00:00
WHEA.AS,IE00BYTRRB94,State Street SPDR MSCI World He,Euronext Amsterdam,Euronext Amsterdam,Europe,ETF/Fund,yahoo_search,markets_ft,https://markets.ft.com/data/etfs/tearsheet/summary?s=WHEA:AEX:EUR,2026-07-21T09:43:03+00:00
WHEA.L,,SSGA SPDR ETFS EUROPE II PLC SS,London Stock Exchange,London Stock Exchange,Europe,ETF/Fund,yahoo_variant,,,2026-07-09T10:34:17+00:00
WHEA.MI,IE00BYTRRB94,State Street SPDR MSCI World He,Borsa Italiana,Borsa Italiana,Europe,ETF/Fund,yahoo_variant,markets_ft,https://markets.ft.com/data/etfs/tearsheet/summary?s=WHEA:MIL:EUR,2026-07-09T10:34:17+00:00
WMGG.L,IE0000902GT6,WISDOMTREE ISSUER ICAV WISDOMTR,London Stock Exchange,London Stock Exchange,Europe,ETF/Fund,yahoo_search,markets_ft,https://markets.ft.com/data/etfs/tearsheet/summary?s=WMGG:LSE:GBX,2026-07-20T10:22:34+00:00
WMIB.MI,XS2427354985,WISDOMTREE FTSE MIB,Borsa Italiana,Borsa Italiana,Europe,ETF/Fund,yahoo_search,markets_ft,https://markets.ft.com/data/etfs/tearsheet/summary?s=WMIB:MIL:EUR,2026-07-24T09:38:08+00:00
WORLD.MI,,Franklin FTSE Developed World U,Borsa Italiana,Borsa Italiana,Europe,ETF/Fund,yahoo_search,,,2026-07-24T09:38:08+00:00
WS5X.MI,XS2427362145,WISDOMTREE EURO STOXX 50,Borsa Italiana,Borsa Italiana,Europe,ETF/Fund,yahoo_search,markets_ft,https://markets.ft.com/data/etfs/tearsheet/summary?s=WS5X:MIL:EUR,2026-07-24T09:38:08+00:00
WSPX.MI,XS2427355958,WISDOMTREE S&P 500,Borsa Italiana,Borsa Italiana,Europe,ETF/Fund,yahoo_search,markets_ft,https://markets.ft.com/data/etfs/tearsheet/summary?s=WSPX:MIL:EUR,2026-07-21T09:43:03+00:00
WSRIE.MI,IE00BK72HM96,UBS MSCI World Socially Respons,Borsa Italiana,Borsa Italiana,Europe,ETF/Fund,yahoo_search,markets_ft,https://markets.ft.com/data/etfs/tearsheet/summary?s=WSRIE:MIL:EUR,2026-07-09T10:34:17+00:00
WSRUS.MI,LU0950674332,UBS MSCI World Socially Respons,Borsa Italiana,Borsa Italiana,Europe,ETF/Fund,yahoo_search,markets_ft,https://markets.ft.com/data/etfs/tearsheet/summary?s=WSRUS:MIL:EUR,2026-07-24T09:38:08+00:00
WTAI.L,,WISDOMTREE ISSUER ICAV WISDOMTR,London Stock Exchange,London Stock Exchange,Europe,ETF/Fund,yahoo_search,,,2026-07-24T09:38:08+00:00
WTAI.MI,IE00BDVPNG13,WISDOMTREE ARTIF INTEL UCITS ET,Borsa Italiana,Borsa Italiana,Europe,ETF/Fund,yahoo_search,markets_ft,https://markets.ft.com/data/etfs/tearsheet/summary?s=WTAI:MIL:EUR,2026-07-24T09:38:08+00:00
WTEF.DE,IE000KF370H3,WisdomTree-US Efficient Core  R,Germany/Xetra,Germany/Xetra,Europe,ETF/Fund,yahoo_variant,markets_ft,https://markets.ft.com/data/etfs/tearsheet/summary?s=WTEF:GER:EUR,2026-07-01T17:52:52+00:00
WTEF.L,IE000KF370H3,WISDOMTREE ISSUER ICAV WISDOMTR,London Stock Exchange,London Stock Exchange,Europe,ETF/Fund,yahoo_search,markets_ft,https://markets.ft.com/data/etfs/tearsheet/summary?s=WTEF:LSE:GBX,2026-07-24T09:38:08+00:00
WTEL.AS,IE00BYTRRG40,State Street SPDR MSCI World Co,Euronext Amsterdam,Euronext Amsterdam,Europe,ETF/Fund,yahoo_search,markets_ft,https://markets.ft.com/data/etfs/tearsheet/summary?s=WTEL:AEX:EUR,2026-07-08T09:40:49+00:00
WTEL.L,,SSGA SPDR ETFS EUROPE II PLC SS,London Stock Exchange,London Stock Exchange,Europe,ETF/Fund,yahoo_search,,,2026-07-23T09:40:38+00:00
WTEL.MI,IE00BYTRRG40,State Street SPDR MSCI World Co,Borsa Italiana,Borsa Italiana,Europe,ETF/Fund,yahoo_variant,markets_ft,https://markets.ft.com/data/etfs/tearsheet/summary?s=WTEL:MIL:EUR,2026-07-06T11:45:45+00:00
WTI2.DE,IE00BDVPNG13,WisdomTree Artif.Intel..U.ETF R,Germany/Xetra,Germany/Xetra,Europe,ETF/Fund,yahoo_search,markets_ft,https://markets.ft.com/data/etfs/tearsheet/summary?s=WTI2:GER:EUR,2026-07-24T09:38:08+00:00
WTI2.L,,LEVERAGE SHARES PUBLIC LIMITED ,London Stock Exchange,London Stock Exchange,Europe,ETF/Fund,yahoo_variant,,,2026-06-28T17:24:25+00:00
WUTI.AS,IE00BYTRRH56,State Street SPDR MSCI World Ut,Euronext Amsterdam,Euronext Amsterdam,Europe,ETF/Fund,yahoo_search,markets_ft,https://markets.ft.com/data/etfs/tearsheet/summary?s=WUTI:AEX:EUR,2026-07-19T09:20:32+00:00
WUTI.L,,SSGA SPDR ETFS EUROPE II PLC SS,London Stock Exchange,London Stock Exchange,Europe,ETF/Fund,yahoo_variant,,,2026-06-28T17:24:25+00:00
WUTI.MI,IE00BYTRRH56,State Street SPDR MSCI World Ut,Borsa Italiana,Borsa Italiana,Europe,ETF/Fund,yahoo_variant,markets_ft,https://markets.ft.com/data/etfs/tearsheet/summary?s=WUTI:MIL:EUR,2026-07-01T17:52:52+00:00
WVAL.AS,,State Street SPDR MSCI World Va,Euronext Amsterdam,Euronext Amsterdam,Europe,ETF/Fund,yahoo_variant,,,2026-06-28T17:24:25+00:00
WVAL.L,,SSGA SPDR ETFS EUROPE II PLC SS,London Stock Exchange,London Stock Exchange,Europe,ETF/Fund,yahoo_search,,,2026-07-24T09:38:08+00:00
X7PP.L,IE00B5MTWD60,INVESCO MARKETS PLC INVESCO STO,London Stock Exchange,London Stock Exchange,Europe,ETF/Fund,yahoo_search,markets_ft,https://markets.ft.com/data/etfs/tearsheet/summary?s=X7PP:LSE:GBX,2026-07-13T10:37:01+00:00
X7PS.L,,INVESCO MARKETS PLC INVESCO STO,London Stock Exchange,London Stock Exchange,Europe,ETF/Fund,yahoo_search,,,2026-07-11T09:01:34+00:00
X7PS.MI,IE00B5MTWD60,INVESCO STX EUR 600 OPTIM BANK ,Borsa Italiana,Borsa Italiana,Europe,ETF/Fund,yahoo_search,markets_ft,https://markets.ft.com/data/etfs/tearsheet/summary?s=X7PS:MIL:EUR,2026-07-20T10:22:34+00:00
XAD5.MI,DE000A1E0HR8,XTRACKERS PHYSICAL GOLD ETC (EU,Borsa Italiana,Borsa Italiana,Europe,ETF/Fund,yahoo_search,markets_ft,https://markets.ft.com/data/etfs/tearsheet/summary?s=XAD5:MIL:EUR,2026-07-18T09:02:51+00:00
XAD6.MI,DE000A1E0HS6,XTRACKERS PHYSICAL SILVER ETC (,Borsa Italiana,Borsa Italiana,Europe,ETF/Fund,yahoo_search,markets_ft,https://markets.ft.com/data/etfs/tearsheet/summary?s=XAD6:MIL:EUR,2026-07-24T09:38:08+00:00
XAID.L,,XTRACKERS (IE) PUBLIC LIMITED C,London Stock Exchange,London Stock Exchange,Europe,ETF/Fund,yahoo_search,,,2026-07-05T09:48:51+00:00
XAIX.DE,IE00BGV5VN51,Xtr.(IE)-Art.Int.+Big Data ETFR,Germany/Xetra,Germany/Xetra,Europe,ETF/Fund,yahoo_search,markets_ft,https://markets.ft.com/data/etfs/tearsheet/summary?s=XAIX:GER:EUR,2026-07-24T09:38:08+00:00
XAIX.L,IE00BGV5VN51,XTRACKERS (IE) PUBLIC LIMITED C,London Stock Exchange,London Stock Exchange,Europe,ETF/Fund,yahoo_search,markets_ft,https://markets.ft.com/data/etfs/tearsheet/summary?s=XAIX:LSE:GBP,2026-07-24T09:38:08+00:00
XAIX.MI,IE00BGV5VN51,XTRACKERS ART INTEL & BIG DATA ,Borsa Italiana,Borsa Italiana,Europe,ETF/Fund,yahoo_search,markets_ft,https://markets.ft.com/data/etfs/tearsheet/summary?s=XAIX:MIL:EUR,2026-07-24T09:38:08+00:00
XAM0.DE,IE000Y77LGG9,Am.ETF-MSCI W.SRI Cl.Par.Alig.B,Germany/Xetra,Germany/Xetra,Europe,ETF/Fund,yahoo_search,markets_ft,https://markets.ft.com/data/etfs/tearsheet/summary?s=XAM0:GER:EUR,2026-07-24T09:38:08+00:00
XBHE.DE,IE000YMQ2SC9,L&G-Cor.Bd ex-Ban.Hig.Rat.0-2YR,Germany/Xetra,Germany/Xetra,Europe,ETF/Fund,yahoo_search,markets_ft,https://markets.ft.com/data/etfs/tearsheet/summary?s=XBHE:GER:EUR,2026-07-24T09:38:08+00:00
XBHE.MI,IE000YMQ2SC9,L&G Corporate Bond ex-Banks Hig,Borsa Italiana,Borsa Italiana,Europe,ETF/Fund,yahoo_variant,markets_ft,https://markets.ft.com/data/etfs/tearsheet/summary?s=XBHE:MIL:EUR,2026-07-01T17:52:52+00:00
XBRMIB.MI,FR0010446666,Amundi FTSE MIB Dly -2X Inv UCI,Borsa Italiana,Borsa Italiana,Europe,ETF/Fund,yahoo_search,markets_ft,https://markets.ft.com/data/etfs/tearsheet/summary?s=XBRMIB:MIL:EUR,2026-07-24T09:38:08+00:00
XCHA.DE,LU0779800910,Xtrackers CSI300 Swap         I,Germany/Xetra,Germany/Xetra,Europe,ETF/Fund,yahoo_search,markets_ft,https://markets.ft.com/data/etfs/tearsheet/summary?s=XCHA:GER:EUR,2026-07-24T09:38:08+00:00
XCHA.L,,XTRACKERS X CSI300 SWAP 1C,London Stock Exchange,London Stock Exchange,Europe,ETF/Fund,yahoo_variant,,,2026-07-22T09:41:52+00:00
XCHA.MI,LU0779800910,XTRACKERS CSI300 SWAP UCITS ETF,Borsa Italiana,Borsa Italiana,Europe,ETF/Fund,yahoo_variant,markets_ft,https://markets.ft.com/data/etfs/tearsheet/summary?s=XCHA:MIL:EUR,2026-07-22T09:41:52+00:00
XCNA.DE,LU2469465822,Xtr.MSCI China A Screened SwapA,Germany/Xetra,Germany/Xetra,Europe,ETF/Fund,yahoo_search,markets_ft,https://markets.ft.com/data/etfs/tearsheet/summary?s=XCNA:GER:EUR,2026-07-22T09:41:52+00:00
XCNA.L,,XTRACKERS X MSCI CHINA A ESG SC,London Stock Exchange,London Stock Exchange,Europe,ETF/Fund,yahoo_search,,,2026-07-24T09:38:08+00:00
XCNA.MI,LU2469465822,Xtrackers MSCI China A Screened,Borsa Italiana,Borsa Italiana,Europe,ETF/Fund,yahoo_variant,markets_ft,https://markets.ft.com/data/etfs/tearsheet/summary?s=XCNA:MIL:EUR,2026-07-09T10:34:17+00:00
XCS6.DE,LU0514695690,xtrackers MSCI China          I,Germany/Xetra,Germany/Xetra,Europe,ETF/Fund,yahoo_search,markets_ft,https://markets.ft.com/data/etfs/tearsheet/summary?s=XCS6:GER:EUR,2026-07-24T09:38:08+00:00
XCS6.L,,XTRACKERS X MSCI CHINA 1C $,London Stock Exchange,London Stock Exchange,Europe,ETF/Fund,yahoo_variant,,,2026-07-03T10:12:39+00:00
XCS6.MI,LU0514695690,XTRACKERS MSCI CHINA UCITS ETF,Borsa Italiana,Borsa Italiana,Europe,ETF/Fund,yahoo_variant,markets_ft,https://markets.ft.com/data/etfs/tearsheet/summary?s=XCS6:MIL:EUR,2026-07-03T10:12:39+00:00
XCS7.DE,LU2456436083,xtrackers MSCI China          A,Germany/Xetra,Germany/Xetra,Europe,ETF/Fund,yahoo_variant,markets_ft,https://markets.ft.com/data/etfs/tearsheet/summary?s=XCS7:GER:EUR,2026-07-09T10:34:17+00:00
XCS7.L,,XTRACKERS XTRACKERS MSCI CHINA ,London Stock Exchange,London Stock Exchange,Europe,ETF/Fund,yahoo_search,,,2026-07-23T09:40:38+00:00
XCS7.MI,LU2456436083,XTRACKERS MSCI CHINA UCITS ETF ,Borsa Italiana,Borsa Italiana,Europe,ETF/Fund,yahoo_search,markets_ft,https://markets.ft.com/data/etfs/tearsheet/summary?s=XCS7:MIL:EUR,2026-07-09T10:34:17+00:00
XCUU.L,IE000GYDNJS5,XTRACKERS (IE) PUBLIC LIMITED C,London Stock Exchange,London Stock Exchange,Europe,ETF/Fund,yahoo_search,markets_ft,https://markets.ft.com/data/etfs/tearsheet/summary?s=XCUU:LSE:GBP,2026-07-24T09:38:08+00:00
XCX6.L,LU0514695690,XTRACKERS X MSCI CHINA 1C,London Stock Exchange,London Stock Exchange,Europe,ETF/Fund,yahoo_search,markets_ft,https://markets.ft.com/data/etfs/tearsheet/summary?s=XCX6:LSE:GBX,2026-07-03T10:12:39+00:00
XD3E.L,LU0292095535,XTRACKERS X EURO STOXX QUALITY ,London Stock Exchange,London Stock Exchange,Europe,ETF/Fund,yahoo_search,markets_ft,https://markets.ft.com/data/etfs/tearsheet/summary?s=XD3E:LSE:GBX,2026-07-22T09:41:52+00:00
XD3E.MI,LU0292095535,XTRACKERS EUSTX QUALITY DIVID U,Borsa Italiana,Borsa Italiana,Europe,ETF/Fund,yahoo_variant,markets_ft,https://markets.ft.com/data/etfs/tearsheet/summary?s=XD3E:MIL:EUR,2026-07-01T17:52:52+00:00
XDAX.L,LU0274211480,XTRACKERS X DAX,London Stock Exchange,London Stock Exchange,Europe,ETF/Fund,yahoo_search,markets_ft,https://markets.ft.com/data/etfs/tearsheet/summary?s=XDAX:LSE:GBX,2026-07-01T17:52:52+00:00
XDAX.MI,LU0274211480,XTRACKERS DAX UCITS ETF,Borsa Italiana,Borsa Italiana,Europe,ETF/Fund,yahoo_variant,markets_ft,https://markets.ft.com/data/etfs/tearsheet/summary?s=XDAX:MIL:EUR,2026-07-01T17:52:52+00:00
XDDX.DE,LU0838782315,Xtrackers DAX ESG Screened UC I,Germany/Xetra,Germany/Xetra,Europe,ETF/Fund,yahoo_variant,markets_ft,https://markets.ft.com/data/etfs/tearsheet/summary?s=XDDX:GER:EUR,2026-07-01T17:52:52+00:00
XDDX.L,LU0838782315,XTRACKERS X DAX ESG SCREENED UC,London Stock Exchange,London Stock Exchange,Europe,ETF/Fund,yahoo_search,markets_ft,https://markets.ft.com/data/etfs/tearsheet/summary?s=XDDX:LSE:GBX,2026-07-24T09:38:08+00:00
XDEG.L,,XTRACKERS (IE) PUBLIC LIMITED C,London Stock Exchange,London Stock Exchange,Europe,ETF/Fund,yahoo_search,,,2026-07-24T09:38:08+00:00
XDER.L,LU0489337690,XTRACKERS X FTSE EUROPE REAL ES,London Stock Exchange,London Stock Exchange,Europe,ETF/Fund,yahoo_search,markets_ft,https://markets.ft.com/data/etfs/tearsheet/summary?s=XDER:LSE:GBX,2026-07-23T09:40:38+00:00
XDER.MI,LU0489337690,XTRACKERS FTSE DEV EU REAL EST ,Borsa Italiana,Borsa Italiana,Europe,ETF/Fund,yahoo_search,markets_ft,https://markets.ft.com/data/etfs/tearsheet/summary?s=XDER:MIL:EUR,2026-07-24T09:38:08+00:00
XDEW.DE,IE00BLNMYC90,Xtr.(IE)-S+P 500 Equal Weight R,Germany/Xetra,Germany/Xetra,Europe,ETF/Fund,yahoo_variant,markets_ft,https://markets.ft.com/data/etfs/tearsheet/summary?s=XDEW:GER:EUR,2026-07-12T09:19:59+00:00
XDEW.L,,XTRACKERS (IE) PUBLIC LIMITED C,London Stock Exchange,London Stock Exchange,Europe,ETF/Fund,yahoo_variant,,,2026-07-12T09:19:59+00:00
XDEW.MI,IE00BLNMYC90,XTRACKERS S&P 500 EQUAL WEIGHT ,Borsa Italiana,Borsa Italiana,Europe,ETF/Fund,yahoo_search,markets_ft,https://markets.ft.com/data/etfs/tearsheet/summary?s=XDEW:MIL:EUR,2026-07-18T09:02:51+00:00
XDEX.DE,IE00BM67HJ62,Xtr(IE)-MSCI Em.Mkts ex China R,Germany/Xetra,Germany/Xetra,Europe,ETF/Fund,yahoo_variant,markets_ft,https://markets.ft.com/data/etfs/tearsheet/summary?s=XDEX:GER:EUR,2026-07-14T09:20:05+00:00
XDEX.L,IE00BM67HJ62,XTRACKERS (IE) PUBLIC LIMITED C,London Stock Exchange,London Stock Exchange,Europe,ETF/Fund,yahoo_variant,markets_ft,https://markets.ft.com/data/etfs/tearsheet/summary?s=XDEX:LSE:GBX,2026-07-14T09:20:05+00:00
XDEX.MI,IE00BM67HJ62,Xtrackers MSCI Emerging Markets,Borsa Italiana,Borsa Italiana,Europe,ETF/Fund,yahoo_search,markets_ft,https://markets.ft.com/data/etfs/tearsheet/summary?s=XDEX:MIL:EUR,2026-07-18T09:02:51+00:00
XDPU.DE,IE000Z9SJA06,Xtr.(IE) - S+P 500            R,Germany/Xetra,Germany/Xetra,Europe,ETF/Fund,yahoo_search,markets_ft,https://markets.ft.com/data/etfs/tearsheet/summary?s=XDPU:GER:EUR,2026-07-24T09:38:08+00:00
XDPU.L,,XTRACKERS (IE) PUBLIC LIMITED C,London Stock Exchange,London Stock Exchange,Europe,ETF/Fund,yahoo_variant,,,2026-06-28T17:20:30+00:00
XDPU.MI,IE000Z9SJA06,XTRACKERS S&P500 UCITS ETF A,Borsa Italiana,Borsa Italiana,Europe,ETF/Fund,yahoo_search,markets_ft,https://markets.ft.com/data/etfs/tearsheet/summary?s=XDPU:MIL:EUR,2026-07-01T17:52:52+00:00
XDUK.DE,LU0838780707,Xtrackers FTSE 100            I,Germany/Xetra,Germany/Xetra,Europe,ETF/Fund,yahoo_search,markets_ft,https://markets.ft.com/data/etfs/tearsheet/summary?s=XDUK:GER:EUR,2026-07-18T09:02:51+00:00
XDUK.L,LU0838780707,XTRACKERS X FTSE 100,London Stock Exchange,London Stock Exchange,Europe,ETF/Fund,yahoo_search,markets_ft,https://markets.ft.com/data/etfs/tearsheet/summary?s=XDUK:LSE:GBX,2026-07-01T17:52:52+00:00
XDW0.DE,IE00BM67HM91,Xtr.(IE) - MSCI World Energy  R,Germany/Xetra,Germany/Xetra,Europe,ETF/Fund,yahoo_variant,markets_ft,https://markets.ft.com/data/etfs/tearsheet/summary?s=XDW0:GER:EUR,2026-07-01T17:52:52+00:00
XDW0.L,,XTRACKERS (IE) PUBLIC LIMITED C,London Stock Exchange,London Stock Exchange,Europe,ETF/Fund,yahoo_variant,,,2026-06-28T17:24:25+00:00
XDW0.MI,IE00BM67HM91,XTRACKERS MSCI WORLD ENERGY UCI,Borsa Italiana,Borsa Italiana,Europe,ETF/Fund,yahoo_search,markets_ft,https://markets.ft.com/data/etfs/tearsheet/summary?s=XDW0:MIL:EUR,2026-07-24T09:38:08+00:00
XDWD.DE,IE00BJ0KDQ92,Xtr.(IE) - MSCI World         R,Germany/Xetra,Germany/Xetra,Europe,ETF/Fund,yahoo_search,markets_ft,https://markets.ft.com/data/etfs/tearsheet/summary?s=XDWD:GER:EUR,2026-07-24T09:38:08+00:00
XDWD.L,,XTRACKERS (IE) PUBLIC LIMITED C,London Stock Exchange,London Stock Exchange,Europe,ETF/Fund,yahoo_variant,,,2026-07-01T17:52:52+00:00
XDWD.MI,IE00BJ0KDQ92,XTRACKERS MSCI WORLD UCITS ETF,Borsa Italiana,Borsa Italiana,Europe,ETF/Fund,yahoo_variant,markets_ft,https://markets.ft.com/data/etfs/tearsheet/summary?s=XDWD:MIL:EUR,2026-07-01T17:52:52+00:00
XDWH.DE,IE00BM67HK77,Xtr.(IE)-MSCI Wrld Health CareR,Germany/Xetra,Germany/Xetra,Europe,ETF/Fund,yahoo_search,markets_ft,https://markets.ft.com/data/etfs/tearsheet/summary?s=XDWH:GER:EUR,2026-07-24T09:38:08+00:00
XDWH.L,,XTRACKERS (IE) PUBLIC LIMITED C,London Stock Exchange,London Stock Exchange,Europe,ETF/Fund,yahoo_variant,,,2026-06-28T17:24:25+00:00
XDWH.MI,IE00BM67HK77,XTRACKERS MSCI WORLD HEAL CARE ,Borsa Italiana,Borsa Italiana,Europe,ETF/Fund,yahoo_variant,markets_ft,https://markets.ft.com/data/etfs/tearsheet/summary?s=XDWH:MIL:EUR,2026-07-01T17:52:52+00:00
XDWM.DE,IE00BM67HS53,Xtr.(IE)-MSCI World Materials R,Germany/Xetra,Germany/Xetra,Europe,ETF/Fund,yahoo_variant,markets_ft,https://markets.ft.com/data/etfs/tearsheet/summary?s=XDWM:GER:EUR,2026-07-01T17:52:52+00:00
XDWM.L,,XTRACKERS (IE) PUBLIC LIMITED C,London Stock Exchange,London Stock Exchange,Europe,ETF/Fund,yahoo_variant,,,2026-06-28T17:24:25+00:00
XDWM.MI,IE00BM67HS53,XTRACKERS MSCI WORLD MATERIALS ,Borsa Italiana,Borsa Italiana,Europe,ETF/Fund,yahoo_search,markets_ft,https://markets.ft.com/data/etfs/tearsheet/summary?s=XDWM:MIL:EUR,2026-07-13T10:37:01+00:00
XDWS.DE,IE00BM67HN09,Xtr.(IE)-MSCI Wrld Con.StaplesR,Germany/Xetra,Germany/Xetra,Europe,ETF/Fund,yahoo_variant,markets_ft,https://markets.ft.com/data/etfs/tearsheet/summary?s=XDWS:GER:EUR,2026-07-01T17:52:52+00:00
XDWS.L,,XTRACKERS (IE) PUBLIC LIMITED C,London Stock Exchange,London Stock Exchange,Europe,ETF/Fund,yahoo_variant,,,2026-06-28T17:20:30+00:00
XDWS.MI,IE00BM67HN09,XTRACKERS MSCI WORLD CONS STAP ,Borsa Italiana,Borsa Italiana,Europe,ETF/Fund,yahoo_search,markets_ft,https://markets.ft.com/data/etfs/tearsheet/summary?s=XDWS:MIL:EUR,2026-07-24T09:38:08+00:00
XDWT.DE,IE00BM67HT60,Xtr.(IE)-MSCI Wo.Inform.Techn.R,Germany/Xetra,Germany/Xetra,Europe,ETF/Fund,yahoo_variant,markets_ft,https://markets.ft.com/data/etfs/tearsheet/summary?s=XDWT:GER:EUR,2026-07-01T17:52:52+00:00
XDWT.L,,XTRACKERS (IE) PUBLIC LIMITED C,London Stock Exchange,London Stock Exchange,Europe,ETF/Fund,yahoo_variant,,,2026-07-01T17:52:52+00:00
XDWT.MI,IE00BM67HT60,XTRACKERS MSCI WORLD INFOR TEC ,Borsa Italiana,Borsa Italiana,Europe,ETF/Fund,yahoo_search,markets_ft,https://markets.ft.com/data/etfs/tearsheet/summary?s=XDWT:MIL:EUR,2026-07-24T09:38:08+00:00
XEMC.DE,,XtrIE)MSCI EM Clim.Trans.ETF  R,Germany/Xetra,Germany/Xetra,Europe,ETF/Fund,yahoo_search,,,2026-07-23T09:40:38+00:00
XEMC.L,,XTRACKERS (IE) PUBLIC LIMITED C,London Stock Exchange,London Stock Exchange,Europe,ETF/Fund,yahoo_variant,,,2026-07-10T10:31:39+00:00
XEMD.DE,IE000GWA2J58,Xtr.(IE)-MSCI Emerging MarketsR,Germany/Xetra,Germany/Xetra,Europe,ETF/Fund,yahoo_search,markets_ft,https://markets.ft.com/data/etfs/tearsheet/summary?s=XEMD:GER:EUR,2026-07-18T09:02:51+00:00
XEMD.L,,XTRACKERS (IE) PUBLIC LIMITED C,London Stock Exchange,London Stock Exchange,Europe,ETF/Fund,yahoo_search,,,2026-07-11T09:01:34+00:00
XEML.DE,LU2158769930,XtrackersII-JPM EM LGB UC.ETF A,Germany/Xetra,Germany/Xetra,Europe,ETF/Fund,yahoo_search,markets_ft,https://markets.ft.com/data/etfs/tearsheet/summary?s=XEML:GER:EUR,2026-07-18T09:02:51+00:00
XEML.L,,XTRACKERS II X JPM EM LOCAL GOV,London Stock Exchange,London Stock Exchange,Europe,ETF/Fund,yahoo_search,,,2026-07-09T10:34:17+00:00
XEML.MI,LU2158769930,Xtrackers JPM EM Local Gover UC,Borsa Italiana,Borsa Italiana,Europe,ETF/Fund,yahoo_variant,markets_ft,https://markets.ft.com/data/etfs/tearsheet/summary?s=XEML:MIL:EUR,2026-07-09T10:34:17+00:00
XESC.DE,LU0380865021,Xtrackers Euro Stoxx 50       I,Germany/Xetra,Germany/Xetra,Europe,ETF/Fund,yahoo_variant,markets_ft,https://markets.ft.com/data/etfs/tearsheet/summary?s=XESC:GER:EUR,2026-07-01T17:52:52+00:00
XESC.L,LU0380865021,XTRACKERS X EURO STOXX 50 1C,London Stock Exchange,London Stock Exchange,Europe,ETF/Fund,yahoo_search,markets_ft,https://markets.ft.com/data/etfs/tearsheet/summary?s=XESC:LSE:GBX,2026-07-04T09:33:26+00:00
XESC.MI,LU0380865021,XTRACKERS EURO STOXX 50 UCITS E,Borsa Italiana,Borsa Italiana,Europe,ETF/Fund,yahoo_variant,markets_ft,https://markets.ft.com/data/etfs/tearsheet/summary?s=XESC:MIL:EUR,2026-07-01T17:52:52+00:00
XESE.L,IE00BG370F43,XTRACKERS (IE) PUBLIC LIMITED C,London Stock Exchange,London Stock Exchange,Europe,ETF/Fund,yahoo_search,markets_ft,https://markets.ft.com/data/etfs/tearsheet/summary?s=XESE:LSE:GBP,2026-07-22T09:41:52+00:00
XESX.DE,LU0274211217,Xtrackers Euro Stoxx 50       I,Germany/Xetra,Germany/Xetra,Europe,ETF/Fund,yahoo_search,markets_ft,https://markets.ft.com/data/etfs/tearsheet/summary?s=XESX:GER:EUR,2026-07-01T17:52:52+00:00
XESX.L,LU0274211217,XTRACKERS X EURO STOXX 50 1D,London Stock Exchange,London Stock Exchange,Europe,ETF/Fund,yahoo_variant,markets_ft,https://markets.ft.com/data/etfs/tearsheet/summary?s=XESX:LSE:GBX,2026-07-01T17:52:52+00:00
XESX.MI,LU0274211217,XTRACKERS EURO STOXX 50 UCITS E,Borsa Italiana,Borsa Italiana,Europe,ETF/Fund,yahoo_variant,markets_ft,https://markets.ft.com/data/etfs/tearsheet/summary?s=XESX:MIL:EUR,2026-07-01T17:52:52+00:00
XLEP.L,IE00B435CG94,INVESCO MARKETS PLC INVESCO ENE,London Stock Exchange,London Stock Exchange,Europe,ETF/Fund,yahoo_search,markets_ft,https://markets.ft.com/data/etfs/tearsheet/summary?s=XLEP:LSE:GBX,2026-07-23T09:40:38+00:00
XLES.L,,INVESCO MARKETS PLC INVESCO ENE,London Stock Exchange,London Stock Exchange,Europe,ETF/Fund,yahoo_search,,,2026-07-24T09:38:08+00:00
XLES.MI,IE00B435CG94,INVESCO ENERGY S&P US SEL SECT ,Borsa Italiana,Borsa Italiana,Europe,ETF/Fund,yahoo_search,markets_ft,https://markets.ft.com/data/etfs/tearsheet/summary?s=XLES:MIL:EUR,2026-07-24T09:38:08+00:00
XLFQ.L,IE00B42Q4896,INVESCO MARKETS PLC INVESCO FIN,London Stock Exchange,London Stock Exchange,Europe,ETF/Fund,yahoo_search,markets_ft,https://markets.ft.com/data/etfs/tearsheet/summary?s=XLFQ:LSE:GBX,2026-07-24T09:38:08+00:00
XLFS.L,,INVESCO MARKETS PLC INVESCO FIN,London Stock Exchange,London Stock Exchange,Europe,ETF/Fund,yahoo_search,,,2026-07-24T09:38:08+00:00
XLFS.MI,IE00B42Q4896,INVESCO FINANCS S&P US SEL SEC ,Borsa Italiana,Borsa Italiana,Europe,ETF/Fund,yahoo_search,markets_ft,https://markets.ft.com/data/etfs/tearsheet/summary?s=XLFS:MIL:EUR,2026-07-24T09:38:08+00:00
XLKQ.L,IE00B3VSSL01,INVESCO MARKETS PLC INVESCO TEC,London Stock Exchange,London Stock Exchange,Europe,ETF/Fund,yahoo_search,markets_ft,https://markets.ft.com/data/etfs/tearsheet/summary?s=XLKQ:LSE:GBX,2026-07-22T09:41:52+00:00
XLKS.L,,INVESCO MARKETS PLC INVESCO TEC,London Stock Exchange,London Stock Exchange,Europe,ETF/Fund,yahoo_search,,,2026-07-21T09:43:03+00:00
XLKS.MI,IE00B3VSSL01,INVESCO TECHNO S&P US SEL SEC U,Borsa Italiana,Borsa Italiana,Europe,ETF/Fund,yahoo_search,markets_ft,https://markets.ft.com/data/etfs/tearsheet/summary?s=XLKS:MIL:EUR,2026-07-24T09:38:08+00:00
XLUP.L,IE00B3VPKB53,INVESCO MARKETS PLC INVESCO UTI,London Stock Exchange,London Stock Exchange,Europe,ETF/Fund,yahoo_search,markets_ft,https://markets.ft.com/data/etfs/tearsheet/summary?s=XLUP:LSE:GBX,2026-07-24T09:38:08+00:00
XLUS.L,,INVESCO MARKETS PLC INVESCO UTI,London Stock Exchange,London Stock Exchange,Europe,ETF/Fund,yahoo_search,,,2026-07-24T09:38:08+00:00
XLUS.MI,IE00B3VPKB53,INVESCO UTIL S&P US SEL SEC UCI,Borsa Italiana,Borsa Italiana,Europe,ETF/Fund,yahoo_search,markets_ft,https://markets.ft.com/data/etfs/tearsheet/summary?s=XLUS:MIL:EUR,2026-07-24T09:38:08+00:00
XMCM.DE,LU2675291913,Xtrackers MSCI Emerg.Mkts SwapA,Germany/Xetra,Germany/Xetra,Europe,ETF/Fund,yahoo_search,markets_ft,https://markets.ft.com/data/etfs/tearsheet/summary?s=XMCM:GER:EUR,2026-07-19T09:20:32+00:00
XMCM.L,,XTRACKERS XTRACKERS MSCI EM SWA,London Stock Exchange,London Stock Exchange,Europe,ETF/Fund,yahoo_search,,,2026-07-24T09:38:08+00:00
XMED.L,,XTRACKERS X MSCI EUROPE 1C,London Stock Exchange,London Stock Exchange,Europe,ETF/Fund,yahoo_search,,,2026-07-18T09:02:51+00:00
XMEM.DE,LU0292107645,Xtrackers MSCI Emerg.Mkts SwapI,Germany/Xetra,Germany/Xetra,Europe,ETF/Fund,yahoo_variant,markets_ft,https://markets.ft.com/data/etfs/tearsheet/summary?s=XMEM:GER:EUR,2026-07-06T11:45:45+00:00
XMEM.L,LU0292107645,XTRACKERS X MSCI EMERGING MARKE,London Stock Exchange,London Stock Exchange,Europe,ETF/Fund,yahoo_search,markets_ft,https://markets.ft.com/data/etfs/tearsheet/summary?s=XMEM:LSE:GBX,2026-07-16T09:32:41+00:00
XMEM.MI,LU0292107645,XTRACKERS MSCI EMERG MKTS SWAP ,Borsa Italiana,Borsa Italiana,Europe,ETF/Fund,yahoo_search,markets_ft,https://markets.ft.com/data/etfs/tearsheet/summary?s=XMEM:MIL:EUR,2026-07-24T09:38:08+00:00
XMIB.MI,LU0274212538,XTRACKERS FTSE MIB UCITS ETF,Borsa Italiana,Borsa Italiana,Europe,ETF/Fund,yahoo_search,markets_ft,https://markets.ft.com/data/etfs/tearsheet/summary?s=XMIB:MIL:EUR,2026-07-24T09:38:08+00:00
XMJD.L,,XTRACKERS X MSCI JAPAN,London Stock Exchange,London Stock Exchange,Europe,ETF/Fund,yahoo_search,,,2026-07-24T09:38:08+00:00
XMJP.L,LU0274209740,XTRACKERS X MSCI JAPAN,London Stock Exchange,London Stock Exchange,Europe,ETF/Fund,yahoo_search,markets_ft,https://markets.ft.com/data/etfs/tearsheet/summary?s=XMJP:LSE:GBX,2026-07-24T09:38:08+00:00
XMJP.MI,LU0274209740,XTRACKERS MSCI JAPAN UCITS ETF ,Borsa Italiana,Borsa Italiana,Europe,ETF/Fund,yahoo_variant,markets_ft,https://markets.ft.com/data/etfs/tearsheet/summary?s=XMJP:MIL:EUR,2026-07-01T17:52:52+00:00
XMLD.DE,IE00BK5BCD43,L&G-L&G Art.Intell.UCITS ETF  R,Germany/Xetra,Germany/Xetra,Europe,ETF/Fund,yahoo_search,markets_ft,https://markets.ft.com/data/etfs/tearsheet/summary?s=XMLD:GER:EUR,2026-07-24T09:38:08+00:00
XMLD.L,,XTRACKERS XMLD X MSCI EM LATAM ,London Stock Exchange,London Stock Exchange,Europe,ETF/Fund,yahoo_variant,,,2026-06-28T17:24:25+00:00
XMLH.DE,IE00BK5BC677,L&G Health.Tech.& Innov.U.ETF R,Germany/Xetra,Germany/Xetra,Europe,ETF/Fund,yahoo_search,markets_ft,https://markets.ft.com/data/etfs/tearsheet/summary?s=XMLH:GER:EUR,2026-07-24T09:38:08+00:00
XMMD.L,,XTRACKERS X MSCI EMERGING MARKE,London Stock Exchange,London Stock Exchange,Europe,ETF/Fund,yahoo_search,,,2026-07-23T09:40:38+00:00
XMME.DE,IE00BTJRMP35,Xtr.(IE)-MSCI Emerging MarketsR,Germany/Xetra,Germany/Xetra,Europe,ETF/Fund,yahoo_search,markets_ft,https://markets.ft.com/data/etfs/tearsheet/summary?s=XMME:GER:EUR,2026-07-22T09:41:52+00:00
XMME.L,,XTRACKERS (IE) PUBLIC LIMITED C,London Stock Exchange,London Stock Exchange,Europe,ETF/Fund,yahoo_search,,,2026-07-19T09:20:32+00:00
XMME.MI,IE00BTJRMP35,XTRACKERS MSCI EMERG MARKETS UC,Borsa Italiana,Borsa Italiana,Europe,ETF/Fund,yahoo_search,markets_ft,https://markets.ft.com/data/etfs/tearsheet/summary?s=XMME:MIL:EUR,2026-07-01T17:52:52+00:00
XMMS.L,IE00BTJRMP35,XTRACKERS (IE) PUBLIC LIMITED C,London Stock Exchange,London Stock Exchange,Europe,ETF/Fund,yahoo_search,markets_ft,https://markets.ft.com/data/etfs/tearsheet/summary?s=XMMS:LSE:GBX,2026-07-11T09:01:34+00:00
XMWX.L,IE0006WW1TQ4,XTRACKERS (IE) PUBLIC LIMITED C,London Stock Exchange,London Stock Exchange,Europe,ETF/Fund,yahoo_search,markets_ft,https://markets.ft.com/data/etfs/tearsheet/summary?s=XMWX:LSE:GBP,2026-07-23T09:40:38+00:00
XNAQ.L,IE00BMFKG444,XTRACKERS (IE) PUBLIC LIMITED C,London Stock Exchange,London Stock Exchange,Europe,ETF/Fund,yahoo_search,markets_ft,https://markets.ft.com/data/etfs/tearsheet/summary?s=XNAQ:LSE:GBP,2026-07-24T09:38:08+00:00
XNAS.DE,IE00BMFKG444,Xtr.IE)Xtr.NASDAQ 100 ETF     R,Germany/Xetra,Germany/Xetra,Europe,ETF/Fund,yahoo_search,markets_ft,https://markets.ft.com/data/etfs/tearsheet/summary?s=XNAS:GER:EUR,2026-07-24T09:38:08+00:00
XNAS.L,,XTRACKERS (IE) PUBLIC LIMITED C,London Stock Exchange,London Stock Exchange,Europe,ETF/Fund,yahoo_search,,,2026-07-24T09:38:08+00:00
XNAS.MI,IE00BMFKG444,XTRACKERS NASDAQ 100 UCITS ETF,Borsa Italiana,Borsa Italiana,Europe,ETF/Fund,yahoo_search,markets_ft,https://markets.ft.com/data/etfs/tearsheet/summary?s=XNAS:MIL:EUR,2026-07-24T09:38:08+00:00
XREA.DE,IE00BP8FKB21,Xtr.(IE)-FTSE D.Eur.xUK R.Est.R,Germany/Xetra,Germany/Xetra,Europe,ETF/Fund,yahoo_search,markets_ft,https://markets.ft.com/data/etfs/tearsheet/summary?s=XREA:GER:EUR,2026-07-24T09:38:08+00:00
XRMU.L,,XTRACKERS (IE) PUBLIC LIMITED C,London Stock Exchange,London Stock Exchange,Europe,ETF/Fund,yahoo_search,,,2026-07-14T09:20:05+00:00
XS2D.L,,XTRACKERS X S&P 500 2X LEVERAGE,London Stock Exchange,London Stock Exchange,Europe,ETF/Fund,yahoo_search,,,2026-07-05T09:48:51+00:00
XS5E.DE,LU2196472984,Xtrackers S&P 500 Swap        A,Germany/Xetra,Germany/Xetra,Europe,ETF/Fund,yahoo_search,markets_ft,https://markets.ft.com/data/etfs/tearsheet/summary?s=XS5E:GER:EUR,2026-07-23T09:40:38+00:00
XS5E.MI,LU2196472984,XTRACKERS S&P 500 SWAP UCITS ET,Borsa Italiana,Borsa Italiana,Europe,ETF/Fund,yahoo_search,markets_ft,https://markets.ft.com/data/etfs/tearsheet/summary?s=XS5E:MIL:EUR,2026-07-19T09:20:32+00:00
XS6R.DE,LU0292104899,Xtr.MSCI Europe Utilities U.E.I,Germany/Xetra,Germany/Xetra,Europe,ETF/Fund,yahoo_search,markets_ft,https://markets.ft.com/data/etfs/tearsheet/summary?s=XS6R:GER:EUR,2026-07-19T09:20:32+00:00
XS6R.L,LU0292104899,XTRACKERS X MSCI EU UTILITIES E,London Stock Exchange,London Stock Exchange,Europe,ETF/Fund,yahoo_variant,markets_ft,https://markets.ft.com/data/etfs/tearsheet/summary?s=XS6R:LSE:GBX,2026-07-01T17:52:52+00:00
XSPR.L,LU0292100806,XTRACKERS X MSCI EU MATERIALS E,London Stock Exchange,London Stock Exchange,Europe,ETF/Fund,yahoo_search,markets_ft,https://markets.ft.com/data/etfs/tearsheet/summary?s=XSPR:LSE:GBX,2026-07-24T09:38:08+00:00
XSPS.L,LU0322251520,XTRACKERS X S&P500 INVERSE DAIL,London Stock Exchange,London Stock Exchange,Europe,ETF/Fund,yahoo_search,markets_ft,https://markets.ft.com/data/etfs/tearsheet/summary?s=XSPS:LSE:GBX,2026-07-19T09:20:32+00:00
XSPS.MI,LU0322251520,XTRACKERS S&P500 INV DAY SWAP U,Borsa Italiana,Borsa Italiana,Europe,ETF/Fund,yahoo_search,markets_ft,https://markets.ft.com/data/etfs/tearsheet/summary?s=XSPS:MIL:EUR,2026-07-24T09:38:08+00:00
XSSX.L,LU0292106753,XTRACKERS X EURO STOXX 50 SHORT,London Stock Exchange,London Stock Exchange,Europe,ETF/Fund,yahoo_search,markets_ft,https://markets.ft.com/data/etfs/tearsheet/summary?s=XSSX:LSE:GBX,2026-07-24T09:38:08+00:00
XSSX.MI,LU0292106753,XTRACK EUSTX 50 SHT DAILY SWAP ,Borsa Italiana,Borsa Italiana,Europe,ETF/Fund,yahoo_search,markets_ft,https://markets.ft.com/data/etfs/tearsheet/summary?s=XSSX:MIL:EUR,2026-07-06T11:45:45+00:00
XSX6.DE,LU0328475792,Xtrackers Stoxx Europe 600    I,Germany/Xetra,Germany/Xetra,Europe,ETF/Fund,yahoo_search,markets_ft,https://markets.ft.com/data/etfs/tearsheet/summary?s=XSX6:GER:EUR,2026-07-01T17:52:52+00:00
XSX6.L,LU0328475792,XTRACKERS X STOXX EUROPE 600,London Stock Exchange,London Stock Exchange,Europe,ETF/Fund,yahoo_search,markets_ft,https://markets.ft.com/data/etfs/tearsheet/summary?s=XSX6:LSE:GBX,2026-07-13T10:37:01+00:00
XSX6.MI,LU0328475792,XTRACKERS STOXX EUROPE 600 UCIT,Borsa Italiana,Borsa Italiana,Europe,ETF/Fund,yahoo_variant,markets_ft,https://markets.ft.com/data/etfs/tearsheet/summary?s=XSX6:MIL:EUR,2026-07-01T17:52:52+00:00
XSX7.DE,LU2581375156,Xtrackers Stoxx Europe 600    A,Germany/Xetra,Germany/Xetra,Europe,ETF/Fund,yahoo_search,markets_ft,https://markets.ft.com/data/etfs/tearsheet/summary?s=XSX7:GER:EUR,2026-07-24T09:38:08+00:00
XSXE.DE,LU1772333404,Xtrackers Stoxx Europe 600    I,Germany/Xetra,Germany/Xetra,Europe,ETF/Fund,yahoo_search,markets_ft,https://markets.ft.com/data/etfs/tearsheet/summary?s=XSXE:GER:EUR,2026-07-23T09:40:38+00:00
XUCM.DE,IE00BNC1G707,Xtr.IE-Xtr.MS.US Com.Serv.ETF R,Germany/Xetra,Germany/Xetra,Europe,ETF/Fund,yahoo_search,markets_ft,https://markets.ft.com/data/etfs/tearsheet/summary?s=XUCM:GER:EUR,2026-07-24T09:38:08+00:00
XUCM.L,,XTRACKERS (IE) PUBLIC LIMITED C,London Stock Exchange,London Stock Exchange,Europe,ETF/Fund,yahoo_variant,,,2026-06-28T17:24:25+00:00
XUKS.DE,LU0328473581,Xtr.FTSE 100 Short Daily Swap I,Germany/Xetra,Germany/Xetra,Europe,ETF/Fund,yahoo_search,markets_ft,https://markets.ft.com/data/etfs/tearsheet/summary?s=XUKS:GER:EUR,2026-07-24T09:38:08+00:00
XUKS.L,LU0328473581,XTRACKERS X FTSE100 SHORT DAILY,London Stock Exchange,London Stock Exchange,Europe,ETF/Fund,yahoo_search,markets_ft,https://markets.ft.com/data/etfs/tearsheet/summary?s=XUKS:LSE:GBX,2026-07-01T17:52:52+00:00
XUKX.DE,LU0292097234,Xtrackers FTSE 100 Income     I,Germany/Xetra,Germany/Xetra,Europe,ETF/Fund,yahoo_search,markets_ft,https://markets.ft.com/data/etfs/tearsheet/summary?s=XUKX:GER:EUR,2026-07-24T09:38:08+00:00
XUKX.L,LU0292097234,XTRACKERS X FTSE 100 INCOME,London Stock Exchange,London Stock Exchange,Europe,ETF/Fund,yahoo_search,markets_ft,https://markets.ft.com/data/etfs/tearsheet/summary?s=XUKX:LSE:GBX,2026-07-10T10:31:39+00:00
XWBS.L,IE0008YN0OY8,XTRACKERS (IE) PUBLIC LIMITED C,London Stock Exchange,London Stock Exchange,Europe,ETF/Fund,yahoo_search,markets_ft,https://markets.ft.com/data/etfs/tearsheet/summary?s=XWBS:LSE:GBP,2026-07-24T09:38:08+00:00
XWCS.L,IE00BM67HN09,XTRACKERS (IE) PUBLIC LIMITED C,London Stock Exchange,London Stock Exchange,Europe,ETF/Fund,yahoo_search,markets_ft,https://markets.ft.com/data/etfs/tearsheet/summary?s=XWCS:LSE:GBP,2026-07-24T09:38:08+00:00
XWEM.DE,IE000TL3PL69,Xtr-MSCI Wld Mo.ESG ETF       R,Germany/Xetra,Germany/Xetra,Europe,ETF/Fund,yahoo_variant,markets_ft,https://markets.ft.com/data/etfs/tearsheet/summary?s=XWEM:GER:EUR,2026-07-06T11:45:45+00:00
XWEM.L,,XTRACKERS (IE) PUBLIC LIMITED C,London Stock Exchange,London Stock Exchange,Europe,ETF/Fund,yahoo_search,,,2026-07-22T09:41:52+00:00
XWMS.L,IE000TL3PL69,XTRACKERS (IE) PUBLIC LIMITED C,London Stock Exchange,London Stock Exchange,Europe,ETF/Fund,yahoo_search,markets_ft,https://markets.ft.com/data/etfs/tearsheet/summary?s=XWMS:LSE:GBP,2026-07-15T09:25:14+00:00
XX25.L,LU0292109856,XTRACKERS XTRACKERS MSCI CHINA ,London Stock Exchange,London Stock Exchange,Europe,ETF/Fund,yahoo_variant,markets_ft,https://markets.ft.com/data/etfs/tearsheet/summary?s=XX25:LSE:GBX,2026-07-01T17:52:52+00:00
XX25.MI,LU0292109856,Xtrackers MSCI China A UCITS ET,Borsa Italiana,Borsa Italiana,Europe,ETF/Fund,yahoo_search,markets_ft,https://markets.ft.com/data/etfs/tearsheet/summary?s=XX25:MIL:EUR,2026-07-24T09:38:08+00:00
XX2D.L,,XTRACKERS XTRACKERS MSCI CHINA ,London Stock Exchange,London Stock Exchange,Europe,ETF/Fund,yahoo_search,,,2026-07-21T09:43:03+00:00
XXSC.DE,LU0322253906,Xtr.MSCI Europe Small Cap     I,Germany/Xetra,Germany/Xetra,Europe,ETF/Fund,yahoo_search,markets_ft,https://markets.ft.com/data/etfs/tearsheet/summary?s=XXSC:GER:EUR,2026-07-24T09:38:08+00:00
XXSC.L,LU0322253906,XTRACKERS X MSCI EUROPE SMALL C,London Stock Exchange,London Stock Exchange,Europe,ETF/Fund,yahoo_variant,markets_ft,https://markets.ft.com/data/etfs/tearsheet/summary?s=XXSC:LSE:GBX,2026-07-01T17:52:52+00:00
XXSC.MI,LU0322253906,XTRACKERS MSCI EU SMALLCAP UCIT,Borsa Italiana,Borsa Italiana,Europe,ETF/Fund,yahoo_variant,markets_ft,https://markets.ft.com/data/etfs/tearsheet/summary?s=XXSC:MIL:EUR,2026-07-01T17:52:52+00:00
XY7D.DE,IE0002L5QB31,Glbl X-S&P500 COVERED CALL ETFR,Germany/Xetra,Germany/Xetra,Europe,ETF/Fund,yahoo_search,markets_ft,https://markets.ft.com/data/etfs/tearsheet/summary?s=XY7D:GER:EUR,2026-07-19T09:20:32+00:00
XZDE.DE,IE000WQ16XQ4,Xtr.IE-MSCI Eur.Hgh Di.Yld ESGR,Germany/Xetra,Germany/Xetra,Europe,ETF/Fund,yahoo_search,markets_ft,https://markets.ft.com/data/etfs/tearsheet/summary?s=XZDE:GER:EUR,2026-07-24T09:38:08+00:00
XZEM.DE,IE00BG370F43,Xtr.(IE)-MSCI Em.Mkts ESG U.E.R,Germany/Xetra,Germany/Xetra,Europe,ETF/Fund,yahoo_search,markets_ft,https://markets.ft.com/data/etfs/tearsheet/summary?s=XZEM:GER:EUR,2026-07-24T09:38:08+00:00
XZEM.L,,XTRACKERS (IE) PUBLIC LIMITED C,London Stock Exchange,London Stock Exchange,Europe,ETF/Fund,yahoo_search,,,2026-07-11T09:01:34+00:00
XZEM.MI,IE00BG370F43,XTRACKERS MSCI EMERGING ESG UCI,Borsa Italiana,Borsa Italiana,Europe,ETF/Fund,yahoo_search,markets_ft,https://markets.ft.com/data/etfs/tearsheet/summary?s=XZEM:MIL:EUR,2026-07-20T10:22:34+00:00
XZMU.DE,IE00BFMNPS42,Xtr.(IE)-MSCI USA ESG UCI.ETF R,Germany/Xetra,Germany/Xetra,Europe,ETF/Fund,yahoo_variant,markets_ft,https://markets.ft.com/data/etfs/tearsheet/summary?s=XZMU:GER:EUR,2026-07-01T17:52:52+00:00
XZMU.L,,XTRACKERS (IE) PUBLIC LIMITED C,London Stock Exchange,London Stock Exchange,Europe,ETF/Fund,yahoo_search,,,2026-07-24T09:38:08+00:00
XZMU.MI,IE00BFMNPS42,XTRACKERS MSCI USA ESG UCITS ET,Borsa Italiana,Borsa Italiana,Europe,ETF/Fund,yahoo_variant,markets_ft,https://markets.ft.com/data/etfs/tearsheet/summary?s=XZMU:MIL:EUR,2026-07-01T17:52:52+00:00
XZSP.DE,IE0007ULOZS8,Xtr.IE)Xtr.S&P500 Sc.&Scr.UETFR,Germany/Xetra,Germany/Xetra,Europe,ETF/Fund,yahoo_search,markets_ft,https://markets.ft.com/data/etfs/tearsheet/summary?s=XZSP:GER:EUR,2026-07-17T09:24:27+00:00
XZSP.L,,"XZSP.L,0P0001Q6CW,0",London Stock Exchange,London Stock Exchange,Europe,ETF/Fund,yahoo_variant,,,2026-06-28T17:24:25+00:00
XZSP.MI,IE0007ULOZS8,Xtrackers S&P 500 Scored & Scre,Borsa Italiana,Borsa Italiana,Europe,ETF/Fund,yahoo_search,markets_ft,https://markets.ft.com/data/etfs/tearsheet/summary?s=XZSP:MIL:EUR,2026-07-20T10:22:34+00:00
XZSS.L,IE0007ULOZS8,XTRACKERS (IE) PUBLIC LIMITED C,London Stock Exchange,London Stock Exchange,Europe,ETF/Fund,yahoo_search,markets_ft,https://markets.ft.com/data/etfs/tearsheet/summary?s=XZSS:LSE:GBP,2026-07-21T09:43:03+00:00
ZPDJ.DE,IE00BZ0G8B96,SPDR MSCI Japan UCITS ETF     R,Germany/Xetra,Germany/Xetra,Europe,ETF/Fund,yahoo_search,markets_ft,https://markets.ft.com/data/etfs/tearsheet/summary?s=ZPDJ:GER:EUR,2026-07-24T09:38:08+00:00
ZPDW.DE,IE00BZ0G8C04,SPDR MSCI Japan UCITS ETF     R,Germany/Xetra,Germany/Xetra,Europe,ETF/Fund,yahoo_search,markets_ft,https://markets.ft.com/data/etfs/tearsheet/summary?s=ZPDW:GER:EUR,2026-07-24T09:38:08+00:00
ZPDX.DE,IE00BK5H8015,SSSEE2-St.S.E 600SRI U.ETF    R,Germany/Xetra,Germany/Xetra,Europe,ETF/Fund,yahoo_search,markets_ft,https://markets.ft.com/data/etfs/tearsheet/summary?s=ZPDX:GER:EUR,2026-07-24T09:38:08+00:00
ZPRU.DE,IE00BSPLC520,St.Str.SPDR MSCI USA Val.UETF R,Germany/Xetra,Germany/Xetra,Europe,ETF/Fund,yahoo_search,markets_ft,https://markets.ft.com/data/etfs/tearsheet/summary?s=ZPRU:GER:EUR,2026-07-24T09:38:08+00:00
ZPRV.DE,IE00BSPLC413,SS SPDR MSCI USA SC.Val.W.UETFR,Germany/Xetra,Germany/Xetra,Europe,ETF/Fund,yahoo_search,markets_ft,https://markets.ft.com/data/etfs/tearsheet/summary?s=ZPRV:GER:EUR,2026-07-19T09:20:32+00:00
ZPRX.DE,IE00BSPLC298,SS SPDR MSCI Eur.SC Val.W.UETFR,Germany/Xetra,Germany/Xetra,Europe,ETF/Fund,yahoo_search,markets_ft,https://markets.ft.com/data/etfs/tearsheet/summary?s=ZPRX:GER:EUR,2026-07-19T09:20:32+00:00
ZSG0.DE,,HANetf-Gold Miners Screened   R,Germany/Xetra,Germany/Xetra,Europe,ETF/Fund,yahoo_search,,,2026-07-24T09:38:08+00:00
